-- MySQL dump 10.13  Distrib 5.7.17, for Win64 (x86_64)
--
-- Host: 127.0.0.1    Database: itstore
-- ------------------------------------------------------
-- Server version	5.7.19-0ubuntu0.16.04.1

/*!40101 SET @OLD_CHARACTER_SET_CLIENT=@@CHARACTER_SET_CLIENT */;
/*!40101 SET @OLD_CHARACTER_SET_RESULTS=@@CHARACTER_SET_RESULTS */;
/*!40101 SET @OLD_COLLATION_CONNECTION=@@COLLATION_CONNECTION */;
/*!40101 SET NAMES utf8 */;
/*!40103 SET @OLD_TIME_ZONE=@@TIME_ZONE */;
/*!40103 SET TIME_ZONE='+00:00' */;
/*!40014 SET @OLD_UNIQUE_CHECKS=@@UNIQUE_CHECKS, UNIQUE_CHECKS=0 */;
/*!40014 SET @OLD_FOREIGN_KEY_CHECKS=@@FOREIGN_KEY_CHECKS, FOREIGN_KEY_CHECKS=0 */;
/*!40101 SET @OLD_SQL_MODE=@@SQL_MODE, SQL_MODE='NO_AUTO_VALUE_ON_ZERO' */;
/*!40111 SET @OLD_SQL_NOTES=@@SQL_NOTES, SQL_NOTES=0 */;

--
-- Table structure for table `allocations`
--

DROP TABLE IF EXISTS `allocations`;
/*!40101 SET @saved_cs_client     = @@character_set_client */;
/*!40101 SET character_set_client = utf8 */;
CREATE TABLE `allocations` (
  `id` int(10) unsigned NOT NULL AUTO_INCREMENT,
  `user_id` int(10) unsigned NOT NULL,
  `inventory_id` int(10) unsigned NOT NULL,
  `added_by` int(10) unsigned NOT NULL,
  `created_at` timestamp NULL DEFAULT NULL,
  `updated_at` timestamp NULL DEFAULT NULL,
  PRIMARY KEY (`id`),
  UNIQUE KEY `allocations_inventory_id_unique` (`inventory_id`),
  KEY `allocations_user_id_foreign` (`user_id`),
  KEY `allocations_added_by_foreign` (`added_by`),
  CONSTRAINT `allocations_added_by_foreign` FOREIGN KEY (`added_by`) REFERENCES `users` (`id`),
  CONSTRAINT `allocations_inventory_id_foreign` FOREIGN KEY (`inventory_id`) REFERENCES `inventories` (`id`),
  CONSTRAINT `allocations_user_id_foreign` FOREIGN KEY (`user_id`) REFERENCES `users` (`id`)
) ENGINE=InnoDB AUTO_INCREMENT=665 DEFAULT CHARSET=utf8mb4 COLLATE=utf8mb4_unicode_ci;
/*!40101 SET character_set_client = @saved_cs_client */;

--
-- Dumping data for table `allocations`
--

LOCK TABLES `allocations` WRITE;
/*!40000 ALTER TABLE `allocations` DISABLE KEYS */;
INSERT INTO `allocations` VALUES (654,56986,1,57484,'2017-12-18 13:33:21','2017-12-18 13:33:21'),(658,56986,2,57484,'2017-12-19 09:10:42','2017-12-19 09:10:42'),(659,57532,5,57484,'2017-12-19 09:22:26','2017-12-19 09:22:26'),(660,57492,4,57484,'2017-12-19 09:22:56','2017-12-19 09:22:56'),(661,57349,7,57484,'2017-12-19 11:09:36','2017-12-19 11:09:36'),(662,57505,8,57484,'2017-12-19 11:15:57','2017-12-19 11:15:57'),(663,57644,9,57484,'2018-01-10 16:40:02','2018-01-10 16:40:02'),(664,57433,10,57484,'2018-01-10 16:40:49','2018-01-10 16:40:49');
/*!40000 ALTER TABLE `allocations` ENABLE KEYS */;
UNLOCK TABLES;

--
-- Table structure for table `comments`
--

DROP TABLE IF EXISTS `comments`;
/*!40101 SET @saved_cs_client     = @@character_set_client */;
/*!40101 SET character_set_client = utf8 */;
CREATE TABLE `comments` (
  `id` int(10) unsigned NOT NULL AUTO_INCREMENT,
  `user_id` int(10) unsigned NOT NULL,
  `task_id` int(10) unsigned NOT NULL,
  `comment` text COLLATE utf8mb4_unicode_ci NOT NULL,
  `status` enum('pending','reassigned','escalated','completed') COLLATE utf8mb4_unicode_ci NOT NULL DEFAULT 'pending',
  `autogen` tinyint(1) NOT NULL DEFAULT '0',
  `created_at` timestamp NULL DEFAULT NULL,
  `updated_at` timestamp NULL DEFAULT NULL,
  PRIMARY KEY (`id`),
  KEY `comments_user_id_foreign` (`user_id`),
  KEY `comments_task_id_foreign` (`task_id`),
  CONSTRAINT `comments_task_id_foreign` FOREIGN KEY (`task_id`) REFERENCES `tasks` (`id`),
  CONSTRAINT `comments_user_id_foreign` FOREIGN KEY (`user_id`) REFERENCES `users` (`id`)
) ENGINE=InnoDB AUTO_INCREMENT=45693 DEFAULT CHARSET=utf8mb4 COLLATE=utf8mb4_unicode_ci;
/*!40101 SET character_set_client = @saved_cs_client */;

--
-- Dumping data for table `comments`
--

LOCK TABLES `comments` WRITE;
/*!40000 ALTER TABLE `comments` DISABLE KEYS */;
INSERT INTO `comments` VALUES (45668,57484,68655,'Task opened and assigned to Akpoteheri ','pending',1,'2018-01-04 14:19:36','2018-01-04 14:19:36'),(45669,57484,68655,'Laptop has been troubleshooted and is closely watched for follow up.','pending',0,'2018-01-06 07:42:11','2018-01-06 07:42:11'),(45670,56986,68655,'Carried out a system format and reinstallation to ascertain if the OS was the issue. But the issue persisted and looks like less RAM are available for the task she carried out.','pending',0,'2018-01-06 08:30:49','2018-01-06 08:30:49'),(45676,56986,68655,'But the issue persisted and looks like less RAM are available for the task she carried out..','escalated',0,'2018-01-06 08:34:32','2018-01-08 16:52:33'),(45678,57484,68655,'Task reassigned to Obinna ','reassigned',1,'2018-01-08 12:52:29','2018-01-08 12:52:29'),(45687,57484,68655,'Task reassigned to Obinna ','reassigned',1,'2018-01-08 15:22:18','2018-01-08 15:22:18'),(45690,57484,68659,'Task opened and assigned to John Ikwuka','pending',1,'2018-01-09 11:19:36','2018-01-09 11:19:36'),(45691,57492,68659,'I looked at Amaka software requirements and determined the appropriate package','pending',0,'2018-01-09 11:26:07','2018-01-09 11:26:07'),(45692,57492,68659,'Software installed','completed',0,'2018-01-09 11:26:49','2018-01-09 11:26:49');
/*!40000 ALTER TABLE `comments` ENABLE KEYS */;
UNLOCK TABLES;

--
-- Table structure for table `departments`
--

DROP TABLE IF EXISTS `departments`;
/*!40101 SET @saved_cs_client     = @@character_set_client */;
/*!40101 SET character_set_client = utf8 */;
CREATE TABLE `departments` (
  `id` int(10) unsigned NOT NULL AUTO_INCREMENT,
  `title` varchar(150) COLLATE utf8mb4_unicode_ci NOT NULL,
  `created_at` timestamp NULL DEFAULT NULL,
  `updated_at` timestamp NULL DEFAULT NULL,
  PRIMARY KEY (`id`),
  UNIQUE KEY `departments_title_unique` (`title`)
) ENGINE=InnoDB AUTO_INCREMENT=64600 DEFAULT CHARSET=utf8mb4 COLLATE=utf8mb4_unicode_ci;
/*!40101 SET character_set_client = @saved_cs_client */;

--
-- Dumping data for table `departments`
--

LOCK TABLES `departments` WRITE;
/*!40000 ALTER TABLE `departments` DISABLE KEYS */;
INSERT INTO `departments` VALUES (64589,'Strategy & Planning','2017-11-28 14:15:03','2017-11-28 14:15:03'),(64590,'Corporate Affairs','2017-11-28 14:15:03','2017-12-05 16:56:29'),(64591,'HSSEQ','2017-11-28 14:15:03','2017-11-28 14:15:03'),(64592,'Corporate Services','2017-11-28 14:15:03','2017-12-05 16:47:13'),(64593,'Commercial','2017-11-28 14:15:03','2017-11-28 14:15:03'),(64594,'Technical','2017-11-28 14:15:03','2017-11-28 14:15:03'),(64595,'Operations','2017-11-28 14:15:03','2017-11-28 14:15:03'),(64596,'Joint Venture','2017-11-28 14:15:03','2017-11-28 14:15:03'),(64597,'Legal','2017-11-28 14:15:03','2017-11-28 14:15:03'),(64598,'Finance','2017-11-28 14:15:03','2017-11-28 14:15:03'),(64599,'Other','2017-12-11 15:38:19','2017-12-11 15:38:19');
/*!40000 ALTER TABLE `departments` ENABLE KEYS */;
UNLOCK TABLES;

--
-- Table structure for table `inventories`
--

DROP TABLE IF EXISTS `inventories`;
/*!40101 SET @saved_cs_client     = @@character_set_client */;
/*!40101 SET character_set_client = utf8 */;
CREATE TABLE `inventories` (
  `id` int(10) unsigned NOT NULL AUTO_INCREMENT,
  `user_id` int(10) unsigned NOT NULL,
  `item_id` int(10) unsigned NOT NULL,
  `serial_no` varchar(50) COLLATE utf8mb4_unicode_ci NOT NULL,
  `created_at` timestamp NULL DEFAULT NULL,
  `updated_at` timestamp NULL DEFAULT NULL,
  PRIMARY KEY (`id`),
  UNIQUE KEY `inventories_serial_no_unique` (`serial_no`),
  KEY `inventories_user_id_foreign` (`user_id`),
  KEY `inventories_item_id_foreign` (`item_id`),
  CONSTRAINT `inventories_item_id_foreign` FOREIGN KEY (`item_id`) REFERENCES `items` (`id`),
  CONSTRAINT `inventories_user_id_foreign` FOREIGN KEY (`user_id`) REFERENCES `users` (`id`)
) ENGINE=InnoDB AUTO_INCREMENT=11 DEFAULT CHARSET=utf8mb4 COLLATE=utf8mb4_unicode_ci;
/*!40101 SET character_set_client = @saved_cs_client */;

--
-- Dumping data for table `inventories`
--

LOCK TABLES `inventories` WRITE;
/*!40000 ALTER TABLE `inventories` DISABLE KEYS */;
INSERT INTO `inventories` VALUES (1,56986,2548,'7CH710KQSR','2017-12-13 15:25:18','2017-12-13 15:51:47'),(2,56986,2545,'3CM733096K','2017-12-13 15:53:17','2017-12-13 15:53:17'),(4,57484,2549,'5CG7350C7Q','2017-12-19 09:12:32','2017-12-19 09:12:32'),(5,57484,2549,'5CG7350C5F','2017-12-19 09:14:51','2017-12-19 09:14:51'),(6,57484,2550,'VNB8K3L94W','2017-12-19 09:47:32','2017-12-19 09:47:32'),(7,57484,2546,'5CD7230GM9','2017-12-19 11:09:23','2017-12-19 11:09:23'),(8,57484,2546,'5CD7230GND','2017-12-19 11:15:36','2017-12-19 11:15:36'),(9,57484,2567,'5CD7383LQ7','2018-01-10 16:38:42','2018-01-10 16:38:42'),(10,57484,2549,'5CG7350C71','2018-01-10 16:40:34','2018-01-10 16:40:34');
/*!40000 ALTER TABLE `inventories` ENABLE KEYS */;
UNLOCK TABLES;

--
-- Table structure for table `items`
--

DROP TABLE IF EXISTS `items`;
/*!40101 SET @saved_cs_client     = @@character_set_client */;
/*!40101 SET character_set_client = utf8 */;
CREATE TABLE `items` (
  `id` int(10) unsigned NOT NULL AUTO_INCREMENT,
  `user_id` int(10) unsigned NOT NULL,
  `title` varchar(150) COLLATE utf8mb4_unicode_ci NOT NULL,
  `type` varchar(255) COLLATE utf8mb4_unicode_ci NOT NULL,
  `processor` varchar(255) COLLATE utf8mb4_unicode_ci DEFAULT NULL,
  `descrip` varchar(255) COLLATE utf8mb4_unicode_ci DEFAULT NULL,
  `created_at` timestamp NULL DEFAULT NULL,
  `updated_at` timestamp NULL DEFAULT NULL,
  PRIMARY KEY (`id`),
  UNIQUE KEY `items_title_unique` (`title`),
  KEY `items_user_id_foreign` (`user_id`),
  CONSTRAINT `items_user_id_foreign` FOREIGN KEY (`user_id`) REFERENCES `users` (`id`)
) ENGINE=InnoDB AUTO_INCREMENT=2568 DEFAULT CHARSET=utf8mb4 COLLATE=utf8mb4_unicode_ci;
/*!40101 SET character_set_client = @saved_cs_client */;

--
-- Dumping data for table `items`
--

LOCK TABLES `items` WRITE;
/*!40000 ALTER TABLE `items` DISABLE KEYS */;
INSERT INTO `items` VALUES (2545,56986,'27es Display Screen','Monitor','','','2017-12-07 15:03:51','2017-12-07 15:03:51'),(2546,56986,'HP Probook 440 G3 i3','Laptop','Core i3','HP Probook 440 G3 core i3','2017-12-07 15:18:58','2017-12-07 20:31:48'),(2547,56986,'HP Probook 440 G3 i5','Laptop','Core i5','HP Probook 440 G3 core i5','2017-12-07 15:19:49','2017-12-07 15:19:49'),(2548,56986,'HP Wireless Classic Keyboard & Mouse','Wireless Keyboard & Mouse','','Wireless Keyboard & Mouse','2017-12-11 09:52:11','2017-12-20 07:20:14'),(2549,57484,'HP Probook 640 G3 i5','Laptop','Core i5','HP Probook 640 G3 i5','2017-12-19 09:11:37','2017-12-19 09:11:37'),(2550,57484,'Color Laser Jet Pro MFP M477w','Printer','None','Laser Jet Printer','2017-12-19 09:45:38','2017-12-20 07:15:02'),(2551,57484,'Mobile Work Station','Workstation','','Mobile work station','2017-12-20 07:15:47','2017-12-20 07:15:47'),(2552,57484,'Mobile Work Station Bag','Accessories','','Mobile work station bag','2017-12-20 07:16:11','2017-12-20 07:16:11'),(2553,57484,'Hp Ultra Slim Docking Station','Docking Station','','Hp ultra slim docking station','2017-12-20 07:16:31','2017-12-20 07:16:31'),(2554,57484,'HP Z27n Monitor Display','Monitor','','Hp Z27n Monitor Display','2017-12-20 07:17:03','2017-12-20 07:17:13'),(2555,57484,'Kensington Laptop Lock','Accessories','','','2017-12-20 07:17:25','2017-12-20 07:17:25'),(2556,57484,'HP Wireless Keyboard','Keyboard','','Hp wireless keyboard','2017-12-20 07:18:05','2017-12-20 07:18:05'),(2557,57484,'HP Probook 640 G3 I7','Laptop','Core i7','HP Probook 640 G3 I7','2017-12-20 07:18:34','2017-12-20 07:21:28'),(2559,57484,'HP Z Book 14 GA','Laptop','Core I7','HP Z book 14 GA','2017-12-20 07:22:50','2017-12-20 07:22:50'),(2560,57484,'HP Laserjet Enterprise 700 Colour','Printer','','Hp laserjet enterprise 700 colour printer','2017-12-20 07:23:46','2017-12-20 07:23:46'),(2561,57484,'Laptop Lock','Accessories','','Laptop lock','2017-12-20 07:24:01','2017-12-20 07:24:01'),(2562,57484,'HP Plotter Paper','Accessories','','Hp plotter paper','2017-12-20 07:24:41','2017-12-20 07:24:41'),(2563,57484,'Laptop Bag','Accessories','','Laptop bag','2017-12-20 07:24:58','2017-12-20 07:24:58'),(2564,57484,'HP Dual Notebook Stand','Stand','','HP dual notebook stand','2017-12-20 07:25:41','2017-12-20 07:25:41'),(2565,57484,'Docking Station Complete','Docking Station','','Docking station complete','2017-12-20 07:26:16','2017-12-20 07:26:16'),(2566,57484,'Docking Station Accessories','Accessories','','Docking station accessories','2017-12-20 07:26:39','2017-12-20 07:26:39'),(2567,57484,'HP Probook 440 G4 I5','Laptop','Core I5','HP Probook 440 G4 i5','2018-01-10 16:36:43','2018-01-10 16:36:43');
/*!40000 ALTER TABLE `items` ENABLE KEYS */;
UNLOCK TABLES;

--
-- Table structure for table `logs`
--

DROP TABLE IF EXISTS `logs`;
/*!40101 SET @saved_cs_client     = @@character_set_client */;
/*!40101 SET character_set_client = utf8 */;
CREATE TABLE `logs` (
  `id` int(10) unsigned NOT NULL AUTO_INCREMENT,
  `user_id` int(10) unsigned NOT NULL,
  `page_url` varchar(255) COLLATE utf8mb4_unicode_ci NOT NULL,
  `descrip` text COLLATE utf8mb4_unicode_ci NOT NULL,
  `created_at` timestamp NULL DEFAULT NULL,
  `updated_at` timestamp NULL DEFAULT NULL,
  PRIMARY KEY (`id`),
  KEY `logs_user_id_foreign` (`user_id`),
  CONSTRAINT `logs_user_id_foreign` FOREIGN KEY (`user_id`) REFERENCES `users` (`id`)
) ENGINE=InnoDB AUTO_INCREMENT=1167 DEFAULT CHARSET=utf8mb4 COLLATE=utf8mb4_unicode_ci;
/*!40101 SET character_set_client = @saved_cs_client */;

--
-- Dumping data for table `logs`
--

LOCK TABLES `logs` WRITE;
/*!40000 ALTER TABLE `logs` DISABLE KEYS */;
INSERT INTO `logs` VALUES (1,56986,'login','Authorized staff triggered the create password process','2017-11-30 09:34:27','2017-11-30 09:34:27'),(2,56986,'store-password','Changed password for own account','2017-11-30 09:34:40','2017-11-30 09:34:40'),(3,56986,'login','Logged in','2017-11-30 16:03:58','2017-11-30 16:03:58'),(4,56986,'admin/pages','Tried to access a page tthe IT store without authorization','2017-11-30 16:06:26','2017-11-30 16:06:26'),(5,56986,'login','Logged in','2017-12-01 07:19:39','2017-12-01 07:19:39'),(6,56986,'admin/logout','Logged out','2017-12-01 07:33:10','2017-12-01 07:33:10'),(7,56986,'login','Logged in','2017-12-01 07:35:17','2017-12-01 07:35:17'),(8,56986,'login','Logged in','2017-12-01 18:46:16','2017-12-01 18:46:16'),(9,56986,'login','Logged in','2017-12-03 21:15:09','2017-12-03 21:15:09'),(10,56986,'login','Logged in','2017-12-05 08:55:35','2017-12-05 08:55:35'),(11,56986,'login','Logged in','2017-12-05 14:36:02','2017-12-05 14:36:02'),(12,56986,'login','Logged in','2017-12-06 11:56:50','2017-12-06 11:56:50'),(13,56986,'admin/departments-and-units','Open the departments and units page.','2017-12-06 16:21:25','2017-12-06 16:21:25'),(14,56986,'admin/departments-and-units','Open the departments and units page.','2017-12-06 16:22:09','2017-12-06 16:22:09'),(15,56986,'login','Logged in','2017-12-06 20:12:51','2017-12-06 20:12:51'),(16,56986,'admin/departments-and-units','Opened the departments and units page.','2017-12-06 20:13:02','2017-12-06 20:13:02'),(17,56986,'admin/departments-and-units','Opened the departments and units page.','2017-12-06 20:13:19','2017-12-06 20:13:19'),(18,56986,'login','Logged in','2017-12-07 07:04:11','2017-12-07 07:04:11'),(19,56986,'admin/departments-and-units','Opened the departments and units page.','2017-12-07 07:04:17','2017-12-07 07:04:17'),(20,56986,'admin/departments-and-units','Opened the departments and units page.','2017-12-07 08:34:08','2017-12-07 08:34:08'),(21,56986,'admin/departments-and-units/add','Created Xvgdfgdfd department with id .64599','2017-12-07 08:34:14','2017-12-07 08:34:14'),(22,56986,'admin/departments-and-units','Opened the departments and units page.','2017-12-07 08:34:14','2017-12-07 08:34:14'),(23,56986,'admin/departments-and-units/add-unit','Created Dfgfdgfd unit with id .6','2017-12-07 08:34:23','2017-12-07 08:34:23'),(24,56986,'admin/departments-and-units','Opened the departments and units page.','2017-12-07 08:34:23','2017-12-07 08:34:23'),(25,56986,'admin/departments-and-units/update-unit','Updated unit title from Dfgfdgfd to Dffddfvgd and parent deparment from Dfgfdgfd to Xvgdfgdfd','2017-12-07 08:34:34','2017-12-07 08:34:34'),(26,56986,'admin/departments-and-units','Opened the departments and units page.','2017-12-07 08:34:34','2017-12-07 08:34:34'),(27,56986,'admin/departments-and-units/edit','Updated department title from Xvgdfgdfd to Dfsgdfghf with id .64599','2017-12-07 08:34:58','2017-12-07 08:34:58'),(28,56986,'admin/departments-and-units','Opened the departments and units page.','2017-12-07 08:34:58','2017-12-07 08:34:58'),(29,56986,'admin/departments-and-units/delete-unit','Deleted Dffddfvgd unit with id .6','2017-12-07 08:35:25','2017-12-07 08:35:25'),(30,56986,'admin/departments-and-units/delete','Deleted Dfsgdfghf department with id .64599','2017-12-07 08:35:31','2017-12-07 08:35:31'),(31,56986,'admin/departments-and-units','Opened the departments and units page.','2017-12-07 08:35:35','2017-12-07 08:35:35'),(32,56986,'admin/departments-and-units','Opened the departments and units page.','2017-12-07 08:52:50','2017-12-07 08:52:50'),(33,56986,'admin/departments-and-units/add-unit','Created Fdgfdgdf unit with id .2665','2017-12-07 08:52:58','2017-12-07 08:52:58'),(34,56986,'admin/departments-and-units','Opened the departments and units page.','2017-12-07 08:52:58','2017-12-07 08:52:58'),(35,56986,'admin/departments-and-units/delete-unit','Deleted Fdgfdgdf unit with id .2665','2017-12-07 08:53:21','2017-12-07 08:53:21'),(36,56986,'login','Logged in','2017-12-07 13:35:22','2017-12-07 13:35:22'),(37,56986,'admin/items','Opened the items page.','2017-12-07 13:36:41','2017-12-07 13:36:41'),(38,56986,'admin/items','Opened the items page.','2017-12-07 13:37:19','2017-12-07 13:37:19'),(39,56986,'admin/items','Opened the items page.','2017-12-07 13:38:36','2017-12-07 13:38:36'),(40,56986,'admin/items','Opened the items page.','2017-12-07 14:05:04','2017-12-07 14:05:04'),(41,56986,'admin/items','Opened the items page.','2017-12-07 14:05:41','2017-12-07 14:05:41'),(42,56986,'admin/items','Opened the items page.','2017-12-07 14:06:24','2017-12-07 14:06:24'),(43,56986,'admin/items','Opened the items page.','2017-12-07 14:06:48','2017-12-07 14:06:48'),(44,56986,'admin/items','Opened the items page.','2017-12-07 14:08:19','2017-12-07 14:08:19'),(45,56986,'admin/items','Opened the items page.','2017-12-07 14:15:29','2017-12-07 14:15:29'),(46,56986,'admin/items','Opened the items page.','2017-12-07 14:16:08','2017-12-07 14:16:08'),(47,56986,'admin/items','Opened the items page.','2017-12-07 14:28:32','2017-12-07 14:28:32'),(48,56986,'admin/items','Opened the items page.','2017-12-07 14:33:36','2017-12-07 14:33:36'),(49,56986,'admin/items','Opened the items page.','2017-12-07 14:48:52','2017-12-07 14:48:52'),(50,56986,'admin/items','Opened the items page.','2017-12-07 14:50:43','2017-12-07 14:50:43'),(51,56986,'admin/items','Opened the items page.','2017-12-07 14:50:53','2017-12-07 14:50:53'),(52,56986,'admin/items','Opened the items page.','2017-12-07 14:51:15','2017-12-07 14:51:15'),(53,56986,'admin/items','Opened the items page.','2017-12-07 14:53:06','2017-12-07 14:53:06'),(54,56986,'admin/items','Opened the items page.','2017-12-07 14:55:49','2017-12-07 14:55:49'),(55,56986,'admin/items/add','Created 27es Display Screen item with id .2545','2017-12-07 15:03:51','2017-12-07 15:03:51'),(56,56986,'admin/departments-and-units','Opened the departments and units page.','2017-12-07 15:03:51','2017-12-07 15:03:51'),(57,56986,'admin/items','Opened the items page.','2017-12-07 15:04:20','2017-12-07 15:04:20'),(58,56986,'admin/items','Opened the items page.','2017-12-07 15:04:40','2017-12-07 15:04:40'),(59,56986,'admin/items','Opened the items page.','2017-12-07 15:05:59','2017-12-07 15:05:59'),(60,56986,'admin/items','Opened the items page.','2017-12-07 15:06:27','2017-12-07 15:06:27'),(61,56986,'admin/items','Opened the items page.','2017-12-07 15:06:44','2017-12-07 15:06:44'),(62,56986,'admin/items','Opened the items page.','2017-12-07 15:07:50','2017-12-07 15:07:50'),(63,56986,'admin/items','Opened the items page.','2017-12-07 15:10:35','2017-12-07 15:10:35'),(64,56986,'admin/items','Opened the items page.','2017-12-07 15:11:00','2017-12-07 15:11:00'),(65,56986,'admin/items','Opened the items page.','2017-12-07 15:16:15','2017-12-07 15:16:15'),(66,56986,'admin/items/add','Created \"HP Probook 440 G3\" item with id .2546','2017-12-07 15:18:58','2017-12-07 15:18:58'),(67,56986,'admin/items','Opened the items page.','2017-12-07 15:18:58','2017-12-07 15:18:58'),(68,56986,'admin/items/add','Created \"HP Probook 440 G3 i5\" item with id .2547','2017-12-07 15:19:49','2017-12-07 15:19:49'),(69,56986,'admin/items','Opened the items page.','2017-12-07 15:19:49','2017-12-07 15:19:49'),(70,56986,'admin/items','Opened the items page.','2017-12-07 15:23:06','2017-12-07 15:23:06'),(71,56986,'admin/items','Opened the items page.','2017-12-07 15:23:47','2017-12-07 15:23:47'),(72,56986,'admin/items','Opened the items page.','2017-12-07 17:00:10','2017-12-07 17:00:10'),(73,56986,'admin/items','Opened the items page.','2017-12-07 17:00:51','2017-12-07 17:00:51'),(74,56986,'admin/items','Opened the items page.','2017-12-07 17:04:56','2017-12-07 17:04:56'),(75,56986,'admin/items','Opened the items page.','2017-12-07 17:12:23','2017-12-07 17:12:23'),(76,56986,'admin/items','Opened the items page.','2017-12-07 17:12:39','2017-12-07 17:12:39'),(77,56986,'admin/items','Opened the items page.','2017-12-07 17:13:05','2017-12-07 17:13:05'),(78,56986,'admin/items','Opened the items page.','2017-12-07 17:13:31','2017-12-07 17:13:31'),(79,56986,'admin/items','Opened the items page.','2017-12-07 17:14:56','2017-12-07 17:14:56'),(80,56986,'admin/departments-and-units','Opened the departments and units page.','2017-12-07 17:15:07','2017-12-07 17:15:07'),(81,56986,'admin/items','Opened the items page.','2017-12-07 17:15:12','2017-12-07 17:15:12'),(82,56986,'admin/items','Opened the items page.','2017-12-07 17:15:51','2017-12-07 17:15:51'),(83,56986,'admin/items','Opened the items page.','2017-12-07 17:16:05','2017-12-07 17:16:05'),(84,56986,'admin/items','Opened the items page.','2017-12-07 17:16:32','2017-12-07 17:16:32'),(85,56986,'login','Logged in','2017-12-07 20:25:36','2017-12-07 20:25:36'),(86,56986,'admin/items','Opened the items page.','2017-12-07 20:25:57','2017-12-07 20:25:57'),(87,56986,'admin/items','Opened the items page.','2017-12-07 20:27:04','2017-12-07 20:27:04'),(88,56986,'admin/items/edit','Updated item title from \"HP Probook 440 G3\" to \"HP Probook 440 G3\",\n				from \"Laptop\" type to \"Laptop\" type,\n				from \"Core i3\" processor to \"Core i3\" processor,\n				from \"HP Probook 440 G3\" description to \"HP Probook 440 G3\" description,\n				with id .2546','2017-12-07 20:27:20','2017-12-07 20:27:20'),(89,56986,'admin/items/edit','Updated item title from \"HP Probook 440 G3\" to \"HP Probook 440 G3\",\n				from \"Laptop\" type to \"Laptop\" type,\n				from \"Core i3\" processor to \"Core i3\" processor,\n				from \"HP Probook 440 G3\" description to \"HP Probook 440 G3\" description,\n				with id .2546','2017-12-07 20:27:45','2017-12-07 20:27:45'),(90,56986,'admin/items','Opened the items page.','2017-12-07 20:27:46','2017-12-07 20:27:46'),(91,56986,'admin/items/edit','Updated item title from \"HP Probook 440 G3\" to \"HP Probook 440 G3\",\n				from \"Laptop\" type to \"Laptop\" type,\n				from \"Core i3\" processor to \"Core i3\" processor,\n				from \"HP Probook 440 G3\" description to \"HP Probook 440 G3\" description,\n				with id .2546','2017-12-07 20:28:00','2017-12-07 20:28:00'),(92,56986,'admin/items','Opened the items page.','2017-12-07 20:28:00','2017-12-07 20:28:00'),(93,56986,'admin/items','Opened the items page.','2017-12-07 20:29:05','2017-12-07 20:29:05'),(94,56986,'admin/items/edit','Updated item title from \"HP Probook 440 G3\" to \"HP Probook 440 G3\",\n				from \"Laptop\" type to \"Laptop\" type,\n				from \"Core i3\" processor to \"Core i3\" processor,\n				from \"HP Probook 440 G3\" description to \"HP Probook 440 G3\" description,\n				with id .2546','2017-12-07 20:29:22','2017-12-07 20:29:22'),(95,56986,'admin/items','Opened the items page.','2017-12-07 20:29:22','2017-12-07 20:29:22'),(96,56986,'admin/items/edit','Updated item title from \"HP Probook 440 G3 i3\" to \"HP Probook 440 G3 i3\",\n				from \"Laptop\" type to \"Laptop\" type,\n				from \"Core i3\" processor to \"Core i3\" processor,\n				from \"HP Probook 440 G3\" description to \"HP Probook 440 G3\" description,\n				with id .2546','2017-12-07 20:31:29','2017-12-07 20:31:29'),(97,56986,'admin/items','Opened the items page.','2017-12-07 20:31:29','2017-12-07 20:31:29'),(98,56986,'admin/items/edit','Updated item title from \"HP Probook 440 G3 i3\" to \"HP Probook 440 G3 i3\",\n				from \"Laptop\" type to \"Laptop\" type,\n				from \"Core i3\" processor to \"Core i3\" processor,\n				from \"HP Probook 440 G3 core i3\" description to \"HP Probook 440 G3 core i3\" description,\n				with id .2546','2017-12-07 20:31:48','2017-12-07 20:31:48'),(99,56986,'admin/items','Opened the items page.','2017-12-07 20:31:48','2017-12-07 20:31:48'),(100,56986,'admin/items','Opened the items page.','2017-12-07 20:32:51','2017-12-07 20:32:51'),(101,56986,'admin/items','Opened the items page.','2017-12-07 20:33:01','2017-12-07 20:33:01'),(102,56986,'admin/items','Opened the items page.','2017-12-07 20:47:28','2017-12-07 20:47:28'),(103,56986,'login','Logged in','2017-12-11 09:50:25','2017-12-11 09:50:25'),(104,56986,'admin/items','Opened the items page.','2017-12-11 09:50:34','2017-12-11 09:50:34'),(105,56986,'admin/items/add','Created \"Wireless Classic Keyboard & Mouse\" item with id .2548','2017-12-11 09:52:11','2017-12-11 09:52:11'),(106,56986,'admin/items','Opened the items page.','2017-12-11 09:52:12','2017-12-11 09:52:12'),(107,56986,'login','Logged in','2017-12-11 12:49:55','2017-12-11 12:49:55'),(108,56986,'admin/users','Opened the items page.','2017-12-11 14:08:53','2017-12-11 14:08:53'),(109,56986,'admin/users','Opened the items page.','2017-12-11 14:13:21','2017-12-11 14:13:21'),(110,56986,'admin/users','Opened the items page.','2017-12-11 14:14:28','2017-12-11 14:14:28'),(111,56986,'admin/users','Opened the items page.','2017-12-11 14:15:09','2017-12-11 14:15:09'),(112,56986,'admin/users','Opened the items page.','2017-12-11 14:16:45','2017-12-11 14:16:45'),(113,56986,'admin/users','Opened the items page.','2017-12-11 14:17:14','2017-12-11 14:17:14'),(114,56986,'admin/users','Opened the items page.','2017-12-11 14:17:37','2017-12-11 14:17:37'),(115,56986,'admin/users','Opened the items page.','2017-12-11 14:18:35','2017-12-11 14:18:35'),(116,56986,'admin/users','Opened the items page.','2017-12-11 14:18:58','2017-12-11 14:18:58'),(117,56986,'admin/users','Opened the items page.','2017-12-11 14:19:10','2017-12-11 14:19:10'),(118,56986,'admin/users','Opened the items page.','2017-12-11 14:20:54','2017-12-11 14:20:54'),(119,56986,'admin/users','Opened the items page.','2017-12-11 14:24:29','2017-12-11 14:24:29'),(120,56986,'admin/users','Opened the items page.','2017-12-11 14:25:17','2017-12-11 14:25:17'),(121,56986,'admin/users','Opened the items page.','2017-12-11 14:25:32','2017-12-11 14:25:32'),(122,56986,'admin/users','Opened the items page.','2017-12-11 14:42:29','2017-12-11 14:42:29'),(123,56986,'admin/users','Opened the items page.','2017-12-11 14:45:58','2017-12-11 14:45:58'),(124,56986,'admin/users','Opened the items page.','2017-12-11 14:47:40','2017-12-11 14:47:40'),(125,56986,'admin/users','Opened the items page.','2017-12-11 14:48:27','2017-12-11 14:48:27'),(126,56986,'admin/users','Opened the items page.','2017-12-11 14:52:36','2017-12-11 14:52:36'),(127,56986,'admin/users','Opened the items page.','2017-12-11 14:53:05','2017-12-11 14:53:05'),(128,56986,'admin/users','Opened the items page.','2017-12-11 14:54:08','2017-12-11 14:54:08'),(129,56986,'admin/users','Opened the items page.','2017-12-11 14:54:17','2017-12-11 14:54:17'),(130,56986,'admin/users','Opened the items page.','2017-12-11 14:54:43','2017-12-11 14:54:43'),(131,56986,'admin/users','Opened the items page.','2017-12-11 14:55:41','2017-12-11 14:55:41'),(132,56986,'admin/users','Opened the items page.','2017-12-11 14:58:52','2017-12-11 14:58:52'),(133,56986,'admin/users','Opened the items page.','2017-12-11 15:35:18','2017-12-11 15:35:18'),(134,56986,'admin/departments-and-units','Opened the departments and units page.','2017-12-11 15:37:02','2017-12-11 15:37:02'),(135,56986,'admin/departments-and-units/add','RESTRICTED! Tried to create a department','2017-12-11 15:37:13','2017-12-11 15:37:13'),(136,56986,'admin/departments-and-units','Opened the departments and units page.','2017-12-11 15:37:17','2017-12-11 15:37:17'),(137,56986,'admin/departments-and-units/add','RESTRICTED! Tried to create a department','2017-12-11 15:37:26','2017-12-11 15:37:26'),(138,56986,'admin/departments-and-units/add','Created Other department with id .64599','2017-12-11 15:38:19','2017-12-11 15:38:19'),(139,56986,'admin/departments-and-units','Opened the departments and units page.','2017-12-11 15:38:19','2017-12-11 15:38:19'),(140,56986,'admin/departments-and-units/add-unit','Created Other unit with id .6','2017-12-11 15:38:31','2017-12-11 15:38:31'),(141,56986,'admin/departments-and-units','Opened the departments and units page.','2017-12-11 15:38:31','2017-12-11 15:38:31'),(142,56986,'admin/users','Opened the items page.','2017-12-11 15:38:34','2017-12-11 15:38:34'),(143,56986,'admin/users','Opened the items page.','2017-12-11 15:42:22','2017-12-11 15:42:22'),(144,56986,'admin/users','Opened the items page.','2017-12-11 15:45:11','2017-12-11 15:45:11'),(145,56986,'admin/users','Opened the items page.','2017-12-11 15:48:00','2017-12-11 15:48:00'),(146,56986,'admin/users/add','Added user \"Abbey Court\" user ID .57639','2017-12-11 15:49:36','2017-12-11 15:49:36'),(147,56986,'admin/users','Opened the items page.','2017-12-11 15:49:37','2017-12-11 15:49:37'),(148,56986,'admin/users/add','Added user \"Abbey Court\" user ID .57640','2017-12-11 15:51:09','2017-12-11 15:51:09'),(149,56986,'admin/users','Opened the items page.','2017-12-11 15:51:10','2017-12-11 15:51:10'),(150,56986,'admin/departments-and-units','Opened the departments and units page.','2017-12-11 15:51:54','2017-12-11 15:51:54'),(151,56986,'admin/departments-and-units/add-unit','Created Organization unit with id .7','2017-12-11 15:52:22','2017-12-11 15:52:22'),(152,56986,'admin/departments-and-units','Opened the departments and units page.','2017-12-11 15:52:23','2017-12-11 15:52:23'),(153,56986,'admin/departments-and-units/add-unit','Created Partner unit with id .8','2017-12-11 15:52:32','2017-12-11 15:52:32'),(154,56986,'admin/departments-and-units','Opened the departments and units page.','2017-12-11 15:52:32','2017-12-11 15:52:32'),(155,56986,'admin/departments-and-units','Opened the departments and units page.','2017-12-11 15:52:40','2017-12-11 15:52:40'),(156,56986,'admin/users','Opened the items page.','2017-12-11 15:52:47','2017-12-11 15:52:47'),(157,56986,'admin/users','Opened the items page.','2017-12-11 15:53:33','2017-12-11 15:53:33'),(158,56986,'admin/users','Opened the items page.','2017-12-11 15:54:04','2017-12-11 15:54:04'),(159,56986,'admin/users','Opened the items page.','2017-12-11 15:56:29','2017-12-11 15:56:29'),(160,56986,'admin/users','Opened the items page.','2017-12-11 16:00:50','2017-12-11 16:00:50'),(161,56986,'admin/users','Opened the items page.','2017-12-11 16:01:43','2017-12-11 16:01:43'),(162,56986,'login','Logged in','2017-12-12 10:05:28','2017-12-12 10:05:28'),(163,56986,'admin/users','Opened the items page.','2017-12-12 10:05:33','2017-12-12 10:05:33'),(164,56986,'admin/users','Opened the items page.','2017-12-12 10:06:14','2017-12-12 10:06:14'),(165,56986,'admin/users','Opened the items page.','2017-12-12 10:15:39','2017-12-12 10:15:39'),(166,56986,'admin/users','Opened the items page.','2017-12-12 10:15:47','2017-12-12 10:15:47'),(167,56986,'admin/users/add','Added user \"Abbey Court\" user ID .57641','2017-12-12 10:17:56','2017-12-12 10:17:56'),(168,56986,'admin/users','Opened the items page.','2017-12-12 10:17:56','2017-12-12 10:17:56'),(169,56986,'admin/users/add','Added user \"Abbey Court\" user ID .57642','2017-12-12 10:19:00','2017-12-12 10:19:00'),(170,56986,'admin/users','Opened the items page.','2017-12-12 10:19:00','2017-12-12 10:19:00'),(171,56986,'admin/users','Opened the items page.','2017-12-12 10:19:27','2017-12-12 10:19:27'),(172,56986,'admin/items','Opened the items page.','2017-12-12 10:20:27','2017-12-12 10:20:27'),(173,56986,'admin/items/add','Created \"Dzxfsdds\" item with id .2549','2017-12-12 10:20:45','2017-12-12 10:20:45'),(174,56986,'admin/items','Opened the items page.','2017-12-12 10:20:45','2017-12-12 10:20:45'),(175,56986,'admin/items','Opened the items page.','2017-12-12 11:12:10','2017-12-12 11:12:10'),(176,56986,'admin/items/delete','Deleted Dzxfsdds item with id .2549','2017-12-12 11:12:18','2017-12-12 11:12:18'),(177,56986,'admin/items','Opened the items page.','2017-12-12 11:12:24','2017-12-12 11:12:24'),(178,56986,'admin/users','Opened the users page.','2017-12-12 11:12:37','2017-12-12 11:12:37'),(179,56986,'admin/users','Opened the users page.','2017-12-12 11:32:03','2017-12-12 11:32:03'),(180,56986,'admin/users','Opened the users page.','2017-12-12 11:34:39','2017-12-12 11:34:39'),(181,56986,'admin/users','Opened the users page.','2017-12-12 11:35:12','2017-12-12 11:35:12'),(182,56986,'admin/users','Opened the users page.','2017-12-12 11:35:40','2017-12-12 11:35:40'),(183,56986,'admin/users','Opened the users page.','2017-12-12 11:35:55','2017-12-12 11:35:55'),(184,56986,'admin/users','Opened the users page.','2017-12-12 11:36:06','2017-12-12 11:36:06'),(185,56986,'admin/users','Opened the users page.','2017-12-12 11:36:28','2017-12-12 11:36:28'),(186,56986,'admin/users','Opened the users page.','2017-12-12 11:37:01','2017-12-12 11:37:01'),(187,56986,'admin/users','Opened the users page.','2017-12-12 11:37:22','2017-12-12 11:37:22'),(188,56986,'admin/users','Opened the users page.','2017-12-12 11:39:06','2017-12-12 11:39:06'),(189,56986,'admin/users','Opened the users page.','2017-12-12 11:39:29','2017-12-12 11:39:29'),(190,56986,'admin/users','Opened the users page.','2017-12-12 11:39:42','2017-12-12 11:39:42'),(191,56986,'admin/users','Opened the users page.','2017-12-12 11:41:08','2017-12-12 11:41:08'),(192,56986,'admin/users','Opened the users page.','2017-12-12 11:42:28','2017-12-12 11:42:28'),(193,56986,'admin/users','Opened the users page.','2017-12-12 13:37:03','2017-12-12 13:37:03'),(194,56986,'admin/users','Opened the users page.','2017-12-12 13:38:16','2017-12-12 13:38:16'),(195,56986,'admin/users','Opened the users page.','2017-12-12 13:40:24','2017-12-12 13:40:24'),(196,56986,'admin/users','Opened the users page.','2017-12-12 13:41:22','2017-12-12 13:41:22'),(197,56986,'admin/users','Opened the users page.','2017-12-12 13:41:45','2017-12-12 13:41:45'),(198,56986,'admin/users','Opened the users page.','2017-12-12 13:42:49','2017-12-12 13:42:49'),(199,56986,'admin/users','Opened the users page.','2017-12-12 13:43:04','2017-12-12 13:43:04'),(200,56986,'admin/users','Opened the users page.','2017-12-12 13:43:31','2017-12-12 13:43:31'),(201,56986,'admin/users','Opened the users page.','2017-12-12 13:45:10','2017-12-12 13:45:10'),(202,56986,'admin/users','Opened the users page.','2017-12-12 13:48:36','2017-12-12 13:48:36'),(203,56986,'admin/users','Opened the users page.','2017-12-12 13:50:26','2017-12-12 13:50:26'),(204,56986,'admin/users','Opened the users page.','2017-12-12 13:54:59','2017-12-12 13:54:59'),(205,56986,'admin/users','Opened the users page.','2017-12-12 13:55:54','2017-12-12 13:55:54'),(206,56986,'admin/users','Opened the users page.','2017-12-12 14:19:09','2017-12-12 14:19:09'),(207,56986,'admin/users','Opened the users page.','2017-12-12 14:19:52','2017-12-12 14:19:52'),(208,56986,'admin/users','Opened the users page.','2017-12-12 14:21:31','2017-12-12 14:21:31'),(209,56986,'admin/users','Opened the users page.','2017-12-12 14:21:56','2017-12-12 14:21:56'),(210,56986,'admin/users','Opened the users page.','2017-12-12 14:22:04','2017-12-12 14:22:04'),(211,56986,'admin/users','Opened the users page.','2017-12-12 14:28:01','2017-12-12 14:28:01'),(212,56986,'admin/users','Opened the users page.','2017-12-12 14:34:19','2017-12-12 14:34:19'),(213,56986,'admin/users','Opened the users page.','2017-12-12 14:41:43','2017-12-12 14:41:43'),(214,56986,'admin/users','Opened the users page.','2017-12-12 14:41:50','2017-12-12 14:41:50'),(215,56986,'admin/users','Opened the users page.','2017-12-12 14:43:28','2017-12-12 14:43:28'),(216,56986,'admin/users','Opened the users page.','2017-12-12 14:45:47','2017-12-12 14:45:47'),(217,56986,'admin/users','Opened the users page.','2017-12-12 14:46:41','2017-12-12 14:46:41'),(218,56986,'admin/users','Opened the users page.','2017-12-12 14:46:50','2017-12-12 14:46:50'),(219,56986,'admin/users','Opened the users page.','2017-12-12 14:47:19','2017-12-12 14:47:19'),(220,56986,'admin/users','Opened the users page.','2017-12-12 14:55:36','2017-12-12 14:55:36'),(221,56986,'admin/users','Opened the users page.','2017-12-12 14:56:49','2017-12-12 14:56:49'),(222,56986,'admin/users','Opened the users page.','2017-12-12 14:56:56','2017-12-12 14:56:56'),(223,56986,'admin/users','Opened the users page.','2017-12-12 14:57:58','2017-12-12 14:57:58'),(224,56986,'admin/users','Opened the users page.','2017-12-12 14:58:59','2017-12-12 14:58:59'),(225,56986,'admin/users','Opened the users page.','2017-12-12 14:59:53','2017-12-12 14:59:53'),(226,56986,'admin/users','Opened the users page.','2017-12-12 15:00:18','2017-12-12 15:00:18'),(227,56986,'admin/users/update','Updated user account; firstname from \"Abbey\" to \"Abbey\",\n				lastname from \"Court\" to \"Court\",\n				email from \"\" to \"\",\n				gender from \"male\" to \"male\",\n				account status from \"inactive\" to \"inactive\",\n				staff ID from \"\" to \"\",\n				role from \"Department\" to \"Department\",\n				unit from \"Organization\" to unit with ID \"7\",\n				on user id .57642','2017-12-12 15:00:46','2017-12-12 15:00:46'),(228,56986,'admin/users/update','Updated user account; firstname from \"Abbey\" to \"Abbey\",\n				lastname from \"Court\" to \"Court\",\n				email from \"\" to \"\",\n				gender from \"male\" to \"male\",\n				account status from \"inactive\" to \"inactive\",\n				staff ID from \"\" to \"\",\n				role from \"Department\" to \"Department\",\n				unit from \"Organization\" to unit with ID \"7\",\n				on user id .57642','2017-12-12 15:01:31','2017-12-12 15:01:31'),(229,56986,'admin/users','Opened the users page.','2017-12-12 15:01:31','2017-12-12 15:01:31'),(230,56986,'admin/users','Opened the users page.','2017-12-12 15:01:47','2017-12-12 15:01:47'),(231,56986,'admin/users/update','Updated user account; firstname from \"Akpoteheri\" to \"Akpoteheri\",\n				lastname from \"Omeru\" to \"Omeru\",\n				email from \"aomeru@salvicpetroleum.com\" to \"aomeru@salvicpetroleum.com\",\n				gender from \"male\" to \"male\",\n				account status from \"active\" to \"active\",\n				staff ID from \"G17090167\" to \"G17090167\",\n				role from \"Developer\" to \"Developer\",\n				unit from \"\" to unit with ID \"1\",\n				on user id .56986','2017-12-12 15:02:31','2017-12-12 15:02:31'),(232,56986,'admin/users','Opened the users page.','2017-12-12 15:02:31','2017-12-12 15:02:31'),(233,56986,'admin/users/update','Updated user account; firstname from \"Ekaete\" to \"Ekaete\",\n				lastname from \"Nta\" to \"Nta\",\n				email from \"ENta@salvicpetroleum.com\" to \"ENta@salvicpetroleum.com\",\n				gender from \"male\" to \"female\",\n				account status from \"active\" to \"active\",\n				staff ID from \"\" to \"\",\n				role from \"Administrator\" to \"Administrator\",\n				unit from \"\" to unit with ID \"1\",\n				on user id .57416','2017-12-12 15:02:49','2017-12-12 15:02:49'),(234,56986,'admin/users','Opened the users page.','2017-12-12 15:02:49','2017-12-12 15:02:49'),(235,56986,'admin/users/update','Updated user account; firstname from \"John\" to \"John\",\n				lastname from \"Ikwuka\" to \"Ikwuka\",\n				email from \"JIkwuka@salvicpetroleum.com\" to \"JIkwuka@salvicpetroleum.com\",\n				gender from \"male\" to \"male\",\n				account status from \"inactive\" to \"inactive\",\n				staff ID from \"\" to \"\",\n				role from \"Staff\" to \"Staff\",\n				unit from \"\" to unit with ID \"1\",\n				on user id .57492','2017-12-12 15:03:09','2017-12-12 15:03:09'),(236,56986,'admin/users','Opened the users page.','2017-12-12 15:03:10','2017-12-12 15:03:10'),(237,56986,'admin/users/update','Updated user account; firstname from \"Obinna\" to \"Obinna\",\n				lastname from \"Akahara\" to \"Akahara\",\n				email from \"OAkahara@salvicpetroleum.com\" to \"OAkahara@salvicpetroleum.com\",\n				gender from \"male\" to \"male\",\n				account status from \"inactive\" to \"inactive\",\n				staff ID from \"\" to \"\",\n				role from \"Staff\" to \"Staff\",\n				unit from \"\" to unit with ID \"1\",\n				on user id .57532','2017-12-12 15:03:40','2017-12-12 15:03:40'),(238,56986,'admin/users','Opened the users page.','2017-12-12 15:03:40','2017-12-12 15:03:40'),(239,56986,'admin/users/update','Updated user account; firstname from \"Stanley\" to \"Stanley\",\n				lastname from \"Peter\" to \"Peter\",\n				email from \"SPeter@salvicpetroleum.com\" to \"SPeter@salvicpetroleum.com\",\n				gender from \"male\" to \"male\",\n				account status from \"inactive\" to \"inactive\",\n				staff ID from \"\" to \"\",\n				role from \"Staff\" to \"Staff\",\n				unit from \"\" to unit with ID \"1\",\n				on user id .57603','2017-12-12 15:03:53','2017-12-12 15:03:53'),(240,56986,'admin/users','Opened the users page.','2017-12-12 15:03:54','2017-12-12 15:03:54'),(241,56986,'admin/users/update','Updated user account; firstname from \"Chinenye\" to \"Chinenye\",\n				lastname from \"Ukaigwe\" to \"Ukaigwe\",\n				email from \"CUkaigwe@salvicpetroleum.com\" to \"CUkaigwe@salvicpetroleum.com\",\n				gender from \"male\" to \"male\",\n				account status from \"inactive\" to \"inactive\",\n				staff ID from \"\" to \"\",\n				role from \"Staff\" to \"Staff\",\n				unit from \"\" to unit with ID \"1\",\n				on user id .57382','2017-12-12 15:04:08','2017-12-12 15:04:08'),(242,56986,'admin/users','Opened the users page.','2017-12-12 15:04:08','2017-12-12 15:04:08'),(243,56986,'admin/users/update','Updated user account; firstname from \"Adetunji\" to \"Adetunji\",\n				lastname from \"Alaba\" to \"Alaba\",\n				email from \"AAlaba@salvicpetroleum.com\" to \"AAlaba@salvicpetroleum.com\",\n				gender from \"male\" to \"male\",\n				account status from \"inactive\" to \"inactive\",\n				staff ID from \"\" to \"17080147\",\n				role from \"Staff\" to \"Staff\",\n				unit from \"\" to unit with ID \"1\",\n				on user id .57322','2017-12-12 15:05:15','2017-12-12 15:05:15'),(244,56986,'admin/users','Opened the users page.','2017-12-12 15:05:15','2017-12-12 15:05:15'),(245,56986,'admin/users','Opened the users page.','2017-12-12 15:06:33','2017-12-12 15:06:33'),(246,56986,'admin/users/update','Updated user account; firstname from \"IT\" to \"IT\",\n				lastname from \"Request\" to \"Request\",\n				email from \"ITrequest@salvicpetroleum.com\" to \"ITrequest@salvicpetroleum.com\",\n				gender from \"male\" to \"male\",\n				account status from \"inactive\" to \"inactive\",\n				staff ID from \"\" to \"\",\n				role from \"Staff\" to \"Staff\",\n				unit from \"\" to unit with ID \"1\",\n				on user id .57483','2017-12-12 15:07:00','2017-12-12 15:07:00'),(247,56986,'admin/users','Opened the users page.','2017-12-12 15:07:00','2017-12-12 15:07:00'),(248,56986,'admin/users/update','Updated user account; firstname from \"IT\" to \"IT\",\n				lastname from \"Support\" to \"Support\",\n				email from \"itsupport@salvicpetroleum.com\" to \"itsupport@salvicpetroleum.com\",\n				gender from \"male\" to \"male\",\n				account status from \"inactive\" to \"inactive\",\n				staff ID from \"\" to \"\",\n				role from \"Staff\" to \"Staff\",\n				unit from \"\" to unit with ID \"1\",\n				on user id .57484','2017-12-12 15:07:19','2017-12-12 15:07:19'),(249,56986,'admin/users','Opened the users page.','2017-12-12 15:07:19','2017-12-12 15:07:19'),(250,56986,'admin/users/update','Updated user account; firstname from \"Akpoteheri\" to \"Akpoteheri\",\n				lastname from \"Omeru\" to \"Omeru\",\n				email from \"aomeru@salvicpetroleum.com\" to \"aomeru@salvicpetroleum.com\",\n				gender from \"male\" to \"male\",\n				account status from \"active\" to \"active\",\n				staff ID from \"G17090167\" to \"G17090167\",\n				role from \"Developer\" to \"Developer\",\n				unit from \"IT\" to unit with ID \"1\",\n				on user id .56986','2017-12-12 15:07:29','2017-12-12 15:07:29'),(251,56986,'admin/users','Opened the users page.','2017-12-12 15:07:29','2017-12-12 15:07:29'),(252,56986,'admin/logout','Logged out','2017-12-12 15:07:37','2017-12-12 15:07:37'),(253,56986,'login','Logged in','2017-12-12 15:07:42','2017-12-12 15:07:42'),(254,56986,'admin/users','Opened the users page.','2017-12-12 15:07:47','2017-12-12 15:07:47'),(255,56986,'admin/logout','Logged out','2017-12-12 15:08:14','2017-12-12 15:08:14'),(256,57484,'login','Authorized staff triggered the create password process','2017-12-12 15:08:34','2017-12-12 15:08:34'),(257,57484,'store-password','Changed password for own account','2017-12-12 15:08:42','2017-12-12 15:08:42'),(258,57484,'login','Logged in','2017-12-12 15:08:50','2017-12-12 15:08:50'),(259,57484,'admin/users','Opened the users page.','2017-12-12 15:08:52','2017-12-12 15:08:52'),(260,57484,'admin/users/update','Updated user account; firstname from \"Akpoteheri\" to \"Akpoteheri\",\n				lastname from \"Omeru\" to \"Omeru\",\n				email from \"aomeru@salvicpetroleum.com\" to \"aomeru@salvicpetroleum.com\",\n				gender from \"male\" to \"male\",\n				account status from \"active\" to \"active\",\n				staff ID from \"G17090167\" to \"G17090167\",\n				role from \"Editor\" to \"Editor\",\n				unit from \"IT\" to unit with ID \"1\",\n				on user id .56986','2017-12-12 15:11:10','2017-12-12 15:11:10'),(261,57484,'admin/users','Opened the users page.','2017-12-12 15:11:11','2017-12-12 15:11:11'),(262,57484,'admin/users','Opened the users page.','2017-12-12 15:17:01','2017-12-12 15:17:01'),(263,57484,'admin/users/add','Added user \"Xzcvcxvxc Xcvxcz\" user ID .57643','2017-12-12 15:42:19','2017-12-12 15:42:19'),(264,57484,'admin/users','Opened the users page.','2017-12-12 15:42:19','2017-12-12 15:42:19'),(265,57484,'admin/users','Opened the users page.','2017-12-12 15:44:15','2017-12-12 15:44:15'),(266,57484,'admin/users/update','Updated user account; firstname from \"\" to \"bids\",\n				lastname from \"\" to \"bids\",\n				email from \"bids@salvicpetroleum.com\" to \"bids@salvicpetroleum.com\",\n				gender from \"male\" to \"male\",\n				account status from \"inactive\" to \"inactive\",\n				staff ID from \"\" to \"\",\n				role from \"Staff\" to \"Staff\",\n				unit from \"\" to unit with ID \"6\",\n				on user id .57355','2017-12-12 15:44:55','2017-12-12 15:44:55'),(267,57484,'admin/users','Opened the users page.','2017-12-12 15:44:55','2017-12-12 15:44:55'),(268,57484,'admin/users','Opened the users page.','2017-12-12 15:45:18','2017-12-12 15:45:18'),(269,57484,'admin/users','Opened the users page.','2017-12-12 15:45:28','2017-12-12 15:45:28'),(270,57484,'admin/users','Opened the users page.','2017-12-12 15:46:21','2017-12-12 15:46:21'),(271,57484,'admin/users','Opened the users page.','2017-12-12 15:46:32','2017-12-12 15:46:32'),(272,57484,'admin/users','Opened the users page.','2017-12-12 15:47:18','2017-12-12 15:47:18'),(273,57484,'admin/users','Opened the users page.','2017-12-12 16:01:15','2017-12-12 16:01:15'),(274,57484,'admin/users','Opened the users page.','2017-12-12 16:01:47','2017-12-12 16:01:47'),(275,57484,'admin/users','Opened the users page.','2017-12-12 16:01:53','2017-12-12 16:01:53'),(276,57484,'admin/users','Opened the users page.','2017-12-12 16:02:16','2017-12-12 16:02:16'),(277,57484,'admin/users','Opened the users page.','2017-12-12 16:02:23','2017-12-12 16:02:23'),(278,57484,'admin/users','Opened the users page.','2017-12-12 16:03:13','2017-12-12 16:03:13'),(279,57484,'admin/users','Opened the users page.','2017-12-12 16:03:54','2017-12-12 16:03:54'),(280,57484,'admin/users/delete','Deleted \"Xzcvcxvxc Xcvxcz\" user account with id .57643','2017-12-12 16:04:21','2017-12-12 16:04:21'),(281,57484,'admin/users','Opened the users page.','2017-12-12 16:04:28','2017-12-12 16:04:28'),(282,57484,'login','Logged in','2017-12-13 07:54:19','2017-12-13 07:54:19'),(283,57484,'admin/items','Opened the items page.','2017-12-13 07:55:08','2017-12-13 07:55:08'),(284,57484,'admin/users','Opened the users page.','2017-12-13 07:55:11','2017-12-13 07:55:11'),(285,57484,'admin/users','Opened the users page.','2017-12-13 08:59:54','2017-12-13 08:59:54'),(286,57484,'admin/users','Opened the users page.','2017-12-13 09:02:12','2017-12-13 09:02:12'),(287,57484,'admin/users','Opened the users page.','2017-12-13 09:02:38','2017-12-13 09:02:38'),(288,57484,'admin/users/reset-password','Carried out password reset for account \"Akpoteheri Omeru\" user account with id .56986','2017-12-13 09:03:15','2017-12-13 09:03:15'),(289,57484,'admin/logout','Logged out','2017-12-13 09:03:20','2017-12-13 09:03:20'),(290,57484,'login','Logged in','2017-12-13 09:03:25','2017-12-13 09:03:25'),(291,57484,'admin/users','Opened the users page.','2017-12-13 09:20:35','2017-12-13 09:20:35'),(292,57484,'admin/logout','Logged out','2017-12-13 09:20:41','2017-12-13 09:20:41'),(293,56986,'login','Authorized staff triggered the create password process','2017-12-13 09:21:06','2017-12-13 09:21:06'),(294,56986,'store-password','Changed password for own account','2017-12-13 09:21:59','2017-12-13 09:21:59'),(295,56986,'login','Logged in','2017-12-13 09:22:05','2017-12-13 09:22:05'),(296,56986,'admin/logout','Logged out','2017-12-13 09:22:11','2017-12-13 09:22:11'),(297,57484,'login','Logged in','2017-12-13 09:22:17','2017-12-13 09:22:17'),(298,57484,'admin/users','Opened the users page.','2017-12-13 09:22:24','2017-12-13 09:22:24'),(299,57484,'admin/inventory','Opened the items page.','2017-12-13 09:23:36','2017-12-13 09:23:36'),(300,57484,'admin/inventory','Opened the items page.','2017-12-13 09:30:49','2017-12-13 09:30:49'),(301,57484,'admin/inventory','Opened the items page.','2017-12-13 09:52:41','2017-12-13 09:52:41'),(302,57484,'admin/inventory','Opened the items page.','2017-12-13 09:53:19','2017-12-13 09:53:19'),(303,57484,'admin/inventory','Opened the items page.','2017-12-13 10:07:05','2017-12-13 10:07:05'),(304,57484,'admin/inventory','Opened the items page.','2017-12-13 10:23:14','2017-12-13 10:23:14'),(305,56986,'login','Logged in','2017-12-13 15:16:19','2017-12-13 15:16:19'),(306,56986,'admin/inventory','Opened the items page.','2017-12-13 15:16:24','2017-12-13 15:16:24'),(307,56986,'admin/inventory/add','Added inventory with serial number \"7CH710KQSR\" and id .1','2017-12-13 15:25:18','2017-12-13 15:25:18'),(308,56986,'admin/inventory','Opened the items page.','2017-12-13 15:25:19','2017-12-13 15:25:19'),(309,56986,'admin/inventory','Opened the items page.','2017-12-13 15:43:28','2017-12-13 15:43:28'),(310,56986,'admin/inventory','Opened the items page.','2017-12-13 15:43:56','2017-12-13 15:43:56'),(311,56986,'admin/inventory','Opened the items page.','2017-12-13 15:44:20','2017-12-13 15:44:20'),(312,56986,'admin/inventory','Opened the items page.','2017-12-13 15:45:23','2017-12-13 15:45:23'),(313,56986,'admin/inventory','Opened the items page.','2017-12-13 15:46:29','2017-12-13 15:46:29'),(314,56986,'admin/inventory/edit','Updated inventory item serial-no from \"7CH710KQSR\" to \"7CH710KQSR\",\n				and from \"Wireless Classic Keyboard & Mouse\" type to \"Wireless Classic Keyboard & Mouse\",\n				with id .1','2017-12-13 15:46:41','2017-12-13 15:46:41'),(315,56986,'admin/inventory','Opened the items page.','2017-12-13 15:47:07','2017-12-13 15:47:07'),(316,56986,'admin/inventory','Opened the items page.','2017-12-13 15:50:05','2017-12-13 15:50:05'),(317,56986,'admin/inventory/edit','Updated inventory item serial-no from \"7CH710KQSR\" to \"7CH710KQSR\",\n				and from \"Wireless Classic Keyboard & Mouse\" type to \"Wireless Classic Keyboard & Mouse\",\n				with id .1','2017-12-13 15:50:35','2017-12-13 15:50:35'),(318,56986,'admin/inventory','Opened the items page.','2017-12-13 15:51:17','2017-12-13 15:51:17'),(319,56986,'admin/inventory/edit','Updated inventory item serial-no from \"7CH710KQSR\" to \"7CH710KQSR\",\n				and from \"27es Display Screen\" type to \"27es Display Screen\",\n				with id .1','2017-12-13 15:51:28','2017-12-13 15:51:28'),(320,56986,'admin/inventory','Opened the items page.','2017-12-13 15:51:29','2017-12-13 15:51:29'),(321,56986,'admin/inventory/edit','Updated inventory item serial-no from \"7CH710KQSR\" to \"7CH710KQSt\",\n				and from \"Wireless Classic Keyboard & Mouse\" type to \"Wireless Classic Keyboard & Mouse\",\n				with id .1','2017-12-13 15:51:40','2017-12-13 15:51:40'),(322,56986,'admin/inventory','Opened the items page.','2017-12-13 15:51:41','2017-12-13 15:51:41'),(323,56986,'admin/inventory/edit','Updated inventory item serial-no from \"7CH710KQSt\" to \"7CH710KQSR\",\n				and from \"Wireless Classic Keyboard & Mouse\" type to \"Wireless Classic Keyboard & Mouse\",\n				with id .1','2017-12-13 15:51:47','2017-12-13 15:51:47'),(324,56986,'admin/inventory','Opened the items page.','2017-12-13 15:51:48','2017-12-13 15:51:48'),(325,56986,'admin/inventory','Opened the items page.','2017-12-13 15:52:08','2017-12-13 15:52:08'),(326,56986,'admin/inventory/add','Added inventory with serial number \"3CM733096K\" and id .2','2017-12-13 15:53:17','2017-12-13 15:53:17'),(327,56986,'admin/inventory','Opened the items page.','2017-12-13 15:53:17','2017-12-13 15:53:17'),(328,56986,'admin/logout','Logged out','2017-12-13 15:57:07','2017-12-13 15:57:07'),(329,57484,'login','Logged in','2017-12-13 15:57:13','2017-12-13 15:57:13'),(330,57484,'admin/inventory','Opened the items page.','2017-12-13 15:57:30','2017-12-13 15:57:30'),(331,57484,'admin/inventory/add','Added inventory with serial number \"XCBVCXBXCB\" and id .3','2017-12-13 16:13:33','2017-12-13 16:13:33'),(332,57484,'admin/inventory','Opened the items page.','2017-12-13 16:13:33','2017-12-13 16:13:33'),(333,57484,'admin/inventory','Opened the items page.','2017-12-13 16:13:53','2017-12-13 16:13:53'),(334,57484,'admin/inventory/delete','Deleted \"27es Display Screen\" with serial number \"XCBVCXBXCB\" from the inventory which had id: 3','2017-12-13 16:14:34','2017-12-13 16:14:34'),(335,57484,'admin/inventory','Opened the items page.','2017-12-13 16:14:38','2017-12-13 16:14:38'),(336,57484,'admin/inventory','Opened the items page.','2017-12-13 16:38:20','2017-12-13 16:38:20'),(337,57484,'admin/inventory','Opened the items page.','2017-12-13 16:39:34','2017-12-13 16:39:34'),(338,57484,'admin/inventory','Opened the items page.','2017-12-13 16:40:07','2017-12-13 16:40:07'),(339,57484,'admin/items','Opened the items page.','2017-12-13 16:40:13','2017-12-13 16:40:13'),(340,57484,'admin/inventory','Opened the items page.','2017-12-13 16:41:19','2017-12-13 16:41:19'),(341,57484,'admin/items','Opened the items page.','2017-12-13 16:41:32','2017-12-13 16:41:32'),(342,57484,'admin/users','Opened the users page.','2017-12-13 16:41:40','2017-12-13 16:41:40'),(343,57484,'admin/inventory','Opened the items page.','2017-12-13 16:41:56','2017-12-13 16:41:56'),(344,57484,'login','Logged in','2017-12-16 06:01:21','2017-12-16 06:01:21'),(345,57484,'login','Logged in','2017-12-18 09:59:19','2017-12-18 09:59:19'),(346,57484,'admin/inventory','Opened the items page.','2017-12-18 10:50:00','2017-12-18 10:50:00'),(347,57484,'admin/allocation','Opened the allocation page.','2017-12-18 11:26:16','2017-12-18 11:26:16'),(348,57484,'admin/users','Opened the users page.','2017-12-18 11:27:21','2017-12-18 11:27:21'),(349,57484,'admin/inventory','Opened the items page.','2017-12-18 11:32:23','2017-12-18 11:32:23'),(350,57484,'admin/allocation','Opened the allocation page.','2017-12-18 12:10:59','2017-12-18 12:10:59'),(351,57484,'admin/allocation','Opened the allocation page.','2017-12-18 12:11:58','2017-12-18 12:11:58'),(352,57484,'admin/allocation','Opened the allocation page.','2017-12-18 12:12:22','2017-12-18 12:12:22'),(353,57484,'admin/allocation','Opened the allocation page.','2017-12-18 12:12:54','2017-12-18 12:12:54'),(354,57484,'admin/users','Opened the users page.','2017-12-18 12:16:30','2017-12-18 12:16:30'),(355,57484,'admin/users/update','Updated user account; firstname from \"\" to \"Corporate\",\n				lastname from \"\" to \"Services\",\n				email from \"corporateservices@salvicpetroleum.com\" to \"corporateservices@salvicpetroleum.com\",\n				gender from \"male\" to \"male\",\n				account status from \"inactive\" to \"inactive\",\n				staff ID from \"\" to \"\",\n				role from \"Staff\" to \"Staff\",\n				unit from \"\" to unit with ID \"6\",\n				on user id .57399','2017-12-18 12:17:17','2017-12-18 12:17:17'),(356,57484,'admin/users','Opened the users page.','2017-12-18 12:17:18','2017-12-18 12:17:18'),(357,57484,'admin/departments-and-units','Opened the departments and units page.','2017-12-18 12:17:22','2017-12-18 12:17:22'),(358,57484,'admin/users','Opened the users page.','2017-12-18 12:18:14','2017-12-18 12:18:14'),(359,57484,'admin/users/update','Updated user account; firstname from \"\" to \"Ethics\",\n				lastname from \"\" to \"Compliance\",\n				email from \"Ethics_Compliance@salvicpetroleum.com\" to \"Ethics_Compliance@salvicpetroleum.com\",\n				gender from \"male\" to \"male\",\n				account status from \"inactive\" to \"inactive\",\n				staff ID from \"\" to \"\",\n				role from \"Staff\" to \"Staff\",\n				unit from \"\" to unit with ID \"\",\n				on user id .57428','2017-12-18 12:18:37','2017-12-18 12:18:37'),(360,57484,'admin/users','Opened the users page.','2017-12-18 12:18:38','2017-12-18 12:18:38'),(361,57484,'admin/users/update','Updated user account; firstname from \"Abbey\" to \"Abbey\",\n				lastname from \"Court\" to \"Court\",\n				email from \"\" to \"abbey@court.com\",\n				gender from \"male\" to \"male\",\n				account status from \"inactive\" to \"inactive\",\n				staff ID from \"\" to \"\",\n				role from \"Department\" to \"Department\",\n				unit from \"Organization\" to unit with ID \"7\",\n				on user id .57642','2017-12-18 12:19:17','2017-12-18 12:19:17'),(362,57484,'admin/users','Opened the users page.','2017-12-18 12:19:17','2017-12-18 12:19:17'),(363,57484,'admin/users/update','Updated user account; firstname from \"\" to \"HSSEQ\",\n				lastname from \"\" to \"Notification\",\n				email from \"HSSEQNotifications@salvicpetroleum.com\" to \"HSSEQNotifications@salvicpetroleum.com\",\n				gender from \"male\" to \"male\",\n				account status from \"inactive\" to \"inactive\",\n				staff ID from \"\" to \"\",\n				role from \"Staff\" to \"Staff\",\n				unit from \"\" to unit with ID \"\",\n				on user id .57459','2017-12-18 12:19:55','2017-12-18 12:19:55'),(364,57484,'admin/users','Opened the users page.','2017-12-18 12:19:56','2017-12-18 12:19:56'),(365,57484,'admin/users/update','Updated user account; firstname from \"HSSEQ\" to \"HSSEQ\",\n				lastname from \"Notification\" to \"Notification\",\n				email from \"HSSEQNotifications@salvicpetroleum.com\" to \"HSSEQNotifications@salvicpetroleum.com\",\n				gender from \"male\" to \"male\",\n				account status from \"inactive\" to \"inactive\",\n				staff ID from \"\" to \"\",\n				role from \"Department\" to \"Department\",\n				unit from \"\" to unit with ID \"6\",\n				on user id .57459','2017-12-18 12:20:04','2017-12-18 12:20:04'),(366,57484,'admin/users','Opened the users page.','2017-12-18 12:20:05','2017-12-18 12:20:05'),(367,57484,'admin/users/update','Updated user account; firstname from \"\" to \"Park-View\",\n				lastname from \"\" to \"Conference-Room\",\n				email from \"ParkViewConferenceRoom@salvicpetroleum.com\" to \"ParkViewConferenceRoom@salvicpetroleum.com\",\n				gender from \"male\" to \"male\",\n				account status from \"inactive\" to \"inactive\",\n				staff ID from \"\" to \"\",\n				role from \"Staff\" to \"Staff\",\n				unit from \"\" to unit with ID \"6\",\n				on user id .57557','2017-12-18 12:20:59','2017-12-18 12:20:59'),(368,57484,'admin/users','Opened the users page.','2017-12-18 12:21:00','2017-12-18 12:21:00'),(369,57484,'admin/users/update','Updated user account; firstname from \"\" to \"PR\",\n				lastname from \"\" to \"Commercial\",\n				email from \"prcommercial@salvicpetroleum.com\" to \"prcommercial@salvicpetroleum.com\",\n				gender from \"male\" to \"male\",\n				account status from \"inactive\" to \"inactive\",\n				staff ID from \"\" to \"\",\n				role from \"Staff\" to \"Staff\",\n				unit from \"\" to unit with ID \"6\",\n				on user id .57564','2017-12-18 12:21:43','2017-12-18 12:21:43'),(370,57484,'admin/users','Opened the users page.','2017-12-18 12:21:44','2017-12-18 12:21:44'),(371,57484,'admin/users/update','Updated user account; firstname from \"\" to \"SafetyAlerts\",\n				lastname from \"\" to \"LFI\",\n				email from \"SafetyAlertsandLFI@salvicpetroleum.com\" to \"SafetyAlertsandLFI@salvicpetroleum.com\",\n				gender from \"male\" to \"male\",\n				account status from \"inactive\" to \"inactive\",\n				staff ID from \"\" to \"\",\n				role from \"Staff\" to \"Staff\",\n				unit from \"\" to unit with ID \"6\",\n				on user id .57576','2017-12-18 12:23:32','2017-12-18 12:23:32'),(372,57484,'admin/users','Opened the users page.','2017-12-18 12:23:33','2017-12-18 12:23:33'),(373,57484,'admin/departments-and-units','Opened the departments and units page.','2017-12-18 12:23:36','2017-12-18 12:23:36'),(374,57484,'admin/departments-and-units/add-unit','Created HSSEQ unit with id .9','2017-12-18 12:24:05','2017-12-18 12:24:05'),(375,57484,'admin/departments-and-units','Opened the departments and units page.','2017-12-18 12:24:05','2017-12-18 12:24:05'),(376,57484,'admin/departments-and-units/add-unit','Created Joint Venture unit with id .10','2017-12-18 12:24:20','2017-12-18 12:24:20'),(377,57484,'admin/departments-and-units','Opened the departments and units page.','2017-12-18 12:24:20','2017-12-18 12:24:20'),(378,57484,'admin/users','Opened the users page.','2017-12-18 12:24:44','2017-12-18 12:24:44'),(379,57484,'admin/departments-and-units/add-unit','Created Commercial unit with id .11','2017-12-18 12:25:02','2017-12-18 12:25:02'),(380,57484,'admin/departments-and-units','Opened the departments and units page.','2017-12-18 12:25:02','2017-12-18 12:25:02'),(381,57484,'admin/departments-and-units/add-unit','Created Finance unit with id .12','2017-12-18 12:25:18','2017-12-18 12:25:18'),(382,57484,'admin/departments-and-units','Opened the departments and units page.','2017-12-18 12:25:19','2017-12-18 12:25:19'),(383,57484,'admin/departments-and-units/add-unit','Created Technical unit with id .13','2017-12-18 12:26:01','2017-12-18 12:26:01'),(384,57484,'admin/departments-and-units','Opened the departments and units page.','2017-12-18 12:26:02','2017-12-18 12:26:02'),(385,57484,'admin/departments-and-units/add-unit','Created Corporate Services unit with id .14','2017-12-18 12:26:15','2017-12-18 12:26:15'),(386,57484,'admin/departments-and-units','Opened the departments and units page.','2017-12-18 12:26:15','2017-12-18 12:26:15'),(387,57484,'admin/departments-and-units/add-unit','Created Corporate Affairs unit with id .15','2017-12-18 12:26:23','2017-12-18 12:26:23'),(388,57484,'admin/departments-and-units','Opened the departments and units page.','2017-12-18 12:26:24','2017-12-18 12:26:24'),(389,57484,'admin/departments-and-units/add-unit','Created Legal unit with id .16','2017-12-18 12:26:40','2017-12-18 12:26:40'),(390,57484,'admin/departments-and-units','Opened the departments and units page.','2017-12-18 12:26:40','2017-12-18 12:26:40'),(391,57484,'admin/departments-and-units/add-unit','Created Operations unit with id .17','2017-12-18 12:26:50','2017-12-18 12:26:50'),(392,57484,'admin/departments-and-units','Opened the departments and units page.','2017-12-18 12:26:51','2017-12-18 12:26:51'),(393,57484,'admin/departments-and-units/add-unit','Created Strategy & Planning unit with id .18','2017-12-18 12:27:01','2017-12-18 12:27:01'),(394,57484,'admin/departments-and-units','Opened the departments and units page.','2017-12-18 12:27:01','2017-12-18 12:27:01'),(395,57484,'admin/users','Opened the users page.','2017-12-18 12:27:29','2017-12-18 12:27:29'),(396,57484,'admin/users/update','Updated user account; firstname from \"bids\" to \"bids\",\n				lastname from \"bids\" to \"bids\",\n				email from \"bids@salvicpetroleum.com\" to \"bids@salvicpetroleum.com\",\n				gender from \"male\" to \"male\",\n				account status from \"inactive\" to \"inactive\",\n				staff ID from \"\" to \"\",\n				role from \"Staff\" to \"Staff\",\n				unit from \"Other\" to unit with ID \"14\",\n				on user id .57355','2017-12-18 12:27:42','2017-12-18 12:27:42'),(397,57484,'admin/users','Opened the users page.','2017-12-18 12:27:42','2017-12-18 12:27:42'),(398,57484,'admin/users/update','Updated user account; firstname from \"Corporate\" to \"Corporate\",\n				lastname from \"Services\" to \"Services\",\n				email from \"corporateservices@salvicpetroleum.com\" to \"corporateservices@salvicpetroleum.com\",\n				gender from \"male\" to \"male\",\n				account status from \"inactive\" to \"inactive\",\n				staff ID from \"\" to \"\",\n				role from \"Staff\" to \"Staff\",\n				unit from \"Other\" to unit with ID \"14\",\n				on user id .57399','2017-12-18 12:27:53','2017-12-18 12:27:53'),(399,57484,'admin/users','Opened the users page.','2017-12-18 12:27:54','2017-12-18 12:27:54'),(400,57484,'admin/users/update','Updated user account; firstname from \"bids\" to \"bids\",\n				lastname from \"bids\" to \"bids\",\n				email from \"bids@salvicpetroleum.com\" to \"bids@salvicpetroleum.com\",\n				gender from \"male\" to \"male\",\n				account status from \"inactive\" to \"inactive\",\n				staff ID from \"\" to \"\",\n				role from \"Staff\" to \"Staff\",\n				unit from \"Corporate Services\" to unit with ID \"6\",\n				on user id .57355','2017-12-18 12:28:00','2017-12-18 12:28:00'),(401,57484,'admin/users','Opened the users page.','2017-12-18 12:28:01','2017-12-18 12:28:01'),(402,57484,'admin/users/update','Updated user account; firstname from \"HSSEQ\" to \"HSSEQ\",\n				lastname from \"Notification\" to \"Notification\",\n				email from \"HSSEQNotifications@salvicpetroleum.com\" to \"HSSEQNotifications@salvicpetroleum.com\",\n				gender from \"male\" to \"male\",\n				account status from \"inactive\" to \"inactive\",\n				staff ID from \"\" to \"\",\n				role from \"Department\" to \"Department\",\n				unit from \"Other\" to unit with ID \"9\",\n				on user id .57459','2017-12-18 12:28:09','2017-12-18 12:28:09'),(403,57484,'admin/users','Opened the users page.','2017-12-18 12:28:09','2017-12-18 12:28:09'),(404,57484,'admin/users/update','Updated user account; firstname from \"PR\" to \"PR\",\n				lastname from \"Commercial\" to \"Commercial\",\n				email from \"prcommercial@salvicpetroleum.com\" to \"prcommercial@salvicpetroleum.com\",\n				gender from \"male\" to \"male\",\n				account status from \"inactive\" to \"inactive\",\n				staff ID from \"\" to \"\",\n				role from \"Department\" to \"Department\",\n				unit from \"Other\" to unit with ID \"11\",\n				on user id .57564','2017-12-18 12:28:23','2017-12-18 12:28:23'),(405,57484,'admin/users','Opened the users page.','2017-12-18 12:28:23','2017-12-18 12:28:23'),(406,57484,'admin/users/update','Updated user account; firstname from \"SafetyAlerts\" to \"SafetyAlerts\",\n				lastname from \"LFI\" to \"LFI\",\n				email from \"SafetyAlertsandLFI@salvicpetroleum.com\" to \"SafetyAlertsandLFI@salvicpetroleum.com\",\n				gender from \"male\" to \"male\",\n				account status from \"inactive\" to \"inactive\",\n				staff ID from \"\" to \"\",\n				role from \"Department\" to \"Department\",\n				unit from \"Other\" to unit with ID \"9\",\n				on user id .57576','2017-12-18 12:28:34','2017-12-18 12:28:34'),(407,57484,'admin/users','Opened the users page.','2017-12-18 12:28:34','2017-12-18 12:28:34'),(408,57484,'admin/users/update','Updated user account; firstname from \"\" to \"Corporate\",\n				lastname from \"\" to \"Affairs\",\n				email from \"salviccorporateaffairs@salvicpetroleum.com\" to \"salviccorporateaffairs@salvicpetroleum.com\",\n				gender from \"male\" to \"male\",\n				account status from \"inactive\" to \"inactive\",\n				staff ID from \"\" to \"\",\n				role from \"Staff\" to \"Staff\",\n				unit from \"\" to unit with ID \"15\",\n				on user id .57577','2017-12-18 12:29:04','2017-12-18 12:29:04'),(409,57484,'admin/users','Opened the users page.','2017-12-18 12:29:04','2017-12-18 12:29:04'),(410,57484,'admin/users/update','Updated user account; firstname from \"\" to \"Human\",\n				lastname from \"\" to \"Resources\",\n				email from \"hr@salvicpetroleum.com\" to \"hr@salvicpetroleum.com\",\n				gender from \"male\" to \"male\",\n				account status from \"inactive\" to \"inactive\",\n				staff ID from \"\" to \"\",\n				role from \"Staff\" to \"Staff\",\n				unit from \"\" to unit with ID \"2\",\n				on user id .57584','2017-12-18 12:29:30','2017-12-18 12:29:30'),(411,57484,'admin/users','Opened the users page.','2017-12-18 12:29:30','2017-12-18 12:29:30'),(412,57484,'admin/users/update','Updated user account; firstname from \"\" to \"Security\",\n				lastname from \"\" to \"Hsseq\",\n				email from \"security@salvicpetroleum.com\" to \"security@salvicpetroleum.com\",\n				gender from \"male\" to \"male\",\n				account status from \"inactive\" to \"inactive\",\n				staff ID from \"\" to \"\",\n				role from \"Staff\" to \"Staff\",\n				unit from \"\" to unit with ID \"9\",\n				on user id .57588','2017-12-18 12:30:07','2017-12-18 12:30:07'),(413,57484,'admin/users','Opened the users page.','2017-12-18 12:30:08','2017-12-18 12:30:08'),(414,57484,'admin/users','Opened the users page.','2017-12-18 12:30:12','2017-12-18 12:30:12'),(415,57484,'admin/departments-and-units','Opened the departments and units page.','2017-12-18 12:30:33','2017-12-18 12:30:33'),(416,57484,'admin/logout','Logged out','2017-12-18 12:30:44','2017-12-18 12:30:44'),(417,56986,'login','Logged in','2017-12-18 12:30:51','2017-12-18 12:30:51'),(418,56986,'admin/departments-and-units','Opened the departments and units page.','2017-12-18 12:30:57','2017-12-18 12:30:57'),(419,56986,'admin/departments-and-units/delete-unit','Deleted Admin unit with id .3','2017-12-18 12:31:22','2017-12-18 12:31:22'),(420,56986,'admin/departments-and-units/add-unit','Created Admin unit with id .19','2017-12-18 12:31:34','2017-12-18 12:31:34'),(421,56986,'admin/departments-and-units','Opened the departments and units page.','2017-12-18 12:31:34','2017-12-18 12:31:34'),(422,56986,'admin/departments-and-units','Opened the departments and units page.','2017-12-18 12:35:13','2017-12-18 12:35:13'),(423,56986,'admin/logout','Logged out','2017-12-18 12:35:21','2017-12-18 12:35:21'),(424,57484,'login','Logged in','2017-12-18 12:35:26','2017-12-18 12:35:26'),(425,57484,'admin/departments-and-units','Opened the departments and units page.','2017-12-18 12:35:30','2017-12-18 12:35:30'),(426,57484,'admin/allocation','Opened the allocation page.','2017-12-18 12:44:07','2017-12-18 12:44:07'),(427,57484,'admin/allocation','Opened the allocation page.','2017-12-18 12:56:14','2017-12-18 12:56:14'),(428,57484,'admin/allocation/add','Allocated item with serial number: #\"7CH710KQSR (Wireless Classic Keyboard & Mouse)\" to user \"Akpoteheri Omeru\" with allocation ID: .654','2017-12-18 12:57:25','2017-12-18 12:57:25'),(429,57484,'admin/allocation','Opened the allocation page.','2017-12-18 12:57:26','2017-12-18 12:57:26'),(430,57484,'admin/allocation','Opened the allocation page.','2017-12-18 13:26:43','2017-12-18 13:26:43'),(431,57484,'admin/allocation/add','Allocated item with serial number: #\"7CH710KQSR (Wireless Classic Keyboard & Mouse)\" to user \"Akpoteheri Omeru\" with allocation ID: .654','2017-12-18 13:33:21','2017-12-18 13:33:21'),(432,57484,'admin/allocation','Opened the allocation page.','2017-12-18 13:33:22','2017-12-18 13:33:22'),(433,57484,'admin/allocation','Opened the allocation page.','2017-12-18 13:38:13','2017-12-18 13:38:13'),(434,57484,'admin/allocation','Opened the allocation page.','2017-12-18 13:47:45','2017-12-18 13:47:45'),(435,57484,'admin/allocation/add','Allocated item with serial number: #\"3CM733096K (27es Display Screen)\" to user \"Akpoteheri Omeru\" with allocation ID: .655','2017-12-18 13:48:00','2017-12-18 13:48:00'),(436,57484,'admin/allocation','Opened the allocation page.','2017-12-18 13:48:00','2017-12-18 13:48:00'),(437,57484,'admin/inventory','Opened the items page.','2017-12-18 13:49:00','2017-12-18 13:49:00'),(438,57484,'login','Logged in','2017-12-18 17:43:43','2017-12-18 17:43:43'),(439,57484,'admin/inventory','Opened the items page.','2017-12-18 17:43:47','2017-12-18 17:43:47'),(440,57484,'admin/allocation','Opened the allocation page.','2017-12-18 17:43:50','2017-12-18 17:43:50'),(441,57484,'admin/allocation','Opened the allocation page.','2017-12-18 17:44:20','2017-12-18 17:44:20'),(442,57484,'admin/allocation','Opened the allocation page.','2017-12-18 17:44:51','2017-12-18 17:44:51'),(443,57484,'admin/allocation','Opened the allocation page.','2017-12-18 17:45:14','2017-12-18 17:45:14'),(444,57484,'admin/allocation','Opened the allocation page.','2017-12-18 17:45:44','2017-12-18 17:45:44'),(445,57484,'admin/allocation','Opened the allocation page.','2017-12-18 17:46:12','2017-12-18 17:46:12'),(446,57484,'admin/allocation','Opened the allocation page.','2017-12-18 17:47:27','2017-12-18 17:47:27'),(447,57484,'admin/allocation/edit','Updated allocation record entry with inventory ID from \"2\" to \"2\",\n				and from \"Akpoteheri Omeru\" user to \"Akpoteheri Omeru\",\n				on id .655','2017-12-18 17:49:47','2017-12-18 17:49:47'),(448,57484,'admin/allocation','Opened the allocation page.','2017-12-18 17:49:48','2017-12-18 17:49:48'),(449,57484,'admin/allocation/edit','Updated allocation record entry with inventory ID from \"2\" to \"2\",\n				and from \"Akpoteheri Omeru\" user to \"Akpoteheri Omeru\",\n				on id .655','2017-12-18 17:50:02','2017-12-18 17:50:02'),(450,57484,'admin/allocation','Opened the allocation page.','2017-12-18 17:50:03','2017-12-18 17:50:03'),(451,57484,'admin/allocation/edit','Updated allocation record entry with inventory ID from \"2\" to \"2\",\n				and from \"Adekunle Adepitan\" user to \"Adekunle Adepitan\",\n				on id .655','2017-12-18 17:50:24','2017-12-18 17:50:24'),(452,57484,'admin/allocation','Opened the allocation page.','2017-12-18 17:50:25','2017-12-18 17:50:25'),(453,57484,'admin/allocation','Opened the allocation page.','2017-12-18 17:50:27','2017-12-18 17:50:27'),(454,57484,'admin/allocation','Opened the allocation page.','2017-12-18 17:59:14','2017-12-18 17:59:14'),(455,57484,'admin/allocation/delete','Deleted \"#655\" allocation, of inventory with id: \"2\" for \"Akpoteheri Omeru\"','2017-12-18 17:59:41','2017-12-18 17:59:41'),(456,57484,'admin/allocation','Opened the allocation page.','2017-12-18 17:59:47','2017-12-18 17:59:47'),(457,57484,'admin/allocation/add','Allocated item with serial number: #\"3CM733096K (27es Display Screen)\" to user \"Akpoteheri Omeru\" with allocation ID: .656','2017-12-18 17:59:58','2017-12-18 17:59:58'),(458,57484,'admin/allocation','Opened the allocation page.','2017-12-18 17:59:58','2017-12-18 17:59:58'),(459,57484,'admin/items','Opened the items page.','2017-12-18 18:00:07','2017-12-18 18:00:07'),(460,57484,'admin/inventory','Opened the items page.','2017-12-18 18:00:16','2017-12-18 18:00:16'),(461,57484,'admin/items','Opened the items page.','2017-12-18 18:00:21','2017-12-18 18:00:21'),(462,57484,'admin/inventory','Opened the items page.','2017-12-18 18:00:32','2017-12-18 18:00:32'),(463,57484,'admin/inventory','Opened the items page.','2017-12-18 18:03:46','2017-12-18 18:03:46'),(464,57484,'admin/allocation','Opened the allocation page.','2017-12-18 18:03:53','2017-12-18 18:03:53'),(465,57484,'admin/allocation','Opened the allocation page.','2017-12-18 18:04:10','2017-12-18 18:04:10'),(466,57484,'admin/inventory','Opened the items page.','2017-12-18 18:04:17','2017-12-18 18:04:17'),(467,57484,'admin/inventory','Opened the items page.','2017-12-18 18:04:45','2017-12-18 18:04:45'),(468,57484,'admin/allocation/delete','Deleted \"#656\" allocation, of inventory with id: \"2\" for \"Akpoteheri Omeru\"','2017-12-18 18:04:50','2017-12-18 18:04:50'),(469,57484,'admin/inventory','Opened the items page.','2017-12-18 18:06:14','2017-12-18 18:06:14'),(470,57484,'admin/inventory','Opened the items page.','2017-12-18 18:07:05','2017-12-18 18:07:05'),(471,57484,'admin/inventory','Opened the items page.','2017-12-18 18:07:14','2017-12-18 18:07:14'),(472,57484,'admin/items','Opened the items page.','2017-12-18 18:07:46','2017-12-18 18:07:46'),(473,57484,'admin/items','Opened the items page.','2017-12-19 08:48:26','2017-12-19 08:48:26'),(474,57484,'admin/items','Opened the items page.','2017-12-19 08:50:32','2017-12-19 08:50:32'),(475,57484,'admin/items','Opened the items page.','2017-12-19 08:51:06','2017-12-19 08:51:06'),(476,57484,'admin/allocation','Opened the allocation page.','2017-12-19 08:51:18','2017-12-19 08:51:18'),(477,57484,'admin/items','Opened the items page.','2017-12-19 08:52:19','2017-12-19 08:52:19'),(478,57484,'admin/items','Opened the items page.','2017-12-19 08:53:24','2017-12-19 08:53:24'),(479,57484,'admin/items','Opened the items page.','2017-12-19 08:54:27','2017-12-19 08:54:27'),(480,57484,'admin/items','Opened the items page.','2017-12-19 08:55:08','2017-12-19 08:55:08'),(481,57484,'admin/items','Opened the items page.','2017-12-19 08:55:33','2017-12-19 08:55:33'),(482,57484,'admin/allocation/add','Allocated item with serial number: #\"3CM733096K (27es Display Screen)\" to user \"Akpoteheri Omeru\" with allocation ID: .657','2017-12-19 08:56:19','2017-12-19 08:56:19'),(483,57484,'admin/allocation','Opened the allocation page.','2017-12-19 08:56:20','2017-12-19 08:56:20'),(484,57484,'admin/items','Opened the items page.','2017-12-19 08:56:23','2017-12-19 08:56:23'),(485,57484,'admin/items','Opened the items page.','2017-12-19 09:00:36','2017-12-19 09:00:36'),(486,57484,'admin/items','Opened the items page.','2017-12-19 09:02:27','2017-12-19 09:02:27'),(487,57484,'admin/items','Opened the items page.','2017-12-19 09:08:40','2017-12-19 09:08:40'),(488,57484,'admin/allocation/delete','Deleted \"#657\" allocation, of inventory with id: \"2\" for \"Akpoteheri Omeru\"','2017-12-19 09:10:08','2017-12-19 09:10:08'),(489,57484,'admin/items','Opened the items page.','2017-12-19 09:10:11','2017-12-19 09:10:11'),(490,57484,'admin/allocation','Opened the allocation page.','2017-12-19 09:10:23','2017-12-19 09:10:23'),(491,57484,'admin/allocation/add','Allocated item with serial number: #\"3CM733096K (27es Display Screen)\" to user \"Akpoteheri Omeru\" with allocation ID: .658','2017-12-19 09:10:42','2017-12-19 09:10:42'),(492,57484,'admin/allocation','Opened the allocation page.','2017-12-19 09:10:42','2017-12-19 09:10:42'),(493,57484,'admin/items','Opened the items page.','2017-12-19 09:10:51','2017-12-19 09:10:51'),(494,57484,'admin/items/add','Created \"HP Probook 640 G3 i5\" item with id .2549','2017-12-19 09:11:37','2017-12-19 09:11:37'),(495,57484,'admin/items','Opened the items page.','2017-12-19 09:11:37','2017-12-19 09:11:37'),(496,57484,'admin/inventory','Opened the items page.','2017-12-19 09:11:40','2017-12-19 09:11:40'),(497,57484,'admin/inventory/add','Added inventory with serial number \"5CG7350C7Q\" and id .4','2017-12-19 09:12:32','2017-12-19 09:12:32'),(498,57484,'admin/inventory','Opened the items page.','2017-12-19 09:12:32','2017-12-19 09:12:32'),(499,57484,'admin/inventory/add','Added inventory with serial number \"5CG7350C5F\" and id .5','2017-12-19 09:14:51','2017-12-19 09:14:51'),(500,57484,'admin/inventory','Opened the items page.','2017-12-19 09:14:52','2017-12-19 09:14:52'),(501,57484,'admin/items','Opened the items page.','2017-12-19 09:15:03','2017-12-19 09:15:03'),(502,57484,'admin/allocation','Opened the allocation page.','2017-12-19 09:15:11','2017-12-19 09:15:11'),(503,57484,'admin/allocation/add','Allocated item with serial number: #\"5CG7350C5F (HP Probook 640 G3 i5)\" to user \"Obinna Akahara\" with allocation ID: .659','2017-12-19 09:22:26','2017-12-19 09:22:26'),(504,57484,'admin/allocation','Opened the allocation page.','2017-12-19 09:22:27','2017-12-19 09:22:27'),(505,57484,'admin/allocation/add','Allocated item with serial number: #\"5CG7350C7Q (HP Probook 640 G3 i5)\" to user \"John Ikwuka\" with allocation ID: .660','2017-12-19 09:22:56','2017-12-19 09:22:56'),(506,57484,'admin/allocation','Opened the allocation page.','2017-12-19 09:22:56','2017-12-19 09:22:56'),(507,57484,'admin/allocation','Opened the allocation page.','2017-12-19 09:23:35','2017-12-19 09:23:35'),(508,57484,'admin/inventory','Opened the items page.','2017-12-19 09:23:53','2017-12-19 09:23:53'),(509,57484,'admin/items','Opened the items page.','2017-12-19 09:24:08','2017-12-19 09:24:08'),(510,57484,'admin/inventory','Opened the items page.','2017-12-19 09:24:11','2017-12-19 09:24:11'),(511,57484,'admin/items','Opened the items page.','2017-12-19 09:24:17','2017-12-19 09:24:17'),(512,57484,'admin/inventory','Opened the items page.','2017-12-19 09:24:45','2017-12-19 09:24:45'),(513,57484,'admin/inventory','Opened the items page.','2017-12-19 09:27:42','2017-12-19 09:27:42'),(514,57484,'admin/inventory','Opened the items page.','2017-12-19 09:27:52','2017-12-19 09:27:52'),(515,57484,'admin/inventory','Opened the items page.','2017-12-19 09:28:18','2017-12-19 09:28:18'),(516,57484,'admin/items','Opened the items page.','2017-12-19 09:28:55','2017-12-19 09:28:55'),(517,57484,'admin/inventory','Opened the items page.','2017-12-19 09:29:14','2017-12-19 09:29:14'),(518,57484,'admin/inventory','Opened the items page.','2017-12-19 09:29:26','2017-12-19 09:29:26'),(519,57484,'admin/inventory','Opened the items page.','2017-12-19 09:31:09','2017-12-19 09:31:09'),(520,57484,'admin/inventory','Opened the items page.','2017-12-19 09:36:03','2017-12-19 09:36:03'),(521,57484,'admin/inventory','Opened the items page.','2017-12-19 09:37:12','2017-12-19 09:37:12'),(522,57484,'admin/inventory','Opened the items page.','2017-12-19 09:38:18','2017-12-19 09:38:18'),(523,57484,'admin/items','Opened the items page.','2017-12-19 09:40:22','2017-12-19 09:40:22'),(524,57484,'admin/items','Opened the items page.','2017-12-19 09:42:04','2017-12-19 09:42:04'),(525,57484,'admin/items','Opened the items page.','2017-12-19 09:42:23','2017-12-19 09:42:23'),(526,57484,'admin/items','Opened the items page.','2017-12-19 09:42:49','2017-12-19 09:42:49'),(527,57484,'admin/items','Opened the items page.','2017-12-19 09:43:13','2017-12-19 09:43:13'),(528,57484,'admin/items','Opened the items page.','2017-12-19 09:43:32','2017-12-19 09:43:32'),(529,57484,'admin/items','Opened the items page.','2017-12-19 09:43:53','2017-12-19 09:43:53'),(530,57484,'admin/items','Opened the items page.','2017-12-19 09:44:16','2017-12-19 09:44:16'),(531,57484,'admin/items/add','Created \"Color Laser Jet pro MFP M477w\" item with id .2550','2017-12-19 09:45:38','2017-12-19 09:45:38'),(532,57484,'admin/items','Opened the items page.','2017-12-19 09:45:38','2017-12-19 09:45:38'),(533,57484,'admin/inventory','Opened the items page.','2017-12-19 09:45:46','2017-12-19 09:45:46'),(534,57484,'admin/items','Opened the items page.','2017-12-19 09:45:57','2017-12-19 09:45:57'),(535,57484,'admin/inventory','Opened the items page.','2017-12-19 09:46:00','2017-12-19 09:46:00'),(536,57484,'admin/inventory/add','Added inventory with serial number \"VNB8K3L94W\" and id .6','2017-12-19 09:47:32','2017-12-19 09:47:32'),(537,57484,'admin/inventory','Opened the items page.','2017-12-19 09:47:32','2017-12-19 09:47:32'),(538,57484,'admin/allocation','Opened the allocation page.','2017-12-19 09:47:52','2017-12-19 09:47:52'),(539,57484,'admin/users','Opened the users page.','2017-12-19 09:48:11','2017-12-19 09:48:11'),(540,57484,'admin/users/add','Added user \"IT Unit\" user ID .57643','2017-12-19 09:48:52','2017-12-19 09:48:52'),(541,57484,'admin/users','Opened the users page.','2017-12-19 09:48:53','2017-12-19 09:48:53'),(542,57484,'admin/allocation','Opened the allocation page.','2017-12-19 09:48:58','2017-12-19 09:48:58'),(543,57484,'admin/users','Opened the users page.','2017-12-19 09:49:01','2017-12-19 09:49:01'),(544,57484,'admin/logout','Logged out','2017-12-19 09:49:54','2017-12-19 09:49:54'),(545,56986,'login','Logged in','2017-12-19 09:50:01','2017-12-19 09:50:01'),(546,56986,'admin/inventory','Opened the items page.','2017-12-19 09:50:12','2017-12-19 09:50:12'),(547,56986,'admin/logout','Logged out','2017-12-19 09:50:17','2017-12-19 09:50:17'),(548,57484,'login','Logged in','2017-12-19 09:50:22','2017-12-19 09:50:22'),(549,57484,'admin/users','Opened the users page.','2017-12-19 09:50:34','2017-12-19 09:50:34'),(550,57484,'admin/departments-and-units','Opened the departments and units page.','2017-12-19 09:50:45','2017-12-19 09:50:45'),(551,57484,'admin/allocation','Opened the allocation page.','2017-12-19 09:51:09','2017-12-19 09:51:09'),(552,57484,'admin/inventory','Opened the items page.','2017-12-19 09:51:19','2017-12-19 09:51:19'),(553,57484,'admin/items','Opened the items page.','2017-12-19 09:51:22','2017-12-19 09:51:22'),(554,57484,'admin/items','Opened the items page.','2017-12-19 09:51:40','2017-12-19 09:51:40'),(555,57484,'admin/departments-and-units','Opened the departments and units page.','2017-12-19 09:56:11','2017-12-19 09:56:11'),(556,57484,'admin/logout','Logged out','2017-12-19 10:38:29','2017-12-19 10:38:29'),(557,56986,'login','Logged in','2017-12-19 10:38:34','2017-12-19 10:38:34'),(558,56986,'admin/users','Opened the users page.','2017-12-19 10:38:57','2017-12-19 10:38:57'),(559,56986,'admin/users','Opened the users page.','2017-12-19 10:54:20','2017-12-19 10:54:20'),(560,56986,'admin/users','Opened the users page.','2017-12-19 11:07:35','2017-12-19 11:07:35'),(561,56986,'admin/logout','Logged out','2017-12-19 11:07:40','2017-12-19 11:07:40'),(562,57484,'login','Logged in','2017-12-19 11:07:46','2017-12-19 11:07:46'),(563,57484,'admin/inventory','Opened the items page.','2017-12-19 11:08:55','2017-12-19 11:08:55'),(564,57484,'admin/inventory/add','Added inventory with serial number \"5CD7230GM9\" and id .7','2017-12-19 11:09:23','2017-12-19 11:09:23'),(565,57484,'admin/inventory','Opened the items page.','2017-12-19 11:09:23','2017-12-19 11:09:23'),(566,57484,'admin/allocation','Opened the allocation page.','2017-12-19 11:09:26','2017-12-19 11:09:26'),(567,57484,'admin/allocation/add','Allocated item with serial number: #\"5CD7230GM9 (HP Probook 440 G3 i3)\" to user \"Barnabas Chukwudulue\" with allocation ID: .661','2017-12-19 11:09:36','2017-12-19 11:09:36'),(568,57484,'admin/allocation','Opened the allocation page.','2017-12-19 11:09:37','2017-12-19 11:09:37'),(569,57484,'admin/inventory','Opened the items page.','2017-12-19 11:15:16','2017-12-19 11:15:16'),(570,57484,'admin/inventory/add','Added inventory with serial number \"5CD7230GND\" and id .8','2017-12-19 11:15:36','2017-12-19 11:15:36'),(571,57484,'admin/inventory','Opened the items page.','2017-12-19 11:15:37','2017-12-19 11:15:37'),(572,57484,'admin/allocation','Opened the allocation page.','2017-12-19 11:15:43','2017-12-19 11:15:43'),(573,57484,'admin/allocation/add','Allocated item with serial number: #\"5CD7230GND (HP Probook 440 G3 i3)\" to user \"Kenneth Okolie\" with allocation ID: .662','2017-12-19 11:15:57','2017-12-19 11:15:57'),(574,57484,'admin/allocation','Opened the allocation page.','2017-12-19 11:15:58','2017-12-19 11:15:58'),(575,57484,'admin/logout','Logged out','2017-12-19 11:18:38','2017-12-19 11:18:38'),(576,56986,'login','Logged in','2017-12-19 11:18:59','2017-12-19 11:18:59'),(577,56986,'admin/users','Tried to access a page tthe IT store without authorization','2017-12-19 11:19:08','2017-12-19 11:19:08'),(578,56986,'admin/logout','Logged out','2017-12-19 11:19:18','2017-12-19 11:19:18'),(579,57484,'login','Logged in','2017-12-19 11:22:56','2017-12-19 11:22:56'),(580,57484,'admin/users','Opened the users page.','2017-12-19 11:23:23','2017-12-19 11:23:23'),(581,57484,'admin/users/update','Updated user account; firstname from \"Abbey\" to \"Abbey\",\n				lastname from \"Court\" to \"Courtt\",\n				email from \"abbey@court.com\" to \"abbey@court.com\",\n				gender from \"male\" to \"male\",\n				account status from \"inactive\" to \"inactive\",\n				staff ID from \"\" to \"\",\n				role from \"Organization\" to \"Organization\",\n				unit from \"Organization\" to unit with ID \"7\",\n				on user id .57642','2017-12-19 11:25:41','2017-12-19 11:25:41'),(582,57484,'admin/users','Opened the users page.','2017-12-19 11:25:42','2017-12-19 11:25:42'),(583,57484,'admin/users/update','Updated user account; firstname from \"Abbey\" to \"Abbey\",\n				lastname from \"Courtt\" to \"Court\",\n				email from \"abbey@court.com\" to \"abbey@court.com\",\n				gender from \"male\" to \"male\",\n				account status from \"inactive\" to \"inactive\",\n				staff ID from \"\" to \"\",\n				role from \"Organization\" to \"Organization\",\n				unit from \"Organization\" to unit with ID \"7\",\n				on user id .57642','2017-12-19 11:25:50','2017-12-19 11:25:50'),(584,57484,'admin/users','Opened the users page.','2017-12-19 11:25:50','2017-12-19 11:25:50'),(585,57484,'admin/departments-and-units','Opened the departments and units page.','2017-12-19 11:40:42','2017-12-19 11:40:42'),(586,57484,'admin/departments-and-units','Opened the departments and units page.','2017-12-19 11:44:21','2017-12-19 11:44:21'),(587,57484,'admin/departments-and-units','Opened the departments and units page.','2017-12-19 11:44:50','2017-12-19 11:44:50'),(588,57484,'admin/departments-and-units','Opened the departments and units page.','2017-12-19 14:18:14','2017-12-19 14:18:14'),(589,57484,'admin/departments-and-units/show/64592','Opened the Corporate Services department page.','2017-12-19 14:26:57','2017-12-19 14:26:57'),(590,57484,'admin/departments-and-units/show/64592','Opened the Corporate Services department page.','2017-12-19 14:27:34','2017-12-19 14:27:34'),(591,57484,'admin/departments-and-units/show/64592','Opened the Corporate Services department page.','2017-12-19 14:28:48','2017-12-19 14:28:48'),(592,57484,'admin/departments-and-units/show/64592','Opened the Corporate Services department page.','2017-12-19 14:29:01','2017-12-19 14:29:01'),(593,57484,'admin/departments-and-units/show/64592','Opened the Corporate Services department page.','2017-12-19 14:30:10','2017-12-19 14:30:10'),(594,57484,'admin/departments-and-units/show/64592','Opened the Corporate Services department page.','2017-12-19 14:31:37','2017-12-19 14:31:37'),(595,57484,'admin/departments-and-units/show/64592','Opened the Corporate Services department page.','2017-12-19 14:32:21','2017-12-19 14:32:21'),(596,57484,'admin/departments-and-units','Opened the departments and units page.','2017-12-19 14:32:30','2017-12-19 14:32:30'),(597,57484,'admin/departments-and-units/show/64592','Opened the Corporate Services department page.','2017-12-19 14:32:40','2017-12-19 14:32:40'),(598,57484,'admin/departments-and-units/show/64592','Opened the Corporate Services department page.','2017-12-19 14:35:17','2017-12-19 14:35:17'),(599,57484,'admin/departments-and-units/show/64592','Opened the Corporate Services department page.','2017-12-19 14:35:33','2017-12-19 14:35:33'),(600,57484,'admin/departments-and-units/show/64592','Opened the Corporate Services department page.','2017-12-19 14:37:18','2017-12-19 14:37:18'),(601,57484,'admin/departments-and-units/show/64592','Opened the Corporate Services department page.','2017-12-19 14:37:39','2017-12-19 14:37:39'),(602,57484,'admin/departments-and-units','Opened the departments and units page.','2017-12-19 14:52:43','2017-12-19 14:52:43'),(603,57484,'admin/departments-and-units','Opened the departments and units page.','2017-12-19 14:53:25','2017-12-19 14:53:25'),(604,57484,'admin/departments-and-units','Opened the departments and units page.','2017-12-19 14:53:30','2017-12-19 14:53:30'),(605,57484,'admin/departments-and-units/show/department/64592','Opened the Corporate Services department page.','2017-12-19 14:53:37','2017-12-19 14:53:37'),(606,57484,'admin/departments-and-units','Opened the departments and units page.','2017-12-19 14:53:41','2017-12-19 14:53:41'),(607,57484,'admin/departments-and-units/show/unit/1','Opened the IT unit page.','2017-12-19 14:54:15','2017-12-19 14:54:15'),(608,57484,'admin/departments-and-units/show/unit/1','Opened the IT unit page.','2017-12-19 14:54:53','2017-12-19 14:54:53'),(609,57484,'admin/departments-and-units/show/unit/1','Opened the IT unit page.','2017-12-19 14:55:27','2017-12-19 14:55:27'),(610,57484,'admin/departments-and-units/show/unit/1','Opened the IT unit page.','2017-12-19 14:57:08','2017-12-19 14:57:08'),(611,57484,'admin/departments-and-units/show/unit/1','Opened the IT unit page.','2017-12-19 14:57:26','2017-12-19 14:57:26'),(612,57484,'admin/departments-and-units/show/department/64592','Opened the Corporate Services department page.','2017-12-19 14:57:28','2017-12-19 14:57:28'),(613,57484,'admin/departments-and-units','Opened the departments and units page.','2017-12-19 14:57:33','2017-12-19 14:57:33'),(614,57484,'admin/departments-and-units/show/unit/19','Opened the Admin unit page.','2017-12-19 14:57:36','2017-12-19 14:57:36'),(615,57484,'admin/departments-and-units/show/department/64592','Opened the Corporate Services department page.','2017-12-19 14:57:40','2017-12-19 14:57:40'),(616,57484,'admin/departments-and-units','Opened the departments and units page.','2017-12-19 14:57:43','2017-12-19 14:57:43'),(617,57484,'admin/departments-and-units/show/unit/15','Opened the Corporate Affairs unit page.','2017-12-19 14:57:46','2017-12-19 14:57:46'),(618,57484,'admin/departments-and-units','Opened the departments and units page.','2017-12-19 14:57:50','2017-12-19 14:57:50'),(619,57484,'admin/departments-and-units/show/department/64592','Opened the Corporate Services department page.','2017-12-19 14:57:57','2017-12-19 14:57:57'),(620,57484,'admin/departments-and-units/show/department/64592','Opened the Corporate Services department page.','2017-12-19 14:58:21','2017-12-19 14:58:21'),(621,57484,'admin/departments-and-units/show/unit/1','Opened the IT unit page.','2017-12-19 14:58:24','2017-12-19 14:58:24'),(622,57484,'admin/users','Opened the users page.','2017-12-19 15:00:37','2017-12-19 15:00:37'),(623,57484,'admin/users','Opened the users page.','2017-12-19 15:02:18','2017-12-19 15:02:18'),(624,57484,'admin/users','Opened the users page.','2017-12-19 15:03:27','2017-12-19 15:03:27'),(625,57484,'admin/users','Opened the users page.','2017-12-19 15:12:28','2017-12-19 15:12:28'),(626,57484,'admin/users','Opened the users page.','2017-12-19 15:12:35','2017-12-19 15:12:35'),(627,57484,'admin/users','Opened the users page.','2017-12-19 15:12:45','2017-12-19 15:12:45'),(628,57484,'admin/users','Opened the users page.','2017-12-19 15:12:50','2017-12-19 15:12:50'),(629,57484,'admin/users','Opened the users page.','2017-12-19 15:13:01','2017-12-19 15:13:01'),(630,57484,'admin/users','Opened the users page.','2017-12-19 15:13:14','2017-12-19 15:13:14'),(631,57484,'admin/users','Opened the users page.','2017-12-19 15:13:41','2017-12-19 15:13:41'),(632,57484,'admin/users','Opened the users page.','2017-12-19 15:13:48','2017-12-19 15:13:48'),(633,57484,'admin/users','Opened the users page.','2017-12-19 15:14:16','2017-12-19 15:14:16'),(634,57484,'admin/users','Opened the users page.','2017-12-19 15:14:28','2017-12-19 15:14:28'),(635,57484,'admin/users','Opened the users page.','2017-12-19 15:15:01','2017-12-19 15:15:01'),(636,57484,'admin/users/view/eyJpdiI6IkxNbFJ5NEZSVWdFWkFPc0Z1QmxwTXc9PSIsInZhbHVlIjoiTnZibWE4NXptS2VqU3lpd3JuZHVJUT09IiwibWFjIjoiYjg1NDRkNWEzOTkwMWI1Y2QxNzJjNGE4ZWE1ZTkyNzUzYmY0Mjg1MGJmYzI5NjUzNjYxMmIwYmQ2MTc1ODE4OSJ9','Opened Akpoteheri Omeru allocation page.','2017-12-19 15:15:28','2017-12-19 15:15:28'),(637,57484,'admin/users','Opened the users page.','2017-12-19 15:15:45','2017-12-19 15:15:45'),(638,57484,'admin/users/view/eyJpdiI6Imttc2dqZWYzdWo5NGhCbks5UjNLdXc9PSIsInZhbHVlIjoicXpTVGc0OXRuS1g3djZsdTczSWlXZz09IiwibWFjIjoiNjFjZTUyMzE3N2ZjZjg5YjEwNzc5ODZhMzNjZjUzY2I3OTgxNzQ0NTg4MDBkM2YxMjc3ODBkZGJhNTVjNjQ5MCJ9','Opened Barnabas Chukwudulue allocation page.','2017-12-19 15:15:54','2017-12-19 15:15:54'),(639,57484,'admin/users/view/eyJpdiI6Imttc2dqZWYzdWo5NGhCbks5UjNLdXc9PSIsInZhbHVlIjoicXpTVGc0OXRuS1g3djZsdTczSWlXZz09IiwibWFjIjoiNjFjZTUyMzE3N2ZjZjg5YjEwNzc5ODZhMzNjZjUzY2I3OTgxNzQ0NTg4MDBkM2YxMjc3ODBkZGJhNTVjNjQ5MCJ9','Opened Barnabas Chukwudulue allocation page.','2017-12-19 15:18:20','2017-12-19 15:18:20'),(640,57484,'admin/users/view/eyJpdiI6Imttc2dqZWYzdWo5NGhCbks5UjNLdXc9PSIsInZhbHVlIjoicXpTVGc0OXRuS1g3djZsdTczSWlXZz09IiwibWFjIjoiNjFjZTUyMzE3N2ZjZjg5YjEwNzc5ODZhMzNjZjUzY2I3OTgxNzQ0NTg4MDBkM2YxMjc3ODBkZGJhNTVjNjQ5MCJ9','Opened Barnabas Chukwudulue allocation page.','2017-12-19 15:18:31','2017-12-19 15:18:31'),(641,57484,'admin/users/view/eyJpdiI6Imttc2dqZWYzdWo5NGhCbks5UjNLdXc9PSIsInZhbHVlIjoicXpTVGc0OXRuS1g3djZsdTczSWlXZz09IiwibWFjIjoiNjFjZTUyMzE3N2ZjZjg5YjEwNzc5ODZhMzNjZjUzY2I3OTgxNzQ0NTg4MDBkM2YxMjc3ODBkZGJhNTVjNjQ5MCJ9','Opened Barnabas Chukwudulue allocation page.','2017-12-19 15:18:41','2017-12-19 15:18:41'),(642,57484,'admin/users/view/eyJpdiI6Imttc2dqZWYzdWo5NGhCbks5UjNLdXc9PSIsInZhbHVlIjoicXpTVGc0OXRuS1g3djZsdTczSWlXZz09IiwibWFjIjoiNjFjZTUyMzE3N2ZjZjg5YjEwNzc5ODZhMzNjZjUzY2I3OTgxNzQ0NTg4MDBkM2YxMjc3ODBkZGJhNTVjNjQ5MCJ9','Opened Barnabas Chukwudulue allocation page.','2017-12-19 15:18:58','2017-12-19 15:18:58'),(643,57484,'admin/users','Opened the users page.','2017-12-19 15:19:06','2017-12-19 15:19:06'),(644,57484,'admin/users/view/eyJpdiI6IjVWdDVveThFWnc5RHY3RU52UCtPVWc9PSIsInZhbHVlIjoiZDM4QWxmVG1yKzRISmdxR244eWhIUT09IiwibWFjIjoiNzgzNGI1ZmM4Y2Y0MDE5MjliZmRkZGE0NTQ5MThjZjU3YjMzMzQ4MGI0ZGQxMmZjYjcxZTAyMGRhNjY5OWQwNiJ9','Opened Akpoteheri Omeru allocation page.','2017-12-19 15:19:12','2017-12-19 15:19:12'),(645,57484,'admin/users/view/eyJpdiI6IjVWdDVveThFWnc5RHY3RU52UCtPVWc9PSIsInZhbHVlIjoiZDM4QWxmVG1yKzRISmdxR244eWhIUT09IiwibWFjIjoiNzgzNGI1ZmM4Y2Y0MDE5MjliZmRkZGE0NTQ5MThjZjU3YjMzMzQ4MGI0ZGQxMmZjYjcxZTAyMGRhNjY5OWQwNiJ9','Opened Akpoteheri Omeru allocation page.','2017-12-19 15:20:32','2017-12-19 15:20:32'),(646,57484,'admin/users','Opened the users page.','2017-12-19 15:20:38','2017-12-19 15:20:38'),(647,57484,'admin/departments-and-units','Opened the departments and units page.','2017-12-19 15:22:55','2017-12-19 15:22:55'),(648,57484,'admin/inventory','Opened the items page.','2017-12-19 15:23:53','2017-12-19 15:23:53'),(649,57484,'admin/items','Opened the items page.','2017-12-19 15:24:00','2017-12-19 15:24:00'),(650,57484,'admin/allocation','Opened the allocation page.','2017-12-19 15:24:27','2017-12-19 15:24:27'),(651,57484,'admin/allocation','Opened the allocation page.','2017-12-19 15:25:56','2017-12-19 15:25:56'),(652,57484,'admin/allocation','Opened the allocation page.','2017-12-19 15:26:08','2017-12-19 15:26:08'),(653,57484,'admin/allocation','Opened the allocation page.','2017-12-19 15:27:37','2017-12-19 15:27:37'),(654,57484,'admin/allocation','Opened the allocation page.','2017-12-19 15:31:55','2017-12-19 15:31:55'),(655,57484,'admin/departments-and-units/view/unit/1','Opened the IT unit page.','2017-12-19 15:32:07','2017-12-19 15:32:07'),(656,57484,'admin/departments-and-units','Opened the departments and units page.','2017-12-19 15:33:46','2017-12-19 15:33:46'),(657,57484,'admin/departments-and-units','Opened the departments and units page.','2017-12-19 15:34:21','2017-12-19 15:34:21'),(658,57484,'admin/departments-and-units','Opened the departments and units page.','2017-12-19 15:35:32','2017-12-19 15:35:32'),(659,57484,'admin/departments-and-units/view/department/eyJpdiI6IldWVFpRVFFwSDVEZ0lGVGxuam1UQkE9PSIsInZhbHVlIjoiQUhFa3NGXC9MVzRwVjdCVFhLMVN5NlE9PSIsIm1hYyI6IjQ1Njc1ZTNlNWMzMTdjNGYwY2ZmYTQ3NWQzY2NkYjhhNDM2MDQ1ZjIzOWVjMmQzZTEyNjg5MGIwZTIyMmM4NzMifQ==','Opened the Commercial department page.','2017-12-19 15:35:36','2017-12-19 15:35:36'),(660,57484,'admin/departments-and-units/view/department/eyJpdiI6IldWVFpRVFFwSDVEZ0lGVGxuam1UQkE9PSIsInZhbHVlIjoiQUhFa3NGXC9MVzRwVjdCVFhLMVN5NlE9PSIsIm1hYyI6IjQ1Njc1ZTNlNWMzMTdjNGYwY2ZmYTQ3NWQzY2NkYjhhNDM2MDQ1ZjIzOWVjMmQzZTEyNjg5MGIwZTIyMmM4NzMifQ==','Opened the Commercial department page.','2017-12-19 15:36:19','2017-12-19 15:36:19'),(661,57484,'admin/departments-and-units/view/unit/eyJpdiI6Ino4UWFFTDZqUHR2ejY4OExKV0c0NHc9PSIsInZhbHVlIjoiaEtaa2x6NERtSVRsa3dhWUlRRzIwQT09IiwibWFjIjoiODY3ODIwM2U3NzcyZGZhYTBlNmRlYjM2NDEyZDVhM2FmMDY3M2Q2OTAxZTljNDJmYWJjZTJjODQ3ZjU0MTViYSJ9','Opened the Commercial unit page.','2017-12-19 15:36:21','2017-12-19 15:36:21'),(662,57484,'admin/departments-and-units/view/unit/eyJpdiI6Ino4UWFFTDZqUHR2ejY4OExKV0c0NHc9PSIsInZhbHVlIjoiaEtaa2x6NERtSVRsa3dhWUlRRzIwQT09IiwibWFjIjoiODY3ODIwM2U3NzcyZGZhYTBlNmRlYjM2NDEyZDVhM2FmMDY3M2Q2OTAxZTljNDJmYWJjZTJjODQ3ZjU0MTViYSJ9','Opened the Commercial unit page.','2017-12-19 15:36:56','2017-12-19 15:36:56'),(663,57484,'admin/departments-and-units/view/department/eyJpdiI6ImdTa1g0Y3Q3MDcrYUcxMWhZT21lQ1E9PSIsInZhbHVlIjoiRERqZlhpQ1lsaWhrZjFiQ1BRMzVlQT09IiwibWFjIjoiOTdjNjI4YzJkZDVhOWQyMGYzZjQ3ODc2MTZiOTNkNWJlMGE4ODEyZmU1MWE4YTU0NzRmZGEyOWRjZWNkYTY3NiJ9','Opened the Commercial department page.','2017-12-19 15:37:00','2017-12-19 15:37:00'),(664,57484,'admin/departments-and-units','Opened the departments and units page.','2017-12-19 15:37:03','2017-12-19 15:37:03'),(665,57484,'admin/departments-and-units/view/department/eyJpdiI6ImRTS2g4TmdnUFd4QlFMYStrSlhrQVE9PSIsInZhbHVlIjoiME01UU14WDVZVmJ6MFlBK2wyWms4Zz09IiwibWFjIjoiMmFlYjYwMDQ1YTcyNTc4ZmQ5ZTMwY2IyYjE4MjA5N2E3ZjdmOTljNjgzYjk3OWU0ZTZhYTY1MTVlZWVkZmRlMiJ9','Opened the Corporate Services department page.','2017-12-19 15:37:05','2017-12-19 15:37:05'),(666,57484,'admin/users/view/eyJpdiI6Ilh5OTR1UDBtdERNdllCazZKa2RcL1RRPT0iLCJ2YWx1ZSI6InNsM3gzK1hXdncyR0s4c1hFYU1scVE9PSIsIm1hYyI6Ijk1NjVjZDgzOTgwNzc2ZmZhOWY1YzRmYjBlMjMzZWY2Mjk5OTg3MzhjNzkwNGU3NjQ0ZjE5OTJkOTNiYzdmMDkifQ==','Opened Akpoteheri Omeru allocation page.','2017-12-19 15:37:15','2017-12-19 15:37:15'),(667,57484,'admin/users/view/eyJpdiI6Ilh5OTR1UDBtdERNdllCazZKa2RcL1RRPT0iLCJ2YWx1ZSI6InNsM3gzK1hXdncyR0s4c1hFYU1scVE9PSIsIm1hYyI6Ijk1NjVjZDgzOTgwNzc2ZmZhOWY1YzRmYjBlMjMzZWY2Mjk5OTg3MzhjNzkwNGU3NjQ0ZjE5OTJkOTNiYzdmMDkifQ==','Opened Akpoteheri Omeru allocation page.','2017-12-19 15:38:03','2017-12-19 15:38:03'),(668,57484,'admin/users','Opened the users page.','2017-12-19 15:38:07','2017-12-19 15:38:07'),(669,57484,'admin/users/view/eyJpdiI6ImozVmhFa0U3VDY1VlZsZWhNT1NYckE9PSIsInZhbHVlIjoiWmtNbVdtYmc0WURnRVVFNk5xN2IzZz09IiwibWFjIjoiMDQwNmZiMDIzZTFiMDQxMTVkNDBhZDA3YzZjOTM2YTg4MDU1MGZiNjhjZmI3NGUwNzAyNzMxNTk4NDA4ZDg2MCJ9','Opened Akpoteheri Omeru allocation page.','2017-12-19 15:38:16','2017-12-19 15:38:16'),(670,57484,'admin/departments-and-units','Opened the departments and units page.','2017-12-19 15:38:20','2017-12-19 15:38:20'),(671,57484,'admin/departments-and-units','Opened the departments and units page.','2017-12-19 15:38:55','2017-12-19 15:38:55'),(672,57484,'admin/departments-and-units/view/department/eyJpdiI6ImM3aFFMdjBZWXlVQmVxVk5BRVVma2c9PSIsInZhbHVlIjoienlhQTIyblJwM0JBU25GUTh1SWJGdz09IiwibWFjIjoiMDhiOGJmNjMxZTQ0NWE0ZjY4YWI2NzQxNTJlMjI0NzdjMTM2NDBkOGM1ZGUyZmZiMzc3YTY5MDliMGNiZTI4ZSJ9','Opened the Corporate Services department page.','2017-12-19 15:39:00','2017-12-19 15:39:00'),(673,57484,'admin/departments-and-units/view/unit/eyJpdiI6Ik9meG56bEF6c0g5TkpqZG9oRFFXN1E9PSIsInZhbHVlIjoiWktETVwvcHBOMSswKzAwMlFQMTFnbUE9PSIsIm1hYyI6IjAyNzlmMjY0MTU1MzI1YjhlMTQyZDU3Y2I4ZDRjZGFkYTc3MjdkMjcwOTBkNTVmNDRkMzM2MDljZmUzZDJmYWMifQ==','Opened the IT unit page.','2017-12-19 15:39:10','2017-12-19 15:39:10'),(674,57484,'admin/departments-and-units','Opened the departments and units page.','2017-12-19 15:40:18','2017-12-19 15:40:18'),(675,57484,'admin/departments-and-units/view/department/eyJpdiI6InN1Rk40dUtZeTR1a0lLVWRLVDQxVHc9PSIsInZhbHVlIjoiK2xta1IrZDE4dHVLUGFaSUtOeWlwdz09IiwibWFjIjoiYzdlM2MyZTg0ZWVkYjIwNWY3ODE1ZTU2ZDE5ZjUxNGNhNTNmMTc4MzYxYzcxZjkyNDQ4ZTJlZmVlNWVkMmJkMiJ9','Opened the Operations department page.','2017-12-19 15:40:24','2017-12-19 15:40:24'),(676,57484,'admin/departments-and-units/view/department/eyJpdiI6IlhYSGt3R2dWRXRQYnVQRWd5TlJhTEE9PSIsInZhbHVlIjoiU00zVDY1ZUNabDRWYWRqOCtqRkRxQT09IiwibWFjIjoiMTIxNmVjMzZlYjcyNjU2ZTEwMGIxMjRhMzI1Mzc3ZmI0M2VmNDYwZmI0MTA2NDk5N2JkODk1OTNlYmJiZjNhNCJ9','Opened the Corporate Affairs department page.','2017-12-19 15:40:44','2017-12-19 15:40:44'),(677,57484,'admin/departments-and-units/view/department/eyJpdiI6InJjQ2M0cVhMSkRpWFF0eDluZjEzd0E9PSIsInZhbHVlIjoiZk52SFBmckZMaktCSjhTbTRaMGNQUT09IiwibWFjIjoiZWVmYjIwOWIzMGZiOWYzZWU2MTczYTcwNTk4YTM1YjJhOTA5NWNiOGM5YzcxNWYzYzQ4ZjkwZmE0Mjk0M2I1MCJ9','Opened the Commercial department page.','2017-12-19 15:41:28','2017-12-19 15:41:28'),(678,57484,'admin/departments-and-units/view/unit/eyJpdiI6InJEM09PayttTmpvbzlJYkVxWVVGVlE9PSIsInZhbHVlIjoiVVBCWUZpOXV5b0JrelpWRnZKTVVQZz09IiwibWFjIjoiMTY1NzMwODJjMWRhODZiZDY4ZWZlZTZlMGUwNDk5MmNhODhkYmI5MjQwNjRjYTljNDIyZmQzMWZkMTdkYzcwYSJ9','Opened the Admin unit page.','2017-12-19 15:46:59','2017-12-19 15:46:59'),(679,57484,'admin/departments-and-units/view/unit/eyJpdiI6IklzMXdvOG9cL2JnOGNNWXBhY2xSeEd3PT0iLCJ2YWx1ZSI6IlNNMUxrSWVqbUsyWmE4aHFBR0FBOXc9PSIsIm1hYyI6IjI0NTFhZDA5NWYzZGIwMWY5ZDBlNmU1N2IyODRiNGM0NmVkYjMyYjFhZTdmMjFmNTc1NDYwMmJhOTQwY2Y1MzIifQ==','Opened the IT unit page.','2017-12-19 15:47:05','2017-12-19 15:47:05'),(680,57484,'admin/users/view/eyJpdiI6IktPT1E1MStxNGk3TVZvcXRhZFI4TEE9PSIsInZhbHVlIjoidHl1MFRCKytMNkcwOVwvSkVUNVZGdHc9PSIsIm1hYyI6IjVjMGQ1MzE3NDdiMTlkNzZmZjFjYWQ4Y2EzNjIwYzA2Y2M0MGUxNDZlMDk2NjIxMzg0NGEwOGExNGJhMDY5NzUifQ==','Opened Akpoteheri Omeru allocation page.','2017-12-19 15:47:10','2017-12-19 15:47:10'),(681,57484,'admin/allocation','Opened the allocation page.','2017-12-19 15:47:13','2017-12-19 15:47:13'),(682,57484,'admin/allocation','Opened the allocation page.','2017-12-19 15:48:27','2017-12-19 15:48:27'),(683,57484,'admin/departments-and-units/view/department/eyJpdiI6Im00ekU2VzZxOHNRa1RYUjBnazJ1M3c9PSIsInZhbHVlIjoiU3o2OEdvcUN4THRia2pUSko3aGFkUT09IiwibWFjIjoiNWM0NDc3OGYzMTIwNDg4MTZkNTI1MWQ2NmE4YWIwNjg1ZjA5MGQ4YjY5NTQ5YzZjZGYzMzY1Y2I3NWQzMDQ2YiJ9','Opened the Corporate Services department page.','2017-12-19 15:48:36','2017-12-19 15:48:36'),(684,57484,'admin/departments-and-units','Opened the departments and units page.','2017-12-19 15:51:32','2017-12-19 15:51:32'),(685,57484,'admin/departments-and-units/view/department/eyJpdiI6IlFnSVpEbVFjRXJDRU5oeEVGUENcL1RnPT0iLCJ2YWx1ZSI6IlZiV3FyUGtWamFuOXZOS05CQjFtSkE9PSIsIm1hYyI6ImM3YTcyNzk0MTY1NDZhZTEwM2YwN2QyNTljNGRmY2U0MDdkMzRmNzAxNzJjMTNmYTQwOTUyMzMwMGIxOTIxNjAifQ==','Opened the Commercial department page.','2017-12-19 15:51:39','2017-12-19 15:51:39'),(686,57484,'admin/departments-and-units/view/unit/eyJpdiI6InNkRmlBQ0duNzljTFBtNUFNY0RkUlE9PSIsInZhbHVlIjoiUzBLMWNTU2prVFNobmExQ1hSTEZudz09IiwibWFjIjoiMTE2MWM2OWU4NzI3MzE3MTQwYzFkYjcyNzdmNmZkYTkzOTM0MTExMTRkNDIwMjI5OTE5NTI4YzEzZTFmMjJhMCJ9','Opened the Commercial unit page.','2017-12-19 15:51:43','2017-12-19 15:51:43'),(687,57484,'admin/departments-and-units','Opened the departments and units page.','2017-12-19 15:51:52','2017-12-19 15:51:52'),(688,57484,'admin/departments-and-units/view/department/eyJpdiI6ImJ0ZEhuWFlobm1acmV2Vms3XC94VGlnPT0iLCJ2YWx1ZSI6IlwvWWsyRVhXbnVrRXJjNmJEN3NqM2VnPT0iLCJtYWMiOiIzNmQ1Zjc0MjkzYjEyOTVhY2UzMjExNGM2ZmE4NGVkODdiOTUwZDg3ZDE3Y2U0NmZmMWQzNzdjZDg0ZTU4NTVjIn0=','Opened the Corporate Services department page.','2017-12-19 15:51:55','2017-12-19 15:51:55'),(689,57484,'admin/users','Opened the users page.','2017-12-19 15:52:17','2017-12-19 15:52:17'),(690,57484,'admin/users/update','Updated user account; firstname from \"Barnabas\" to \"Barnabas\",\n				lastname from \"Chukwudulue\" to \"Chukwudulue\",\n				email from \"BChukwudulue@salvicpetroleum.com\" to \"BChukwudulue@salvicpetroleum.com\",\n				gender from \"male\" to \"male\",\n				account status from \"inactive\" to \"inactive\",\n				staff ID from \"\" to \"\",\n				role from \"Staff\" to \"Staff\",\n				unit from \"\" to unit with ID \"9\",\n				on user id .57349','2017-12-19 15:52:52','2017-12-19 15:52:52'),(691,57484,'admin/users','Opened the users page.','2017-12-19 15:52:53','2017-12-19 15:52:53'),(692,57484,'admin/users/update','Updated user account; firstname from \"Kenneth\" to \"Kenneth\",\n				lastname from \"Okolie\" to \"Okolie\",\n				email from \"KOkolie@salvicpetroleum.com\" to \"KOkolie@salvicpetroleum.com\",\n				gender from \"male\" to \"male\",\n				account status from \"inactive\" to \"inactive\",\n				staff ID from \"\" to \"\",\n				role from \"Staff\" to \"Staff\",\n				unit from \"\" to unit with ID \"9\",\n				on user id .57505','2017-12-19 15:53:01','2017-12-19 15:53:01'),(693,57484,'admin/users','Opened the users page.','2017-12-19 15:53:01','2017-12-19 15:53:01'),(694,57484,'admin/departments-and-units','Opened the departments and units page.','2017-12-19 15:53:06','2017-12-19 15:53:06'),(695,57484,'admin/departments-and-units/add-unit','Created Field unit with id .20','2017-12-19 15:53:29','2017-12-19 15:53:29'),(696,57484,'admin/departments-and-units','Opened the departments and units page.','2017-12-19 15:53:30','2017-12-19 15:53:30'),(697,57484,'admin/departments-and-units/add-unit','Created Facilities unit with id .21','2017-12-19 15:53:41','2017-12-19 15:53:41'),(698,57484,'admin/departments-and-units','Opened the departments and units page.','2017-12-19 15:53:42','2017-12-19 15:53:42'),(699,57484,'admin/departments-and-units/add-unit','Created Production unit with id .22','2017-12-19 15:54:02','2017-12-19 15:54:02'),(700,57484,'admin/departments-and-units','Opened the departments and units page.','2017-12-19 15:54:03','2017-12-19 15:54:03'),(701,57484,'admin/departments-and-units/add-unit','Created Subsurface unit with id .23','2017-12-19 15:54:16','2017-12-19 15:54:16'),(702,57484,'admin/departments-and-units','Opened the departments and units page.','2017-12-19 15:54:17','2017-12-19 15:54:17'),(703,57484,'admin/departments-and-units/add-unit','Created Corporate engineering unit with id .24','2017-12-19 15:54:44','2017-12-19 15:54:44'),(704,57484,'admin/departments-and-units','Opened the departments and units page.','2017-12-19 15:54:44','2017-12-19 15:54:44'),(705,57484,'admin/departments-and-units/update-unit','Updated unit title from Corporate engineering to Corporate Engineering and parent deparment from Corporate engineering to Technical','2017-12-19 15:56:42','2017-12-19 15:56:42'),(706,57484,'admin/departments-and-units','Opened the departments and units page.','2017-12-19 15:56:43','2017-12-19 15:56:43'),(707,57484,'admin/users','Opened the users page.','2017-12-19 15:56:56','2017-12-19 15:56:56'),(708,57484,'admin/users/view/eyJpdiI6IjhGMjNZSThxdXpoYW9LcEJ0RW45cVE9PSIsInZhbHVlIjoiSFN0QkpkYitNb1BNUStEZThXdnU4Zz09IiwibWFjIjoiMTVjYzUxMjcwNjdhMWI4YTA1OTQ4OGUzMGVhMGMxZmQwNjRlMjk0ZTQxZThlNDk5OTJmMDY3OGQ5YjNkZjdjMSJ9','Opened Akpoteheri Omeru allocation page.','2017-12-19 15:57:09','2017-12-19 15:57:09'),(709,57484,'admin/users','Opened the users page.','2017-12-19 15:57:14','2017-12-19 15:57:14'),(710,57484,'admin/users/view/eyJpdiI6InozcG92eUZ4R2Jka0dqckx3QTZcL0hRPT0iLCJ2YWx1ZSI6Ik1FblZlbllDNFNiT3lIRkxEUlQ0dEE9PSIsIm1hYyI6ImFiYWNkOTk0YjU5MDViMWZkMDhkYzhlYjdmZTIxMmE4MjEwNmM5YWE0NmI2ODM1ZjUwZGQ0OGE3OTE2Y2M4MjgifQ==','Opened Akpoteheri Omeru allocation page.','2017-12-19 15:57:28','2017-12-19 15:57:28'),(711,57484,'admin/allocation','Opened the allocation page.','2017-12-19 15:57:41','2017-12-19 15:57:41'),(712,57484,'admin/departments-and-units','Opened the departments and units page.','2017-12-19 15:58:20','2017-12-19 15:58:20'),(713,57484,'admin/items','Opened the items page.','2017-12-19 15:59:26','2017-12-19 15:59:26'),(714,57484,'admin/departments-and-units','Opened the departments and units page.','2017-12-19 16:03:53','2017-12-19 16:03:53'),(715,57484,'admin/departments-and-units/add-unit','Created Governance, Risk & Assurance unit with id .25','2017-12-19 16:05:10','2017-12-19 16:05:10'),(716,57484,'admin/departments-and-units','Opened the departments and units page.','2017-12-19 16:05:11','2017-12-19 16:05:11'),(717,57484,'admin/departments-and-units/add-unit','Created Contracts & Procurement unit with id .26','2017-12-19 16:05:28','2017-12-19 16:05:28'),(718,57484,'admin/departments-and-units','Opened the departments and units page.','2017-12-19 16:05:29','2017-12-19 16:05:29'),(719,57484,'admin/departments-and-units/add-unit','Created Logistics unit with id .27','2017-12-19 16:05:41','2017-12-19 16:05:41'),(720,57484,'admin/departments-and-units','Opened the departments and units page.','2017-12-19 16:05:41','2017-12-19 16:05:41'),(721,57484,'admin/departments-and-units/add-unit','Created Health & Safety unit with id .28','2017-12-19 16:06:00','2017-12-19 16:06:00'),(722,57484,'admin/departments-and-units','Opened the departments and units page.','2017-12-19 16:06:00','2017-12-19 16:06:00'),(723,57484,'admin/departments-and-units/add-unit','Created Environment unit with id .29','2017-12-19 16:06:39','2017-12-19 16:06:39'),(724,57484,'admin/departments-and-units','Opened the departments and units page.','2017-12-19 16:06:40','2017-12-19 16:06:40'),(725,57484,'admin/departments-and-units/add-unit','Created Security unit with id .30','2017-12-19 16:06:53','2017-12-19 16:06:53'),(726,57484,'admin/departments-and-units','Opened the departments and units page.','2017-12-19 16:06:54','2017-12-19 16:06:54'),(727,57484,'login','Logged in','2017-12-20 07:11:57','2017-12-20 07:11:57'),(728,57484,'admin/items','Opened the items page.','2017-12-20 07:12:03','2017-12-20 07:12:03'),(729,57484,'admin/items','Opened the items page.','2017-12-20 07:14:38','2017-12-20 07:14:38'),(730,57484,'admin/items/edit','Updated item title from \"Color Laser Jet Pro MFP M477w\" to \"Color Laser Jet Pro MFP M477w\",\n				from \"Printer\" type to \"Printer\" type,\n				from \"None\" processor to \"None\" processor,\n				from \"Laser Jet Printer\" description to \"Laser Jet Printer\" description,\n				with id .2550','2017-12-20 07:15:02','2017-12-20 07:15:02'),(731,57484,'admin/items','Opened the items page.','2017-12-20 07:15:03','2017-12-20 07:15:03'),(732,57484,'admin/items/add','Created \"Mobile Work Station\" item with id .2551','2017-12-20 07:15:47','2017-12-20 07:15:47'),(733,57484,'admin/items','Opened the items page.','2017-12-20 07:15:47','2017-12-20 07:15:47'),(734,57484,'admin/items/add','Created \"Mobile Work Station Bag\" item with id .2552','2017-12-20 07:16:11','2017-12-20 07:16:11'),(735,57484,'admin/items','Opened the items page.','2017-12-20 07:16:11','2017-12-20 07:16:11'),(736,57484,'admin/items/add','Created \"Hp Ultra Slim Docking Station\" item with id .2553','2017-12-20 07:16:31','2017-12-20 07:16:31'),(737,57484,'admin/items','Opened the items page.','2017-12-20 07:16:31','2017-12-20 07:16:31'),(738,57484,'admin/items/add','Created \"Hp Z27n Monitor Display\" item with id .2554','2017-12-20 07:17:03','2017-12-20 07:17:03'),(739,57484,'admin/items','Opened the items page.','2017-12-20 07:17:04','2017-12-20 07:17:04'),(740,57484,'admin/items/edit','Updated item title from \"HP Z27n Monitor Display\" to \"HP Z27n Monitor Display\",\n				from \"Monitor\" type to \"Monitor\" type,\n				from \"\" processor to \"\" processor,\n				from \"Hp Z27n Monitor Display\" description to \"Hp Z27n Monitor Display\" description,\n				with id .2554','2017-12-20 07:17:13','2017-12-20 07:17:13'),(741,57484,'admin/items','Opened the items page.','2017-12-20 07:17:13','2017-12-20 07:17:13'),(742,57484,'admin/items/add','Created \"Kensington Laptop Lock\" item with id .2555','2017-12-20 07:17:25','2017-12-20 07:17:25'),(743,57484,'admin/items','Opened the items page.','2017-12-20 07:17:26','2017-12-20 07:17:26'),(744,57484,'admin/items/add','Created \"HP Wireless Keyboard\" item with id .2556','2017-12-20 07:18:05','2017-12-20 07:18:05'),(745,57484,'admin/items','Opened the items page.','2017-12-20 07:18:05','2017-12-20 07:18:05'),(746,57484,'admin/items/add','Created \"HP Probook 640 G3 I7\" item with id .2557','2017-12-20 07:18:34','2017-12-20 07:18:34'),(747,57484,'admin/items','Opened the items page.','2017-12-20 07:18:34','2017-12-20 07:18:34'),(748,57484,'admin/items/add','Created \"HP Wireless Keyboard & Mouse\" item with id .2558','2017-12-20 07:19:07','2017-12-20 07:19:07'),(749,57484,'admin/items','Opened the items page.','2017-12-20 07:19:08','2017-12-20 07:19:08'),(750,57484,'admin/items/delete','Deleted \"HP Wireless Keyboard & Mouse\" item with id .2558','2017-12-20 07:19:55','2017-12-20 07:19:55'),(751,57484,'admin/items/edit','Updated item title from \"HP Wireless Classic Keyboard & Mouse\" to \"HP Wireless Classic Keyboard & Mouse\",\n				from \"Wireless Keyboard & Mouse\" type to \"Wireless Keyboard & Mouse\" type,\n				from \"\" processor to \"\" processor,\n				from \"Wireless Keyboard & Mouse\" description to \"Wireless Keyboard & Mouse\" description,\n				with id .2548','2017-12-20 07:20:14','2017-12-20 07:20:14'),(752,57484,'admin/items','Opened the items page.','2017-12-20 07:20:15','2017-12-20 07:20:15'),(753,57484,'admin/items/edit','Updated item title from \"HP Probook 640 G3 I7\" to \"HP Probook 640 G3 I7\",\n				from \"Laptop\" type to \"Laptop\" type,\n				from \"Core i7\" processor to \"Core i7\" processor,\n				from \"HP Probook 640 G3 I7\" description to \"HP Probook 640 G3 I7\" description,\n				with id .2557','2017-12-20 07:21:28','2017-12-20 07:21:28'),(754,57484,'admin/items','Opened the items page.','2017-12-20 07:21:29','2017-12-20 07:21:29'),(755,57484,'admin/items/add','Created \"HP Z Book 14 GA\" item with id .2559','2017-12-20 07:22:50','2017-12-20 07:22:50'),(756,57484,'admin/items','Opened the items page.','2017-12-20 07:22:51','2017-12-20 07:22:51'),(757,57484,'admin/items/add','Created \"HP Laserjet Enterprise 700 Colour\" item with id .2560','2017-12-20 07:23:46','2017-12-20 07:23:46'),(758,57484,'admin/items','Opened the items page.','2017-12-20 07:23:46','2017-12-20 07:23:46'),(759,57484,'admin/items/add','Created \"Laptop Lock\" item with id .2561','2017-12-20 07:24:01','2017-12-20 07:24:01'),(760,57484,'admin/items','Opened the items page.','2017-12-20 07:24:01','2017-12-20 07:24:01'),(761,57484,'admin/items/add','Created \"HP Plotter Paper\" item with id .2562','2017-12-20 07:24:41','2017-12-20 07:24:41'),(762,57484,'admin/items','Opened the items page.','2017-12-20 07:24:42','2017-12-20 07:24:42'),(763,57484,'admin/items/add','Created \"Laptop Bag\" item with id .2563','2017-12-20 07:24:58','2017-12-20 07:24:58'),(764,57484,'admin/items','Opened the items page.','2017-12-20 07:24:59','2017-12-20 07:24:59'),(765,57484,'admin/items/add','Created \"HP Dual Notebook Stand\" item with id .2564','2017-12-20 07:25:41','2017-12-20 07:25:41'),(766,57484,'admin/items','Opened the items page.','2017-12-20 07:25:52','2017-12-20 07:25:52'),(767,57484,'admin/items/add','Created \"Docking Station Complete\" item with id .2565','2017-12-20 07:26:16','2017-12-20 07:26:16'),(768,57484,'admin/items','Opened the items page.','2017-12-20 07:26:22','2017-12-20 07:26:22'),(769,57484,'admin/items/add','Created \"Docking Station Accessories\" item with id .2566','2017-12-20 07:26:39','2017-12-20 07:26:39'),(770,57484,'admin/items','Opened the items page.','2017-12-20 07:26:45','2017-12-20 07:26:45'),(771,57484,'login','Logged in','2018-01-03 10:39:12','2018-01-03 10:39:12'),(772,57484,'admin/users','Opened the users page.','2018-01-03 15:48:32','2018-01-03 15:48:32'),(773,57484,'admin/allocation','Opened the allocation page.','2018-01-03 16:03:07','2018-01-03 16:03:07'),(774,57484,'admin/task','Opened the task page.','2018-01-04 08:35:02','2018-01-04 08:35:02'),(775,57484,'admin/users','Opened the users page.','2018-01-04 08:55:57','2018-01-04 08:55:57'),(776,57484,'admin/departments-and-units','Opened the departments and units page.','2018-01-04 08:56:34','2018-01-04 08:56:34'),(777,57484,'admin/users','Opened the users page.','2018-01-04 08:56:39','2018-01-04 08:56:39'),(778,57484,'admin/allocation','Opened the allocation page.','2018-01-04 08:57:07','2018-01-04 08:57:07'),(779,57484,'admin/task','Opened the task page.','2018-01-04 08:57:17','2018-01-04 08:57:17'),(780,57484,'admin/task','Opened the task page.','2018-01-04 10:03:50','2018-01-04 10:03:50'),(781,57484,'admin/task','Opened the task page.','2018-01-04 10:04:13','2018-01-04 10:04:13'),(782,57484,'admin/task','Opened the task page.','2018-01-04 10:04:41','2018-01-04 10:04:41'),(783,57484,'admin/task','Opened the task page.','2018-01-04 10:05:11','2018-01-04 10:05:11'),(784,57484,'admin/tasks','Opened the task page.','2018-01-04 10:06:03','2018-01-04 10:06:03'),(785,57484,'admin/tasks','Opened the task page.','2018-01-04 10:06:20','2018-01-04 10:06:20'),(786,57484,'admin/tasks','Opened the task page.','2018-01-04 10:07:02','2018-01-04 10:07:02'),(787,57484,'admin/tasks','Opened the task page.','2018-01-04 10:07:18','2018-01-04 10:07:18'),(788,57484,'admin/tasks','Opened the task page.','2018-01-04 10:09:14','2018-01-04 10:09:14'),(789,57484,'admin/tasks','Opened the task page.','2018-01-04 10:15:39','2018-01-04 10:15:39'),(790,57484,'admin/tasks','Opened the task page.','2018-01-04 11:10:38','2018-01-04 11:10:38'),(791,57484,'admin/tasks','Opened the task page.','2018-01-04 11:12:48','2018-01-04 11:12:48'),(792,57484,'admin/tasks','Opened the task page.','2018-01-04 11:13:16','2018-01-04 11:13:16'),(793,57484,'admin/tasks','Opened the task page.','2018-01-04 11:13:36','2018-01-04 11:13:36'),(794,57484,'admin/tasks','Opened the task page.','2018-01-04 14:02:55','2018-01-04 14:02:55'),(795,57484,'admin/tasks','Opened the task page.','2018-01-04 14:11:36','2018-01-04 14:11:36'),(796,57484,'admin/tasks','Opened the task page.','2018-01-04 14:14:46','2018-01-04 14:14:46'),(797,57484,'admin/tasks','Opened the task page.','2018-01-04 14:16:44','2018-01-04 14:16:44'),(798,57484,'admin/tasks','Opened the task page.','2018-01-04 14:19:23','2018-01-04 14:19:23'),(799,57484,'admin/tasks/add','Assigned task \"Faith\'s Laptop Issue\" item with id .68655 to \"Akpoteheri \"','2018-01-04 14:19:36','2018-01-04 14:19:36'),(800,57484,'admin/tasks','Opened the task page.','2018-01-04 14:19:37','2018-01-04 14:19:37'),(801,57484,'admin/tasks','Opened the task page.','2018-01-04 14:20:29','2018-01-04 14:20:29'),(802,57484,'admin/tasks','Opened the task page.','2018-01-04 14:21:11','2018-01-04 14:21:11'),(803,57484,'admin/tasks','Opened the task page.','2018-01-04 14:22:49','2018-01-04 14:22:49'),(804,57484,'admin/tasks','Opened the task page.','2018-01-04 14:23:13','2018-01-04 14:23:13'),(805,57484,'admin/tasks','Opened the task page.','2018-01-04 14:24:45','2018-01-04 14:24:45'),(806,57484,'admin/tasks','Opened the task page.','2018-01-04 14:25:14','2018-01-04 14:25:14'),(807,57484,'admin/tasks','Opened the task page.','2018-01-04 14:25:31','2018-01-04 14:25:31'),(808,57484,'admin/tasks','Opened the task page.','2018-01-04 14:27:32','2018-01-04 14:27:32'),(809,57484,'admin/tasks','Opened the task page.','2018-01-04 14:28:12','2018-01-04 14:28:12'),(810,57484,'admin/tasks','Opened the task page.','2018-01-04 14:28:47','2018-01-04 14:28:47'),(811,57484,'admin/tasks','Opened the task page.','2018-01-04 14:31:14','2018-01-04 14:31:14'),(812,57484,'admin/tasks','Opened the task page.','2018-01-04 14:36:25','2018-01-04 14:36:25'),(813,57484,'admin/tasks','Opened the task page.','2018-01-04 14:37:51','2018-01-04 14:37:51'),(814,57484,'admin/tasks','Opened the task page.','2018-01-04 14:38:14','2018-01-04 14:38:14'),(815,57484,'admin/tasks','Opened the task page.','2018-01-04 14:43:35','2018-01-04 14:43:35'),(816,57484,'admin/tasks','Opened the task page.','2018-01-04 14:49:31','2018-01-04 14:49:31'),(817,57484,'admin/tasks','Opened the task page.','2018-01-04 14:50:09','2018-01-04 14:50:09'),(818,57484,'admin/users','Opened the users page.','2018-01-04 15:02:48','2018-01-04 15:02:48'),(819,57484,'admin/users/reset-password','Carried out password reset for account \"Akpoteheri Omeru\" user account with id .56986','2018-01-04 15:03:00','2018-01-04 15:03:00'),(820,56986,'login','Authorized staff triggered the create password process','2018-01-04 15:03:07','2018-01-04 15:03:07'),(821,56986,'store-password','Changed password for own account','2018-01-04 15:03:32','2018-01-04 15:03:32'),(822,56986,'login','Logged in','2018-01-04 15:03:43','2018-01-04 15:03:43'),(823,56986,'admin/logout','Logged out','2018-01-04 15:04:48','2018-01-04 15:04:48'),(824,56986,'login','Logged in','2018-01-04 15:05:01','2018-01-04 15:05:01'),(825,56986,'admin/tasks','Opened the task page.','2018-01-04 15:05:07','2018-01-04 15:05:07'),(826,56986,'admin/tasks','Opened the task page.','2018-01-04 15:06:13','2018-01-04 15:06:13'),(827,56986,'admin/users/view/eyJpdiI6IkRCeStRZ1hYYytKN1RlTjBuM282Znc9PSIsInZhbHVlIjoib1hFNk9GK2VYbHVaQ0FiMW1zUTdMQT09IiwibWFjIjoiMTE3M2M5NDg4NTIzNDdjMzFjZDgyYzdhNDhiMzg2NzgwNWIyODA1NDM4MzcyMGZhZTIzOWVmNmIxOGJiNjQzNiJ9','Tried to access a page tthe IT store without authorization','2018-01-04 15:06:44','2018-01-04 15:06:44'),(828,56986,'admin/tasks','Opened the task page.','2018-01-04 15:06:49','2018-01-04 15:06:49'),(829,57484,'admin/tasks','Opened the task page.','2018-01-04 15:10:15','2018-01-04 15:10:15'),(830,57484,'admin/allocation','Opened the allocation page.','2018-01-04 16:11:11','2018-01-04 16:11:11'),(831,57484,'admin/users/view/eyJpdiI6IjkzeDlpZ1RoQ0RJQXZ0cWpNUTJkOGc9PSIsInZhbHVlIjoiK1k3ZmRJTG5zVHJTMkFDdlltVFpZdz09IiwibWFjIjoiYjJlYzFlMjRlMjdkNDVkNWJlMzBlMjhhMzI5MTQwZTlkMDIwZDQxNGU0MDQwOGY3ZjE3Yjc4MTAyNDMyNjYwMCJ9','Opened Kenneth Okolie allocation page.','2018-01-04 16:11:15','2018-01-04 16:11:15'),(832,57484,'admin/departments-and-units','Opened the departments and units page.','2018-01-04 16:11:56','2018-01-04 16:11:56'),(833,57484,'admin/departments-and-units/view/department/eyJpdiI6Im1PNzB2Tk14YzF0eXFReGZzUThiVGc9PSIsInZhbHVlIjoiMWQrWlBlamZXWnZ6SUgraTFzYTl0QT09IiwibWFjIjoiMzViYmFjMGMwZWM4YTk5MTkzNDhlNjhkYzNiY2Y4YmU0MDcwZjVjOTFjZGQ1OWJlMWFlOWEzZTE5MGJhMWFjNSJ9','Opened the Commercial department page.','2018-01-04 16:12:03','2018-01-04 16:12:03'),(834,57484,'admin/users','Opened the users page.','2018-01-04 16:13:47','2018-01-04 16:13:47'),(835,57484,'admin/users/view/eyJpdiI6IkhrQkpPQ0c3ak9yUEhDSmZzblB4T3c9PSIsInZhbHVlIjoidGZCdHROZWZObmFEb2pVRFhvaUNLQT09IiwibWFjIjoiYmNlNjJhZjNjMzM4NjM4MTg2OWMyZDliNGEzYTljNjQzZmQ4YWQzYTg4MGQ4MzAwZTVmYWNiZDU4ZDY4Y2VlZiJ9','Opened Akpoteheri Omeru allocation page.','2018-01-04 16:14:08','2018-01-04 16:14:08'),(836,57484,'admin/departments-and-units','Opened the departments and units page.','2018-01-04 16:20:06','2018-01-04 16:20:06'),(837,57484,'admin/departments-and-units/view/department/eyJpdiI6IkxLMWRsMEVyMkd0THhhU1RDTzMwa2c9PSIsInZhbHVlIjoia1o5cTdzNnNSWkV1OWpPdStlMFNPdz09IiwibWFjIjoiZjNkODE0NWMxZmJiNGU3OTcwNzIzMDhlOTFmZjFmYTJmNzQ3NjJkYjhiZmZiOTc4ZmQ0ZTA5MzgwNWMyZGMwZCJ9','Opened the Commercial department page.','2018-01-04 16:20:15','2018-01-04 16:20:15'),(838,57484,'login','Logged in','2018-01-06 07:22:45','2018-01-06 07:22:45'),(839,57484,'admin/tasks','Opened the task page.','2018-01-06 07:22:49','2018-01-06 07:22:49'),(840,57484,'admin/tasks/view/eyJpdiI6IlV4TkFrWHdZejhmcmg3UVJvTUEzK3c9PSIsInZhbHVlIjoickcrS0lldVwvYXduMm5TQk9LN1UyMGc9PSIsIm1hYyI6ImEzZGVkZDQ4YzQwYjJiMmYwYzUyZTRiODcxMmI1ODM4YTliYzlhMWZjNjcwZThlZDA2OTM4YzQxMDk2NzY2MDMifQ==','Opened the \"Faith\'s Laptop Issue (68655)\" task page.','2018-01-06 07:23:05','2018-01-06 07:23:05'),(841,56986,'login','Logged in','2018-01-06 07:24:38','2018-01-06 07:24:38'),(842,56986,'admin/tasks','Opened the task page.','2018-01-06 07:24:42','2018-01-06 07:24:42'),(843,56986,'admin/tasks/view/eyJpdiI6InNTbjNUaGJOeThCQ201VzdLdjZOK1E9PSIsInZhbHVlIjoiRDlnU1hMdStHdTloWGt5dWJhZWhjUT09IiwibWFjIjoiMGYxMzQxZDI2ZDM2ZGM1ZTk0MjdlYmE3YjJjNzA1NmEyYjgzYWY1YjAyNjNlYTE3N2Y4ZTA4M2UwMTRjYzY1ZiJ9','Opened the \"Faith\'s Laptop Issue (68655)\" task page.','2018-01-06 07:24:47','2018-01-06 07:24:47'),(844,57484,'admin/tasks/view/eyJpdiI6IlV4TkFrWHdZejhmcmg3UVJvTUEzK3c9PSIsInZhbHVlIjoickcrS0lldVwvYXduMm5TQk9LN1UyMGc9PSIsIm1hYyI6ImEzZGVkZDQ4YzQwYjJiMmYwYzUyZTRiODcxMmI1ODM4YTliYzlhMWZjNjcwZThlZDA2OTM4YzQxMDk2NzY2MDMifQ==','Opened the \"Faith\'s Laptop Issue (68655)\" task page.','2018-01-06 07:39:51','2018-01-06 07:39:51'),(845,57484,'admin/tasks/view/eyJpdiI6IlV4TkFrWHdZejhmcmg3UVJvTUEzK3c9PSIsInZhbHVlIjoickcrS0lldVwvYXduMm5TQk9LN1UyMGc9PSIsIm1hYyI6ImEzZGVkZDQ4YzQwYjJiMmYwYzUyZTRiODcxMmI1ODM4YTliYzlhMWZjNjcwZThlZDA2OTM4YzQxMDk2NzY2MDMifQ==','Opened the \"Faith\'s Laptop Issue (68655)\" task page.','2018-01-06 07:40:27','2018-01-06 07:40:27'),(846,57484,'admin/tasks/view/eyJpdiI6IlV4TkFrWHdZejhmcmg3UVJvTUEzK3c9PSIsInZhbHVlIjoickcrS0lldVwvYXduMm5TQk9LN1UyMGc9PSIsIm1hYyI6ImEzZGVkZDQ4YzQwYjJiMmYwYzUyZTRiODcxMmI1ODM4YTliYzlhMWZjNjcwZThlZDA2OTM4YzQxMDk2NzY2MDMifQ==','Opened the \"Faith\'s Laptop Issue (68655)\" task page.','2018-01-06 07:41:06','2018-01-06 07:41:06'),(847,57484,'admin/tasks/action/add','Added an action point to the task \"\" with id: 45669','2018-01-06 07:42:11','2018-01-06 07:42:11'),(848,57484,'admin/tasks/view/eyJpdiI6IlV4TkFrWHdZejhmcmg3UVJvTUEzK3c9PSIsInZhbHVlIjoickcrS0lldVwvYXduMm5TQk9LN1UyMGc9PSIsIm1hYyI6ImEzZGVkZDQ4YzQwYjJiMmYwYzUyZTRiODcxMmI1ODM4YTliYzlhMWZjNjcwZThlZDA2OTM4YzQxMDk2NzY2MDMifQ==','Opened the \"Faith\'s Laptop Issue (68655)\" task page.','2018-01-06 07:42:26','2018-01-06 07:42:26'),(849,57484,'admin/tasks/view/eyJpdiI6IlV4TkFrWHdZejhmcmg3UVJvTUEzK3c9PSIsInZhbHVlIjoickcrS0lldVwvYXduMm5TQk9LN1UyMGc9PSIsIm1hYyI6ImEzZGVkZDQ4YzQwYjJiMmYwYzUyZTRiODcxMmI1ODM4YTliYzlhMWZjNjcwZThlZDA2OTM4YzQxMDk2NzY2MDMifQ==','Opened the \"Faith\'s Laptop Issue (68655)\" task page.','2018-01-06 07:43:45','2018-01-06 07:43:45'),(850,57484,'admin/tasks/view/eyJpdiI6IlV4TkFrWHdZejhmcmg3UVJvTUEzK3c9PSIsInZhbHVlIjoickcrS0lldVwvYXduMm5TQk9LN1UyMGc9PSIsIm1hYyI6ImEzZGVkZDQ4YzQwYjJiMmYwYzUyZTRiODcxMmI1ODM4YTliYzlhMWZjNjcwZThlZDA2OTM4YzQxMDk2NzY2MDMifQ==','Opened the \"Faith\'s Laptop Issue (68655)\" task page.','2018-01-06 07:45:47','2018-01-06 07:45:47'),(851,57484,'admin/tasks/view/eyJpdiI6IlV4TkFrWHdZejhmcmg3UVJvTUEzK3c9PSIsInZhbHVlIjoickcrS0lldVwvYXduMm5TQk9LN1UyMGc9PSIsIm1hYyI6ImEzZGVkZDQ4YzQwYjJiMmYwYzUyZTRiODcxMmI1ODM4YTliYzlhMWZjNjcwZThlZDA2OTM4YzQxMDk2NzY2MDMifQ==','Opened the \"Faith\'s Laptop Issue (68655)\" task page.','2018-01-06 07:56:51','2018-01-06 07:56:51'),(852,57484,'admin/tasks/view/eyJpdiI6IlV4TkFrWHdZejhmcmg3UVJvTUEzK3c9PSIsInZhbHVlIjoickcrS0lldVwvYXduMm5TQk9LN1UyMGc9PSIsIm1hYyI6ImEzZGVkZDQ4YzQwYjJiMmYwYzUyZTRiODcxMmI1ODM4YTliYzlhMWZjNjcwZThlZDA2OTM4YzQxMDk2NzY2MDMifQ==','Opened the \"Faith\'s Laptop Issue (68655)\" task page.','2018-01-06 07:58:06','2018-01-06 07:58:06'),(853,57484,'admin/tasks/view/eyJpdiI6IlV4TkFrWHdZejhmcmg3UVJvTUEzK3c9PSIsInZhbHVlIjoickcrS0lldVwvYXduMm5TQk9LN1UyMGc9PSIsIm1hYyI6ImEzZGVkZDQ4YzQwYjJiMmYwYzUyZTRiODcxMmI1ODM4YTliYzlhMWZjNjcwZThlZDA2OTM4YzQxMDk2NzY2MDMifQ==','Opened the \"Faith\'s Laptop Issue (68655)\" task page.','2018-01-06 07:59:11','2018-01-06 07:59:11'),(854,57484,'admin/tasks/view/eyJpdiI6IlV4TkFrWHdZejhmcmg3UVJvTUEzK3c9PSIsInZhbHVlIjoickcrS0lldVwvYXduMm5TQk9LN1UyMGc9PSIsIm1hYyI6ImEzZGVkZDQ4YzQwYjJiMmYwYzUyZTRiODcxMmI1ODM4YTliYzlhMWZjNjcwZThlZDA2OTM4YzQxMDk2NzY2MDMifQ==','Opened the \"Faith\'s Laptop Issue (68655)\" task page.','2018-01-06 08:00:31','2018-01-06 08:00:31'),(855,57484,'admin/tasks/view/eyJpdiI6IlV4TkFrWHdZejhmcmg3UVJvTUEzK3c9PSIsInZhbHVlIjoickcrS0lldVwvYXduMm5TQk9LN1UyMGc9PSIsIm1hYyI6ImEzZGVkZDQ4YzQwYjJiMmYwYzUyZTRiODcxMmI1ODM4YTliYzlhMWZjNjcwZThlZDA2OTM4YzQxMDk2NzY2MDMifQ==','Opened the \"Faith\'s Laptop Issue (68655)\" task page.','2018-01-06 08:05:18','2018-01-06 08:05:18'),(856,57484,'admin/tasks/view/eyJpdiI6IlV4TkFrWHdZejhmcmg3UVJvTUEzK3c9PSIsInZhbHVlIjoickcrS0lldVwvYXduMm5TQk9LN1UyMGc9PSIsIm1hYyI6ImEzZGVkZDQ4YzQwYjJiMmYwYzUyZTRiODcxMmI1ODM4YTliYzlhMWZjNjcwZThlZDA2OTM4YzQxMDk2NzY2MDMifQ==','Opened the \"Faith\'s Laptop Issue (68655)\" task page.','2018-01-06 08:05:58','2018-01-06 08:05:58'),(857,57484,'admin/tasks/view/eyJpdiI6IlV4TkFrWHdZejhmcmg3UVJvTUEzK3c9PSIsInZhbHVlIjoickcrS0lldVwvYXduMm5TQk9LN1UyMGc9PSIsIm1hYyI6ImEzZGVkZDQ4YzQwYjJiMmYwYzUyZTRiODcxMmI1ODM4YTliYzlhMWZjNjcwZThlZDA2OTM4YzQxMDk2NzY2MDMifQ==','Opened the \"Faith\'s Laptop Issue (68655)\" task page.','2018-01-06 08:19:28','2018-01-06 08:19:28'),(858,57484,'admin/tasks/view/eyJpdiI6IlV4TkFrWHdZejhmcmg3UVJvTUEzK3c9PSIsInZhbHVlIjoickcrS0lldVwvYXduMm5TQk9LN1UyMGc9PSIsIm1hYyI6ImEzZGVkZDQ4YzQwYjJiMmYwYzUyZTRiODcxMmI1ODM4YTliYzlhMWZjNjcwZThlZDA2OTM4YzQxMDk2NzY2MDMifQ==','Opened the \"Faith\'s Laptop Issue (68655)\" task page.','2018-01-06 08:19:42','2018-01-06 08:19:42'),(859,57484,'admin/tasks/view/eyJpdiI6IlV4TkFrWHdZejhmcmg3UVJvTUEzK3c9PSIsInZhbHVlIjoickcrS0lldVwvYXduMm5TQk9LN1UyMGc9PSIsIm1hYyI6ImEzZGVkZDQ4YzQwYjJiMmYwYzUyZTRiODcxMmI1ODM4YTliYzlhMWZjNjcwZThlZDA2OTM4YzQxMDk2NzY2MDMifQ==','Opened the \"Faith\'s Laptop Issue (68655)\" task page.','2018-01-06 08:28:56','2018-01-06 08:28:56'),(860,57484,'admin/tasks/view/eyJpdiI6IlV4TkFrWHdZejhmcmg3UVJvTUEzK3c9PSIsInZhbHVlIjoickcrS0lldVwvYXduMm5TQk9LN1UyMGc9PSIsIm1hYyI6ImEzZGVkZDQ4YzQwYjJiMmYwYzUyZTRiODcxMmI1ODM4YTliYzlhMWZjNjcwZThlZDA2OTM4YzQxMDk2NzY2MDMifQ==','Opened the \"Faith\'s Laptop Issue (68655)\" task page.','2018-01-06 08:29:00','2018-01-06 08:29:00'),(861,56986,'admin/tasks/view/eyJpdiI6InNTbjNUaGJOeThCQ201VzdLdjZOK1E9PSIsInZhbHVlIjoiRDlnU1hMdStHdTloWGt5dWJhZWhjUT09IiwibWFjIjoiMGYxMzQxZDI2ZDM2ZGM1ZTk0MjdlYmE3YjJjNzA1NmEyYjgzYWY1YjAyNjNlYTE3N2Y4ZTA4M2UwMTRjYzY1ZiJ9','Opened the \"Faith\'s Laptop Issue (68655)\" task page.','2018-01-06 08:29:12','2018-01-06 08:29:12'),(862,56986,'admin/tasks/action/add','Added an action point to the task \"\" with id: 45670','2018-01-06 08:30:49','2018-01-06 08:30:49'),(863,56986,'admin/tasks','Opened the task page.','2018-01-06 08:30:49','2018-01-06 08:30:49'),(864,57484,'admin/tasks/view/eyJpdiI6IlV4TkFrWHdZejhmcmg3UVJvTUEzK3c9PSIsInZhbHVlIjoickcrS0lldVwvYXduMm5TQk9LN1UyMGc9PSIsIm1hYyI6ImEzZGVkZDQ4YzQwYjJiMmYwYzUyZTRiODcxMmI1ODM4YTliYzlhMWZjNjcwZThlZDA2OTM4YzQxMDk2NzY2MDMifQ==','Opened the \"Faith\'s Laptop Issue (68655)\" task page.','2018-01-06 08:32:19','2018-01-06 08:32:19'),(865,56986,'admin/tasks/view/eyJpdiI6IkJ5Z0RmUm5ibSsxcEpaU1pTbFJNTUE9PSIsInZhbHVlIjoiYktoemlrQktOUVN4SWRJUXBGXC9cL3NRPT0iLCJtYWMiOiI0YTBlNTM2ZTM2ZWU3NmVmNjNmM2RkZjdhZWY3NmZiMTk2NDNhNmEzMjc4YmQ5ODExNWI4YzViYzZjZTUzMWNkIn0=','Opened the \"Faith\'s Laptop Issue (68655)\" task page.','2018-01-06 08:33:08','2018-01-06 08:33:08'),(866,56986,'admin/tasks/action/add','Added an action point to the task \"\" with id: 45671','2018-01-06 08:33:51','2018-01-06 08:33:51'),(867,56986,'admin/tasks/view/eyJpdiI6IndwZkN3Q3IzU3NQXC9Bemw1SWxMelFBPT0iLCJ2YWx1ZSI6InhXNzRYQVVDNTBzaGZtWVNYVU5pUXc9PSIsIm1hYyI6IjM3YmE0ZDE1MTdkYTE2MjIzYjNjMWYxZTRmN2M0ZDMzNjU1ODhjNzkwMmNkYmQ2YjdiMGYwODQ2YTc5N2YxNmQifQ==','Opened the \"Faith\'s Laptop Issue (68655)\" task page.','2018-01-06 08:33:51','2018-01-06 08:33:51'),(868,56986,'admin/tasks/action/add','Added an action point to the task \"\" with id: 45672','2018-01-06 08:34:01','2018-01-06 08:34:01'),(869,56986,'admin/tasks/view/eyJpdiI6ImlFMUc1NFpOMzVqSjM5dDRtY1NMUmc9PSIsInZhbHVlIjoiT2UwVmh4SG9TZWJJcHdaXC85SUdaXC9BPT0iLCJtYWMiOiI3ZmQ2MmI4NzI0NzJhMTYwOTNjMjE1MmNlZWYwYjhkNjAzY2JhYjZjZmNlZDEzZTdlNjU0ZjkxM2M5NDE0YWJlIn0=','Opened the \"Faith\'s Laptop Issue (68655)\" task page.','2018-01-06 08:34:02','2018-01-06 08:34:02'),(870,56986,'admin/tasks/action/add','Added an action point to the task \"\" with id: 45673','2018-01-06 08:34:07','2018-01-06 08:34:07'),(871,56986,'admin/tasks/view/eyJpdiI6InRoXC8yV294Wk53RXVQcmJmMG1OOVpBPT0iLCJ2YWx1ZSI6IlY0T09OYXBZb0FsdDM2RU1OOXh0NUE9PSIsIm1hYyI6IjZjMGFiMjk1MWJmYWNiNWZjMGRjZjM5ZjJjNTE5ZjNlZGI2MWI4OTIxYjdjODE0YzRjOTE3MTg4MzUzZGExMDYifQ==','Opened the \"Faith\'s Laptop Issue (68655)\" task page.','2018-01-06 08:34:07','2018-01-06 08:34:07'),(872,56986,'admin/tasks/action/add','Added an action point to the task \"\" with id: 45674','2018-01-06 08:34:16','2018-01-06 08:34:16'),(873,56986,'admin/tasks/view/eyJpdiI6InRoYk5HRTNZaW5IY1plZzdCNnZXbVE9PSIsInZhbHVlIjoiWGxXUXE2RFpIQWZ0TDNQajVPN2xlUT09IiwibWFjIjoiMjdkMzUxZDY1MzRkMzhkYzJmNGI2MDM4N2JiZTUzMDVkOGJhMTZjZGQ5ZjdmZWU2ZjczMmY5YTMwYWMzM2Q3ZSJ9','Opened the \"Faith\'s Laptop Issue (68655)\" task page.','2018-01-06 08:34:17','2018-01-06 08:34:17'),(874,56986,'admin/tasks/action/add','Added an action point to the task \"\" with id: 45675','2018-01-06 08:34:22','2018-01-06 08:34:22'),(875,56986,'admin/tasks/view/eyJpdiI6IndVNzAxS1wvWTBBb3ZGQk84Y1JwWHpnPT0iLCJ2YWx1ZSI6Inc3NFB3VGlFN3ZjaXBXMUhEWEQ1V2c9PSIsIm1hYyI6IjQ0MzFkOTE5ZWI4ZjkzMzk5MTk1MWIzZWNmYjY0YzU5YTM2ZGU5MTJlZjQ3MzJjZjQ2N2U0M2E5M2RhY2QxY2MifQ==','Opened the \"Faith\'s Laptop Issue (68655)\" task page.','2018-01-06 08:34:23','2018-01-06 08:34:23'),(876,56986,'admin/tasks/action/add','Added an action point to the task \"\" with id: 45676','2018-01-06 08:34:32','2018-01-06 08:34:32'),(877,56986,'admin/tasks/view/eyJpdiI6IjBKdW03ZlwvM1VHd1RFWlJoZlkwOEhBPT0iLCJ2YWx1ZSI6InU0bllaRFZpZ09yMnJhVTFUWk1nM1E9PSIsIm1hYyI6Ijg0NjlmY2Q3M2FiMGM3MGZiNGUxYWZlOWEyZDg1ZGZjOWQwNmM4OThkMmUzN2IyMDZlMjQ1NjExOWM2ZThiZGIifQ==','Opened the \"Faith\'s Laptop Issue (68655)\" task page.','2018-01-06 08:34:32','2018-01-06 08:34:32'),(878,57484,'admin/tasks/view/eyJpdiI6IlV4TkFrWHdZejhmcmg3UVJvTUEzK3c9PSIsInZhbHVlIjoickcrS0lldVwvYXduMm5TQk9LN1UyMGc9PSIsIm1hYyI6ImEzZGVkZDQ4YzQwYjJiMmYwYzUyZTRiODcxMmI1ODM4YTliYzlhMWZjNjcwZThlZDA2OTM4YzQxMDk2NzY2MDMifQ==','Opened the \"Faith\'s Laptop Issue (68655)\" task page.','2018-01-06 08:34:48','2018-01-06 08:34:48'),(879,57484,'admin/tasks/view/eyJpdiI6IlV4TkFrWHdZejhmcmg3UVJvTUEzK3c9PSIsInZhbHVlIjoickcrS0lldVwvYXduMm5TQk9LN1UyMGc9PSIsIm1hYyI6ImEzZGVkZDQ4YzQwYjJiMmYwYzUyZTRiODcxMmI1ODM4YTliYzlhMWZjNjcwZThlZDA2OTM4YzQxMDk2NzY2MDMifQ==','Opened the \"Faith\'s Laptop Issue (68655)\" task page.','2018-01-06 08:39:31','2018-01-06 08:39:31'),(880,57484,'admin/tasks/view/eyJpdiI6IlV4TkFrWHdZejhmcmg3UVJvTUEzK3c9PSIsInZhbHVlIjoickcrS0lldVwvYXduMm5TQk9LN1UyMGc9PSIsIm1hYyI6ImEzZGVkZDQ4YzQwYjJiMmYwYzUyZTRiODcxMmI1ODM4YTliYzlhMWZjNjcwZThlZDA2OTM4YzQxMDk2NzY2MDMifQ==','Opened the \"Faith\'s Laptop Issue (68655)\" task page.','2018-01-06 08:39:53','2018-01-06 08:39:53'),(881,57484,'admin/tasks/view/eyJpdiI6IlV4TkFrWHdZejhmcmg3UVJvTUEzK3c9PSIsInZhbHVlIjoickcrS0lldVwvYXduMm5TQk9LN1UyMGc9PSIsIm1hYyI6ImEzZGVkZDQ4YzQwYjJiMmYwYzUyZTRiODcxMmI1ODM4YTliYzlhMWZjNjcwZThlZDA2OTM4YzQxMDk2NzY2MDMifQ==','Opened the \"Faith\'s Laptop Issue (68655)\" task page.','2018-01-06 08:43:46','2018-01-06 08:43:46'),(882,57484,'admin/tasks/view/eyJpdiI6IlV4TkFrWHdZejhmcmg3UVJvTUEzK3c9PSIsInZhbHVlIjoickcrS0lldVwvYXduMm5TQk9LN1UyMGc9PSIsIm1hYyI6ImEzZGVkZDQ4YzQwYjJiMmYwYzUyZTRiODcxMmI1ODM4YTliYzlhMWZjNjcwZThlZDA2OTM4YzQxMDk2NzY2MDMifQ==','Opened the \"Faith\'s Laptop Issue (68655)\" task page.','2018-01-06 08:44:42','2018-01-06 08:44:42'),(883,57484,'admin/tasks/view/eyJpdiI6IlV4TkFrWHdZejhmcmg3UVJvTUEzK3c9PSIsInZhbHVlIjoickcrS0lldVwvYXduMm5TQk9LN1UyMGc9PSIsIm1hYyI6ImEzZGVkZDQ4YzQwYjJiMmYwYzUyZTRiODcxMmI1ODM4YTliYzlhMWZjNjcwZThlZDA2OTM4YzQxMDk2NzY2MDMifQ==','Opened the \"Faith\'s Laptop Issue (68655)\" task page.','2018-01-06 08:50:52','2018-01-06 08:50:52'),(884,57484,'admin/tasks/view/eyJpdiI6IlV4TkFrWHdZejhmcmg3UVJvTUEzK3c9PSIsInZhbHVlIjoickcrS0lldVwvYXduMm5TQk9LN1UyMGc9PSIsIm1hYyI6ImEzZGVkZDQ4YzQwYjJiMmYwYzUyZTRiODcxMmI1ODM4YTliYzlhMWZjNjcwZThlZDA2OTM4YzQxMDk2NzY2MDMifQ==','Opened the \"Faith\'s Laptop Issue (68655)\" task page.','2018-01-06 08:51:39','2018-01-06 08:51:39'),(885,57484,'admin/tasks/view/eyJpdiI6IlV4TkFrWHdZejhmcmg3UVJvTUEzK3c9PSIsInZhbHVlIjoickcrS0lldVwvYXduMm5TQk9LN1UyMGc9PSIsIm1hYyI6ImEzZGVkZDQ4YzQwYjJiMmYwYzUyZTRiODcxMmI1ODM4YTliYzlhMWZjNjcwZThlZDA2OTM4YzQxMDk2NzY2MDMifQ==','Opened the \"Faith\'s Laptop Issue (68655)\" task page.','2018-01-06 08:51:58','2018-01-06 08:51:58'),(886,57484,'admin/tasks/view/eyJpdiI6IlV4TkFrWHdZejhmcmg3UVJvTUEzK3c9PSIsInZhbHVlIjoickcrS0lldVwvYXduMm5TQk9LN1UyMGc9PSIsIm1hYyI6ImEzZGVkZDQ4YzQwYjJiMmYwYzUyZTRiODcxMmI1ODM4YTliYzlhMWZjNjcwZThlZDA2OTM4YzQxMDk2NzY2MDMifQ==','Opened the \"Faith\'s Laptop Issue (68655)\" task page.','2018-01-06 08:52:05','2018-01-06 08:52:05'),(887,57484,'admin/tasks/view/eyJpdiI6IlV4TkFrWHdZejhmcmg3UVJvTUEzK3c9PSIsInZhbHVlIjoickcrS0lldVwvYXduMm5TQk9LN1UyMGc9PSIsIm1hYyI6ImEzZGVkZDQ4YzQwYjJiMmYwYzUyZTRiODcxMmI1ODM4YTliYzlhMWZjNjcwZThlZDA2OTM4YzQxMDk2NzY2MDMifQ==','Opened the \"Faith\'s Laptop Issue (68655)\" task page.','2018-01-06 08:52:15','2018-01-06 08:52:15'),(888,57484,'admin/tasks/view/eyJpdiI6IlV4TkFrWHdZejhmcmg3UVJvTUEzK3c9PSIsInZhbHVlIjoickcrS0lldVwvYXduMm5TQk9LN1UyMGc9PSIsIm1hYyI6ImEzZGVkZDQ4YzQwYjJiMmYwYzUyZTRiODcxMmI1ODM4YTliYzlhMWZjNjcwZThlZDA2OTM4YzQxMDk2NzY2MDMifQ==','Opened the \"Faith\'s Laptop Issue (68655)\" task page.','2018-01-06 08:52:18','2018-01-06 08:52:18'),(889,57484,'admin/tasks/view/eyJpdiI6IlV4TkFrWHdZejhmcmg3UVJvTUEzK3c9PSIsInZhbHVlIjoickcrS0lldVwvYXduMm5TQk9LN1UyMGc9PSIsIm1hYyI6ImEzZGVkZDQ4YzQwYjJiMmYwYzUyZTRiODcxMmI1ODM4YTliYzlhMWZjNjcwZThlZDA2OTM4YzQxMDk2NzY2MDMifQ==','Opened the \"Faith\'s Laptop Issue (68655)\" task page.','2018-01-06 08:54:38','2018-01-06 08:54:38'),(890,57484,'admin/tasks/view/eyJpdiI6IlV4TkFrWHdZejhmcmg3UVJvTUEzK3c9PSIsInZhbHVlIjoickcrS0lldVwvYXduMm5TQk9LN1UyMGc9PSIsIm1hYyI6ImEzZGVkZDQ4YzQwYjJiMmYwYzUyZTRiODcxMmI1ODM4YTliYzlhMWZjNjcwZThlZDA2OTM4YzQxMDk2NzY2MDMifQ==','Opened the \"Faith\'s Laptop Issue (68655)\" task page.','2018-01-06 08:54:57','2018-01-06 08:54:57'),(891,57484,'admin/tasks/view/eyJpdiI6IlV4TkFrWHdZejhmcmg3UVJvTUEzK3c9PSIsInZhbHVlIjoickcrS0lldVwvYXduMm5TQk9LN1UyMGc9PSIsIm1hYyI6ImEzZGVkZDQ4YzQwYjJiMmYwYzUyZTRiODcxMmI1ODM4YTliYzlhMWZjNjcwZThlZDA2OTM4YzQxMDk2NzY2MDMifQ==','Opened the \"Faith\'s Laptop Issue (68655)\" task page.','2018-01-06 08:55:00','2018-01-06 08:55:00'),(892,57484,'admin/tasks/view/eyJpdiI6IlV4TkFrWHdZejhmcmg3UVJvTUEzK3c9PSIsInZhbHVlIjoickcrS0lldVwvYXduMm5TQk9LN1UyMGc9PSIsIm1hYyI6ImEzZGVkZDQ4YzQwYjJiMmYwYzUyZTRiODcxMmI1ODM4YTliYzlhMWZjNjcwZThlZDA2OTM4YzQxMDk2NzY2MDMifQ==','Opened the \"Faith\'s Laptop Issue (68655)\" task page.','2018-01-06 08:55:22','2018-01-06 08:55:22'),(893,57484,'admin/tasks','Opened the task page.','2018-01-06 08:56:14','2018-01-06 08:56:14'),(894,57484,'admin/tasks/view/eyJpdiI6InZMYlZITERNeDdhU05cL1dkZG1NeU1BPT0iLCJ2YWx1ZSI6IkY4WFBGbWUzbG9zN0lyM3BENmRxeFE9PSIsIm1hYyI6Ijk4ZGQzMjg0NzI3ZWEyZGQ0YTBlMjkwNjY4MDVhODFhOWYyMDJmYzYyMGVmNjc1MDU1MDgwZmYxYWNmNjFjMzcifQ==','Opened the \"Faith\'s Laptop Issue (68655)\" task page.','2018-01-06 08:56:22','2018-01-06 08:56:22'),(895,57484,'admin/tasks/view/eyJpdiI6InZMYlZITERNeDdhU05cL1dkZG1NeU1BPT0iLCJ2YWx1ZSI6IkY4WFBGbWUzbG9zN0lyM3BENmRxeFE9PSIsIm1hYyI6Ijk4ZGQzMjg0NzI3ZWEyZGQ0YTBlMjkwNjY4MDVhODFhOWYyMDJmYzYyMGVmNjc1MDU1MDgwZmYxYWNmNjFjMzcifQ==','Opened the \"Faith\'s Laptop Issue (68655)\" task page.','2018-01-06 08:57:42','2018-01-06 08:57:42'),(896,57484,'admin/tasks/view/eyJpdiI6InZMYlZITERNeDdhU05cL1dkZG1NeU1BPT0iLCJ2YWx1ZSI6IkY4WFBGbWUzbG9zN0lyM3BENmRxeFE9PSIsIm1hYyI6Ijk4ZGQzMjg0NzI3ZWEyZGQ0YTBlMjkwNjY4MDVhODFhOWYyMDJmYzYyMGVmNjc1MDU1MDgwZmYxYWNmNjFjMzcifQ==','Opened the \"Faith\'s Laptop Issue (68655)\" task page.','2018-01-06 08:59:12','2018-01-06 08:59:12'),(897,57484,'admin/tasks/view/eyJpdiI6InZMYlZITERNeDdhU05cL1dkZG1NeU1BPT0iLCJ2YWx1ZSI6IkY4WFBGbWUzbG9zN0lyM3BENmRxeFE9PSIsIm1hYyI6Ijk4ZGQzMjg0NzI3ZWEyZGQ0YTBlMjkwNjY4MDVhODFhOWYyMDJmYzYyMGVmNjc1MDU1MDgwZmYxYWNmNjFjMzcifQ==','Opened the \"Faith\'s Laptop Issue (68655)\" task page.','2018-01-06 09:07:34','2018-01-06 09:07:34'),(898,56986,'admin/tasks/view/eyJpdiI6IjBKdW03ZlwvM1VHd1RFWlJoZlkwOEhBPT0iLCJ2YWx1ZSI6InU0bllaRFZpZ09yMnJhVTFUWk1nM1E9PSIsIm1hYyI6Ijg0NjlmY2Q3M2FiMGM3MGZiNGUxYWZlOWEyZDg1ZGZjOWQwNmM4OThkMmUzN2IyMDZlMjQ1NjExOWM2ZThiZGIifQ==','Opened the \"Faith\'s Laptop Issue (68655)\" task page.','2018-01-06 09:08:07','2018-01-06 09:08:07'),(899,57484,'admin/tasks/view/eyJpdiI6InZMYlZITERNeDdhU05cL1dkZG1NeU1BPT0iLCJ2YWx1ZSI6IkY4WFBGbWUzbG9zN0lyM3BENmRxeFE9PSIsIm1hYyI6Ijk4ZGQzMjg0NzI3ZWEyZGQ0YTBlMjkwNjY4MDVhODFhOWYyMDJmYzYyMGVmNjc1MDU1MDgwZmYxYWNmNjFjMzcifQ==','Opened the \"Faith\'s Laptop Issue (68655)\" task page.','2018-01-06 09:09:02','2018-01-06 09:09:02'),(900,57484,'admin/tasks/view/eyJpdiI6InZMYlZITERNeDdhU05cL1dkZG1NeU1BPT0iLCJ2YWx1ZSI6IkY4WFBGbWUzbG9zN0lyM3BENmRxeFE9PSIsIm1hYyI6Ijk4ZGQzMjg0NzI3ZWEyZGQ0YTBlMjkwNjY4MDVhODFhOWYyMDJmYzYyMGVmNjc1MDU1MDgwZmYxYWNmNjFjMzcifQ==','Opened the \"Faith\'s Laptop Issue (68655)\" task page.','2018-01-06 09:10:25','2018-01-06 09:10:25'),(901,57484,'admin/tasks/view/eyJpdiI6InZMYlZITERNeDdhU05cL1dkZG1NeU1BPT0iLCJ2YWx1ZSI6IkY4WFBGbWUzbG9zN0lyM3BENmRxeFE9PSIsIm1hYyI6Ijk4ZGQzMjg0NzI3ZWEyZGQ0YTBlMjkwNjY4MDVhODFhOWYyMDJmYzYyMGVmNjc1MDU1MDgwZmYxYWNmNjFjMzcifQ==','Opened the \"Faith\'s Laptop Issue (68655)\" task page.','2018-01-06 09:11:05','2018-01-06 09:11:05'),(902,57484,'admin/tasks/view/eyJpdiI6InZMYlZITERNeDdhU05cL1dkZG1NeU1BPT0iLCJ2YWx1ZSI6IkY4WFBGbWUzbG9zN0lyM3BENmRxeFE9PSIsIm1hYyI6Ijk4ZGQzMjg0NzI3ZWEyZGQ0YTBlMjkwNjY4MDVhODFhOWYyMDJmYzYyMGVmNjc1MDU1MDgwZmYxYWNmNjFjMzcifQ==','Opened the \"Faith\'s Laptop Issue (68655)\" task page.','2018-01-06 09:11:19','2018-01-06 09:11:19'),(903,57484,'admin/tasks/view/eyJpdiI6InZMYlZITERNeDdhU05cL1dkZG1NeU1BPT0iLCJ2YWx1ZSI6IkY4WFBGbWUzbG9zN0lyM3BENmRxeFE9PSIsIm1hYyI6Ijk4ZGQzMjg0NzI3ZWEyZGQ0YTBlMjkwNjY4MDVhODFhOWYyMDJmYzYyMGVmNjc1MDU1MDgwZmYxYWNmNjFjMzcifQ==','Opened the \"Faith\'s Laptop Issue (68655)\" task page.','2018-01-06 09:12:02','2018-01-06 09:12:02'),(904,56986,'admin/tasks/view/eyJpdiI6IjBKdW03ZlwvM1VHd1RFWlJoZlkwOEhBPT0iLCJ2YWx1ZSI6InU0bllaRFZpZ09yMnJhVTFUWk1nM1E9PSIsIm1hYyI6Ijg0NjlmY2Q3M2FiMGM3MGZiNGUxYWZlOWEyZDg1ZGZjOWQwNmM4OThkMmUzN2IyMDZlMjQ1NjExOWM2ZThiZGIifQ==','Opened the \"Faith\'s Laptop Issue (68655)\" task page.','2018-01-06 09:12:57','2018-01-06 09:12:57'),(905,57484,'admin/tasks/view/eyJpdiI6InZMYlZITERNeDdhU05cL1dkZG1NeU1BPT0iLCJ2YWx1ZSI6IkY4WFBGbWUzbG9zN0lyM3BENmRxeFE9PSIsIm1hYyI6Ijk4ZGQzMjg0NzI3ZWEyZGQ0YTBlMjkwNjY4MDVhODFhOWYyMDJmYzYyMGVmNjc1MDU1MDgwZmYxYWNmNjFjMzcifQ==','Opened the \"Faith\'s Laptop Issue (68655)\" task page.','2018-01-06 09:18:00','2018-01-06 09:18:00'),(906,57484,'admin/tasks/view/eyJpdiI6InZMYlZITERNeDdhU05cL1dkZG1NeU1BPT0iLCJ2YWx1ZSI6IkY4WFBGbWUzbG9zN0lyM3BENmRxeFE9PSIsIm1hYyI6Ijk4ZGQzMjg0NzI3ZWEyZGQ0YTBlMjkwNjY4MDVhODFhOWYyMDJmYzYyMGVmNjc1MDU1MDgwZmYxYWNmNjFjMzcifQ==','Opened the \"Faith\'s Laptop Issue (68655)\" task page.','2018-01-06 09:18:39','2018-01-06 09:18:39'),(907,57484,'admin/tasks/view/eyJpdiI6InZMYlZITERNeDdhU05cL1dkZG1NeU1BPT0iLCJ2YWx1ZSI6IkY4WFBGbWUzbG9zN0lyM3BENmRxeFE9PSIsIm1hYyI6Ijk4ZGQzMjg0NzI3ZWEyZGQ0YTBlMjkwNjY4MDVhODFhOWYyMDJmYzYyMGVmNjc1MDU1MDgwZmYxYWNmNjFjMzcifQ==','Opened the \"Faith\'s Laptop Issue (68655)\" task page.','2018-01-06 09:33:38','2018-01-06 09:33:38'),(908,56986,'admin/tasks/view/eyJpdiI6IjBKdW03ZlwvM1VHd1RFWlJoZlkwOEhBPT0iLCJ2YWx1ZSI6InU0bllaRFZpZ09yMnJhVTFUWk1nM1E9PSIsIm1hYyI6Ijg0NjlmY2Q3M2FiMGM3MGZiNGUxYWZlOWEyZDg1ZGZjOWQwNmM4OThkMmUzN2IyMDZlMjQ1NjExOWM2ZThiZGIifQ==','Opened the \"Faith\'s Laptop Issue (68655)\" task page.','2018-01-06 09:33:54','2018-01-06 09:33:54'),(909,57484,'admin/tasks/view/eyJpdiI6InZMYlZITERNeDdhU05cL1dkZG1NeU1BPT0iLCJ2YWx1ZSI6IkY4WFBGbWUzbG9zN0lyM3BENmRxeFE9PSIsIm1hYyI6Ijk4ZGQzMjg0NzI3ZWEyZGQ0YTBlMjkwNjY4MDVhODFhOWYyMDJmYzYyMGVmNjc1MDU1MDgwZmYxYWNmNjFjMzcifQ==','Opened the \"Faith\'s Laptop Issue (68655)\" task page.','2018-01-06 09:34:39','2018-01-06 09:34:39'),(910,57484,'admin/tasks/view/eyJpdiI6InZMYlZITERNeDdhU05cL1dkZG1NeU1BPT0iLCJ2YWx1ZSI6IkY4WFBGbWUzbG9zN0lyM3BENmRxeFE9PSIsIm1hYyI6Ijk4ZGQzMjg0NzI3ZWEyZGQ0YTBlMjkwNjY4MDVhODFhOWYyMDJmYzYyMGVmNjc1MDU1MDgwZmYxYWNmNjFjMzcifQ==','Opened the \"Faith\'s Laptop Issue (68655)\" task page.','2018-01-06 09:35:59','2018-01-06 09:35:59'),(911,57484,'admin/tasks/view/eyJpdiI6InZMYlZITERNeDdhU05cL1dkZG1NeU1BPT0iLCJ2YWx1ZSI6IkY4WFBGbWUzbG9zN0lyM3BENmRxeFE9PSIsIm1hYyI6Ijk4ZGQzMjg0NzI3ZWEyZGQ0YTBlMjkwNjY4MDVhODFhOWYyMDJmYzYyMGVmNjc1MDU1MDgwZmYxYWNmNjFjMzcifQ==','Opened the \"Faith\'s Laptop Issue (68655)\" task page.','2018-01-06 09:52:40','2018-01-06 09:52:40'),(912,57484,'admin/tasks','Opened the task page.','2018-01-06 09:55:31','2018-01-06 09:55:31'),(913,57484,'admin/tasks/view/eyJpdiI6Ilk2QktiVVRjN0RJY1JSZWJwK0pucEE9PSIsInZhbHVlIjoiSXp2bU0wUmNzTGsydFZBMmNmTjltUT09IiwibWFjIjoiMzgzNTMzOTUwNDE5NmFkMDcwY2UyYzUyMDU2ZGIwMTBiYWFlNmRmZjcwMzhhZTgyMjZmNmJkYTcxMzM3OTBmMSJ9','Opened the \"Faith\'s Laptop Issue (68655)\" task page.','2018-01-06 10:01:31','2018-01-06 10:01:31'),(914,57484,'admin/tasks','Opened the task page.','2018-01-06 10:11:12','2018-01-06 10:11:12'),(915,57484,'admin/tasks','Opened the task page.','2018-01-06 10:14:06','2018-01-06 10:14:06'),(916,57484,'admin/tasks','Opened the task page.','2018-01-07 07:44:57','2018-01-07 07:44:57'),(917,57484,'admin/tasks','Opened the task page.','2018-01-08 06:39:37','2018-01-08 06:39:37'),(918,57484,'admin/tasks','Opened the task page.','2018-01-08 06:43:28','2018-01-08 06:43:28'),(919,57484,'admin/tasks','Opened the task page.','2018-01-08 06:43:46','2018-01-08 06:43:46'),(920,57484,'admin/tasks','Opened the task page.','2018-01-08 06:51:06','2018-01-08 06:51:06'),(921,57484,'admin/tasks','Opened the task page.','2018-01-08 11:41:54','2018-01-08 11:41:54'),(922,57484,'admin/tasks','Opened the task page.','2018-01-08 11:52:26','2018-01-08 11:52:26'),(923,57484,'admin/tasks','Opened the task page.','2018-01-08 11:53:44','2018-01-08 11:53:44'),(924,57484,'admin/tasks','Opened the task page.','2018-01-08 11:54:49','2018-01-08 11:54:49'),(925,57484,'admin/tasks','Opened the task page.','2018-01-08 11:58:26','2018-01-08 11:58:26'),(926,57484,'admin/tasks','Opened the task page.','2018-01-08 11:59:40','2018-01-08 11:59:40'),(927,57484,'admin/tasks','Opened the task page.','2018-01-08 12:01:08','2018-01-08 12:01:08'),(928,57484,'admin/tasks/edit','Updated task title from \"Faith\'s Laptop Issue\" to \"Faith\'s Laptop Issue\",\n				from \"Repairs\" type to \"Repairs\" type,\n				from \"opened\" status to \"opened\",\n				from \" \" client to \" \",\n				from \"\" serial number to \"\",\n				on task id .68655','2018-01-08 12:01:43','2018-01-08 12:01:43'),(929,57484,'admin/tasks','Opened the task page.','2018-01-08 12:01:44','2018-01-08 12:01:44'),(930,57484,'admin/tasks','Opened the task page.','2018-01-08 12:25:49','2018-01-08 12:25:49'),(931,57484,'admin/tasks','Opened the task page.','2018-01-08 12:27:03','2018-01-08 12:27:03'),(932,57484,'admin/tasks','Opened the task page.','2018-01-08 12:27:15','2018-01-08 12:27:15'),(933,57484,'admin/tasks','Opened the task page.','2018-01-08 12:27:38','2018-01-08 12:27:38'),(934,57484,'admin/tasks','Opened the task page.','2018-01-08 12:28:31','2018-01-08 12:28:31'),(935,57484,'admin/tasks','Opened the task page.','2018-01-08 12:28:59','2018-01-08 12:28:59'),(936,57484,'admin/tasks','Opened the task page.','2018-01-08 12:29:52','2018-01-08 12:29:52'),(937,57484,'admin/tasks/view/eyJpdiI6ImdiXC9zcXAyeEhhWkpUM0dmQk9aMzZRPT0iLCJ2YWx1ZSI6InpKMW4wXC8xY0ZSdDRtSmd6Uk5sYzJ3PT0iLCJtYWMiOiJjMzkwZDcyZDhiNTRlMzRiMTdjOGFmMzYzZWEzMzAyOTRiODdiYWZlMTg5MzYyZmI2NTc0ZDE5MjkwMDkxMjYyIn0=','Opened the \"Faith\'s Laptop Issue (68655)\" task page.','2018-01-08 12:32:19','2018-01-08 12:32:19'),(938,56986,'login','Logged in','2018-01-08 12:33:25','2018-01-08 12:33:25'),(939,56986,'admin/tasks','Opened the task page.','2018-01-08 12:33:35','2018-01-08 12:33:35'),(940,56986,'admin/tasks/view/eyJpdiI6IkVKeEJsQlloTVlhTTVQUndaVXdvNlE9PSIsInZhbHVlIjoiVmI2XC85WklaOXpjb2prZmw0NnZsc0E9PSIsIm1hYyI6IjE4MjRlYmNmMTU4NjA2ZmJjOWMyZjZjNDFhYTk2ZDgwZGNmYzdkY2I0YzBiMzY0OGM1YTUxMGMxMzI4ODRkNjUifQ==','Opened the \"Faith\'s Laptop Issue (68655)\" task page.','2018-01-08 12:33:47','2018-01-08 12:33:47'),(941,57484,'admin/tasks','Opened the task page.','2018-01-08 12:34:19','2018-01-08 12:34:19'),(942,57484,'admin/tasks','Opened the task page.','2018-01-08 12:37:06','2018-01-08 12:37:06'),(943,57484,'admin/tasks','Opened the task page.','2018-01-08 12:38:03','2018-01-08 12:38:03'),(944,57484,'admin/tasks','Opened the task page.','2018-01-08 12:38:22','2018-01-08 12:38:22'),(945,57484,'admin/tasks','Opened the task page.','2018-01-08 12:39:23','2018-01-08 12:39:23'),(946,57484,'admin/tasks','Opened the task page.','2018-01-08 12:40:05','2018-01-08 12:40:05'),(947,57484,'admin/tasks','Opened the task page.','2018-01-08 12:51:24','2018-01-08 12:51:24'),(948,57484,'admin/tasks/reassign','Reassigned task owner from \"Akpoteheri Omeru\" to \" \", on task id .68655','2018-01-08 12:52:07','2018-01-08 12:52:07'),(949,57484,'admin/tasks','Opened the task page.','2018-01-08 12:52:15','2018-01-08 12:52:15'),(950,57484,'admin/tasks/reassign','Reassigned task owner from \"Obinna Akahara\" to \" \", on task id .68655','2018-01-08 12:52:29','2018-01-08 12:52:29'),(951,57484,'admin/tasks','Opened the task page.','2018-01-08 12:54:21','2018-01-08 12:54:21'),(952,57484,'admin/tasks/reassign','Reassigned task owner from \"Akpoteheri Omeru\" to \" \", on task id .68655','2018-01-08 12:54:37','2018-01-08 12:54:37'),(953,57484,'admin/tasks','Opened the task page.','2018-01-08 12:54:38','2018-01-08 12:54:38'),(954,57484,'admin/tasks/reassign','Reassigned task owner from \"Obinna Akahara\" to \" \", on task id .68655','2018-01-08 12:54:47','2018-01-08 12:54:47'),(955,57484,'admin/tasks','Opened the task page.','2018-01-08 12:54:47','2018-01-08 12:54:47'),(956,57484,'admin/tasks','Opened the task page.','2018-01-08 12:56:12','2018-01-08 12:56:12'),(957,57484,'admin/tasks/reassign','Reassigned task owner from \"Akpoteheri Omeru\" to \" \", on task id .68655','2018-01-08 12:56:32','2018-01-08 12:56:32'),(958,57484,'admin/tasks','Opened the task page.','2018-01-08 12:56:33','2018-01-08 12:56:33'),(959,57484,'admin/tasks','Opened the task page.','2018-01-08 12:56:33','2018-01-08 12:56:33'),(960,57484,'admin/tasks/view/eyJpdiI6IjF4OWErZnlidzhRb092UkxGY0FKMEE9PSIsInZhbHVlIjoiWVZ2YVwvWllRRklNSG9aOUVSbURNXC9RPT0iLCJtYWMiOiI3MWY0MmQyYzM5YTk4OGYyYTYzYTU5ZTk5YzEyOGQ1ZGRhNDhlMmMxNGQzMDYxYWI2YTZmNGZiMTZkMmQxNjBkIn0=','Opened the \"Faith\'s Laptop Issue (68655)\" task page.','2018-01-08 12:57:10','2018-01-08 12:57:10'),(961,57484,'admin/tasks/view/eyJpdiI6IjF4OWErZnlidzhRb092UkxGY0FKMEE9PSIsInZhbHVlIjoiWVZ2YVwvWllRRklNSG9aOUVSbURNXC9RPT0iLCJtYWMiOiI3MWY0MmQyYzM5YTk4OGYyYTYzYTU5ZTk5YzEyOGQ1ZGRhNDhlMmMxNGQzMDYxYWI2YTZmNGZiMTZkMmQxNjBkIn0=','Opened the \"Faith\'s Laptop Issue (68655)\" task page.','2018-01-08 12:57:40','2018-01-08 12:57:40'),(962,57484,'admin/tasks/view/eyJpdiI6IjF4OWErZnlidzhRb092UkxGY0FKMEE9PSIsInZhbHVlIjoiWVZ2YVwvWllRRklNSG9aOUVSbURNXC9RPT0iLCJtYWMiOiI3MWY0MmQyYzM5YTk4OGYyYTYzYTU5ZTk5YzEyOGQ1ZGRhNDhlMmMxNGQzMDYxYWI2YTZmNGZiMTZkMmQxNjBkIn0=','Opened the \"Faith\'s Laptop Issue (68655)\" task page.','2018-01-08 12:58:08','2018-01-08 12:58:08'),(963,57484,'admin/tasks/view/eyJpdiI6IjF4OWErZnlidzhRb092UkxGY0FKMEE9PSIsInZhbHVlIjoiWVZ2YVwvWllRRklNSG9aOUVSbURNXC9RPT0iLCJtYWMiOiI3MWY0MmQyYzM5YTk4OGYyYTYzYTU5ZTk5YzEyOGQ1ZGRhNDhlMmMxNGQzMDYxYWI2YTZmNGZiMTZkMmQxNjBkIn0=','Opened the \"Faith\'s Laptop Issue (68655)\" task page.','2018-01-08 12:58:14','2018-01-08 12:58:14'),(964,57484,'admin/tasks','Opened the task page.','2018-01-08 12:58:22','2018-01-08 12:58:22'),(965,57484,'admin/tasks/add','Assigned task \"Printer Issue\" item with id .68656 to \"Ekaete \"','2018-01-08 12:59:03','2018-01-08 12:59:03'),(966,57484,'admin/tasks','Opened the task page.','2018-01-08 12:59:04','2018-01-08 12:59:04'),(967,57484,'admin/tasks','Opened the task page.','2018-01-08 12:59:43','2018-01-08 12:59:43'),(968,57484,'admin/tasks','Opened the task page.','2018-01-08 13:00:02','2018-01-08 13:00:02'),(969,57484,'admin/tasks','Opened the task page.','2018-01-08 13:07:40','2018-01-08 13:07:40'),(970,57484,'admin/tasks','Opened the task page.','2018-01-08 13:08:13','2018-01-08 13:08:13'),(971,57484,'admin/tasks/delete','Deleted \"Printer Issue\" task with id .68656','2018-01-08 13:08:59','2018-01-08 13:08:59'),(972,57484,'admin/tasks','Opened the task page.','2018-01-08 13:09:04','2018-01-08 13:09:04'),(973,57484,'admin/tasks/add','Assigned task \"Dfgddd\" item with id .68657 to \"Adetunji \"','2018-01-08 13:09:32','2018-01-08 13:09:32'),(974,57484,'admin/tasks','Opened the task page.','2018-01-08 13:09:32','2018-01-08 13:09:32'),(975,57484,'admin/tasks/delete','Deleted \"Dfgddd\" task with id .68657','2018-01-08 13:09:38','2018-01-08 13:09:38'),(976,57484,'admin/tasks/add','Assigned task \"Sdfdsfsd\" item with id .68658 to \"Akpoteheri \"','2018-01-08 13:10:03','2018-01-08 13:10:03'),(977,57484,'admin/tasks','Opened the task page.','2018-01-08 13:10:04','2018-01-08 13:10:04'),(978,57484,'admin/tasks/view/eyJpdiI6IlRZVUYraXpmRWwyXC9hc01yN1hnM3NnPT0iLCJ2YWx1ZSI6Imh0UUtHeU5mWUR6VHg2SDlcL0lKbkJBPT0iLCJtYWMiOiIyYTJhOGQ0OTAyYTAxOTNhMjYxMjY4YTQ1MzQ1NTYzZjVkY2ZjYmE1Yzc3YmRjOWYyMTMwYTJmYzU2YWEzYmM4In0=','Opened the \"Sdfdsfsd (68658)\" task page.','2018-01-08 13:10:27','2018-01-08 13:10:27'),(979,57484,'admin/tasks/action/add','Added an action point to the task \"\" with id: 45685','2018-01-08 13:10:48','2018-01-08 13:10:48'),(980,57484,'admin/tasks/view/eyJpdiI6ImRBK29iSzJyS2VMYVdGRlNqUnFNR2c9PSIsInZhbHVlIjoibldwSmtNUSs2azZoNk52M2NzN0Q0Zz09IiwibWFjIjoiZjY3OThmNzkxYzhkZDVjYWI2ODQ3ZGU4YzY3MGVmYzJkZDA0YmFlMjI2NzQxMzkwNGI1Y2I0ZWM2MDc2M2MwOCJ9','Opened the \"Sdfdsfsd (68658)\" task page.','2018-01-08 13:10:49','2018-01-08 13:10:49'),(981,57484,'admin/tasks','Opened the task page.','2018-01-08 13:11:23','2018-01-08 13:11:23'),(982,57484,'admin/tasks/view/eyJpdiI6Img4VUIrYlF5MjFxaWloTmZiT1pWdlE9PSIsInZhbHVlIjoiQisxc0syQVNvOWpRY2UrNWVwcFFXUT09IiwibWFjIjoiZDAwMDQ1NzA4ZDdkMmZhZmY2MWQ5YWQ0Mzc0MDM2Zjg2MDg1MWQxNTFkZDRiNWU4NmIyYmUzZGU5NjZkMWJlOCJ9','Opened the \"Sdfdsfsd (68658)\" task page.','2018-01-08 13:13:09','2018-01-08 13:13:09'),(983,57484,'admin/tasks/action/add','Added an action point to the task \"\" with id: 45686','2018-01-08 13:13:17','2018-01-08 13:13:17'),(984,57484,'admin/tasks/action/add','Completed task action for \"\" issue with id: 68658','2018-01-08 13:13:17','2018-01-08 13:13:17'),(985,57484,'admin/tasks/view/eyJpdiI6IkdGeGlaNG1RbVpvUDdyK1h4YVk5dUE9PSIsInZhbHVlIjoiaUkzS1orMkdib3BjNERBQ1dPYXVCdz09IiwibWFjIjoiNTMzMzBiZDg3M2IwOGI4ZjIyNTIwODdlNzVlMTdmYmUxMjlkNDZlYmRjNDQ4OTBjNGUxNzMwZTg3NzUyN2RkZiJ9','Opened the \"Sdfdsfsd (68658)\" task page.','2018-01-08 13:13:18','2018-01-08 13:13:18'),(986,56986,'admin/tasks','Opened the task page.','2018-01-08 13:14:11','2018-01-08 13:14:11'),(987,56986,'admin/tasks/view/eyJpdiI6Iis3cFc0a1VoQmp1RUtGTFFZOXhzZ1E9PSIsInZhbHVlIjoiQ1FvZDFjemZCTkE2Y1k1anFUb0Vrdz09IiwibWFjIjoiN2UzNzIwNDBjMDQxODhhYWQ0ZTg0OThkZjI3NDU0Y2U2NjAyNTVlY2EwMDc4N2MwNzIwMTY1MWMwMDY3NmFhMiJ9','Opened the \"Sdfdsfsd (68658)\" task page.','2018-01-08 13:14:17','2018-01-08 13:14:17'),(988,56986,'admin/tasks','Opened the task page.','2018-01-08 13:14:33','2018-01-08 13:14:33'),(989,57484,'admin/tasks','Opened the task page.','2018-01-08 13:14:41','2018-01-08 13:14:41'),(990,57484,'admin/tasks/view/eyJpdiI6IjJUXC9sTlIyTzYyQk5HVTdzbXVGSW1nPT0iLCJ2YWx1ZSI6ImplTzcxaStNUkgyVERRK1MyVVRcL0tBPT0iLCJtYWMiOiJkNDEzMDU0NjY1NjliNzk0MjhlYzJmNTNkYjc1ZjQ4NWI5YTQzNGI5MjUwOGI5NGY2NzFjOTQ3Njc3NzljNTQ2In0=','Opened the \"Sdfdsfsd (68658)\" task page.','2018-01-08 14:05:14','2018-01-08 14:05:14'),(991,57484,'admin/tasks/view/eyJpdiI6IjJUXC9sTlIyTzYyQk5HVTdzbXVGSW1nPT0iLCJ2YWx1ZSI6ImplTzcxaStNUkgyVERRK1MyVVRcL0tBPT0iLCJtYWMiOiJkNDEzMDU0NjY1NjliNzk0MjhlYzJmNTNkYjc1ZjQ4NWI5YTQzNGI5MjUwOGI5NGY2NzFjOTQ3Njc3NzljNTQ2In0=','Opened the \"Sdfdsfsd (68658)\" task page.','2018-01-08 14:05:25','2018-01-08 14:05:25'),(992,57484,'admin/tasks/view/eyJpdiI6IjJUXC9sTlIyTzYyQk5HVTdzbXVGSW1nPT0iLCJ2YWx1ZSI6ImplTzcxaStNUkgyVERRK1MyVVRcL0tBPT0iLCJtYWMiOiJkNDEzMDU0NjY1NjliNzk0MjhlYzJmNTNkYjc1ZjQ4NWI5YTQzNGI5MjUwOGI5NGY2NzFjOTQ3Njc3NzljNTQ2In0=','Opened the \"Sdfdsfsd (68658)\" task page.','2018-01-08 14:06:21','2018-01-08 14:06:21'),(993,57484,'admin/tasks','Opened the task page.','2018-01-08 14:08:06','2018-01-08 14:08:06'),(994,56986,'admin/tasks','Opened the task page.','2018-01-08 14:08:32','2018-01-08 14:08:32'),(995,56986,'admin/tasks/view/eyJpdiI6IlBLOWo3WGNHc0R6SXRkcHhGb2NkZFE9PSIsInZhbHVlIjoiWkdYVzFYbnVYVW5rWThhNzhJcklXQT09IiwibWFjIjoiZDUwZTg2NWEyNzA0MThkMjY3OTYxZmJjNzU4YmY3OWVhZWY4Y2RmMTBmNDIxN2EwN2YyNDdkZThmZDQ1Njc2ZiJ9','Opened the \"Sdfdsfsd (68658)\" task page.','2018-01-08 14:12:29','2018-01-08 14:12:29'),(996,56986,'admin/tasks/view/eyJpdiI6IlBLOWo3WGNHc0R6SXRkcHhGb2NkZFE9PSIsInZhbHVlIjoiWkdYVzFYbnVYVW5rWThhNzhJcklXQT09IiwibWFjIjoiZDUwZTg2NWEyNzA0MThkMjY3OTYxZmJjNzU4YmY3OWVhZWY4Y2RmMTBmNDIxN2EwN2YyNDdkZThmZDQ1Njc2ZiJ9','Opened the \"Sdfdsfsd (68658)\" task page.','2018-01-08 14:19:05','2018-01-08 14:19:05'),(997,57484,'admin/tasks/view/eyJpdiI6IkpoTmZIZVl1MG1FRUl6TUlzSFNHbXc9PSIsInZhbHVlIjoiczIxT1dXODFCdjcyMTRhQkRtcHE5UT09IiwibWFjIjoiMGFkNDQ5N2MyM2M3Mjk2NTViNzFkMTNmZjI4MjQ5NzM3MDllMjBhMjg3ODU1NDRmNzJmNGEwMTk3OTI3N2MzNiJ9','Opened the \"Faith\'s Laptop Issue (68655)\" task page.','2018-01-08 14:20:05','2018-01-08 14:20:05'),(998,57484,'admin/tasks/view/eyJpdiI6IkpoTmZIZVl1MG1FRUl6TUlzSFNHbXc9PSIsInZhbHVlIjoiczIxT1dXODFCdjcyMTRhQkRtcHE5UT09IiwibWFjIjoiMGFkNDQ5N2MyM2M3Mjk2NTViNzFkMTNmZjI4MjQ5NzM3MDllMjBhMjg3ODU1NDRmNzJmNGEwMTk3OTI3N2MzNiJ9','Opened the \"Faith\'s Laptop Issue (68655)\" task page.','2018-01-08 15:08:52','2018-01-08 15:08:52'),(999,57484,'admin/tasks/view/eyJpdiI6IkpoTmZIZVl1MG1FRUl6TUlzSFNHbXc9PSIsInZhbHVlIjoiczIxT1dXODFCdjcyMTRhQkRtcHE5UT09IiwibWFjIjoiMGFkNDQ5N2MyM2M3Mjk2NTViNzFkMTNmZjI4MjQ5NzM3MDllMjBhMjg3ODU1NDRmNzJmNGEwMTk3OTI3N2MzNiJ9','Opened the \"Faith\'s Laptop Issue (68655)\" task page.','2018-01-08 15:10:15','2018-01-08 15:10:15'),(1000,57484,'admin/tasks/view/eyJpdiI6IkpoTmZIZVl1MG1FRUl6TUlzSFNHbXc9PSIsInZhbHVlIjoiczIxT1dXODFCdjcyMTRhQkRtcHE5UT09IiwibWFjIjoiMGFkNDQ5N2MyM2M3Mjk2NTViNzFkMTNmZjI4MjQ5NzM3MDllMjBhMjg3ODU1NDRmNzJmNGEwMTk3OTI3N2MzNiJ9','Opened the \"Faith\'s Laptop Issue (68655)\" task page.','2018-01-08 15:11:21','2018-01-08 15:11:21'),(1001,57484,'admin/tasks/view/eyJpdiI6IkpoTmZIZVl1MG1FRUl6TUlzSFNHbXc9PSIsInZhbHVlIjoiczIxT1dXODFCdjcyMTRhQkRtcHE5UT09IiwibWFjIjoiMGFkNDQ5N2MyM2M3Mjk2NTViNzFkMTNmZjI4MjQ5NzM3MDllMjBhMjg3ODU1NDRmNzJmNGEwMTk3OTI3N2MzNiJ9','Opened the \"Faith\'s Laptop Issue (68655)\" task page.','2018-01-08 15:13:15','2018-01-08 15:13:15'),(1002,57484,'admin/tasks/view/eyJpdiI6IkpoTmZIZVl1MG1FRUl6TUlzSFNHbXc9PSIsInZhbHVlIjoiczIxT1dXODFCdjcyMTRhQkRtcHE5UT09IiwibWFjIjoiMGFkNDQ5N2MyM2M3Mjk2NTViNzFkMTNmZjI4MjQ5NzM3MDllMjBhMjg3ODU1NDRmNzJmNGEwMTk3OTI3N2MzNiJ9','Opened the \"Faith\'s Laptop Issue (68655)\" task page.','2018-01-08 15:14:05','2018-01-08 15:14:05'),(1003,57484,'admin/tasks/action/delete','Deleted \"Faith\'s Laptop Issue\" task action point with id .45681','2018-01-08 15:14:28','2018-01-08 15:14:28'),(1004,57484,'admin/tasks/action/delete','Deleted \"Faith\'s Laptop Issue\" task action point with id .45680','2018-01-08 15:14:34','2018-01-08 15:14:34'),(1005,57484,'admin/tasks/action/delete','Deleted \"Faith\'s Laptop Issue\" task action point with id .45679','2018-01-08 15:14:39','2018-01-08 15:14:39'),(1006,57484,'admin/tasks/action/delete','Deleted \"Faith\'s Laptop Issue\" task action point with id .45677','2018-01-08 15:14:50','2018-01-08 15:14:50'),(1007,57484,'admin/tasks/action/delete','Deleted \"Faith\'s Laptop Issue\" task action point with id .45675','2018-01-08 15:14:55','2018-01-08 15:14:55'),(1008,57484,'admin/tasks/action/delete','Deleted \"Faith\'s Laptop Issue\" task action point with id .45674','2018-01-08 15:14:58','2018-01-08 15:14:58'),(1009,57484,'admin/tasks/action/delete','Deleted \"Faith\'s Laptop Issue\" task action point with id .45673','2018-01-08 15:15:02','2018-01-08 15:15:02'),(1010,57484,'admin/tasks/action/delete','Deleted \"Faith\'s Laptop Issue\" task action point with id .45672','2018-01-08 15:15:07','2018-01-08 15:15:07'),(1011,57484,'admin/tasks/view/eyJpdiI6IkpoTmZIZVl1MG1FRUl6TUlzSFNHbXc9PSIsInZhbHVlIjoiczIxT1dXODFCdjcyMTRhQkRtcHE5UT09IiwibWFjIjoiMGFkNDQ5N2MyM2M3Mjk2NTViNzFkMTNmZjI4MjQ5NzM3MDllMjBhMjg3ODU1NDRmNzJmNGEwMTk3OTI3N2MzNiJ9','Opened the \"Faith\'s Laptop Issue (68655)\" task page.','2018-01-08 15:15:09','2018-01-08 15:15:09'),(1012,57484,'admin/tasks/action/delete','Deleted \"Faith\'s Laptop Issue\" task action point with id .45671','2018-01-08 15:15:20','2018-01-08 15:15:20'),(1013,56986,'admin/tasks','Opened the task page.','2018-01-08 15:19:40','2018-01-08 15:19:40'),(1014,56986,'admin/tasks/view/eyJpdiI6IlFpNHp2V1QxdllhOFBPRFhGdkczbFE9PSIsInZhbHVlIjoiTEx1RGVnR0ttd2pyNlpwKzdKTVBEQT09IiwibWFjIjoiMGQ3NzQ0NTNhN2ZkMWE0Y2E5ODQ5MDRlZTNhMmQ0Yjk1NTkwMDA4MDE3OGE4MGJmNDY4YjUyMWYwMGQ1OGZkOSJ9','RESTRICTED! Tried to access \"Faith\'s Laptop Issue (68655)\" task not owned.','2018-01-08 15:21:31','2018-01-08 15:21:31'),(1015,56986,'admin/tasks','Opened the task page.','2018-01-08 15:21:31','2018-01-08 15:21:31'),(1016,56986,'admin/tasks/view/eyJpdiI6ImhkazlHZmpsaUdpSFdtN1ZnZUlXd3c9PSIsInZhbHVlIjoib1dmSUkySnA1djNtU1BrRlMycTdEdz09IiwibWFjIjoiNTc5ZDkwMTlhZmMyODAxZjcxODBmOTlhZmQwOTEyYTI3OTgyNDRhYzhmMTZmNWY2ZTczNjg5ZTc5OGFmMjJjNSJ9','Opened the \"Sdfdsfsd (68658)\" task page.','2018-01-08 15:21:39','2018-01-08 15:21:39'),(1017,56986,'admin/tasks','Opened the task page.','2018-01-08 15:21:45','2018-01-08 15:21:45'),(1018,56986,'admin/tasks/view/eyJpdiI6InRvMm9cL0o3cnJ2Tlh1QVwvU2RQdG1kUT09IiwidmFsdWUiOiJrMzV0QjB2clFnQVRveW9mUmVBazZBPT0iLCJtYWMiOiI2Y2M1N2Y2ZmNlM2M3NmJhY2FlYmQ1OWY2MzU0YzJhMjlhZDFjYzlhYmJiNmI1MTRiNTVlYjEyMjdkMDg5YjFiIn0=','RESTRICTED! Tried to access \"Faith\'s Laptop Issue (68655)\" task not owned.','2018-01-08 15:21:49','2018-01-08 15:21:49'),(1019,56986,'admin/tasks','Opened the task page.','2018-01-08 15:21:50','2018-01-08 15:21:50'),(1020,57484,'admin/tasks','Opened the task page.','2018-01-08 15:22:00','2018-01-08 15:22:00'),(1021,57484,'admin/tasks/reassign','Reassigned task owner from \"Obinna Akahara\" to \" \", on task id .68655','2018-01-08 15:22:18','2018-01-08 15:22:18'),(1022,57484,'admin/tasks','Opened the task page.','2018-01-08 15:22:19','2018-01-08 15:22:19'),(1023,57484,'admin/tasks','Opened the task page.','2018-01-08 15:22:22','2018-01-08 15:22:22'),(1024,57484,'admin/tasks','Opened the task page.','2018-01-08 15:27:16','2018-01-08 15:27:16'),(1025,57484,'admin/tasks/edit','Updated task title from \"Sdfdsfsd\" to \"Sdfdsfsd\",\n				from \"Application Support\" type to \"Application Support\" type,\n				from \"closed\" status to \"opened\",\n				from \"Akpoteheri Omeru\" client to \" Omeru\",\n				from \"\" serial number to \"\",\n				on task id .68658','2018-01-08 15:27:30','2018-01-08 15:27:30'),(1026,57484,'admin/tasks','Opened the task page.','2018-01-08 15:27:30','2018-01-08 15:27:30'),(1027,56986,'admin/tasks/view/eyJpdiI6Ikc5S2pJc0FlYmdNVlkyQUpLMitWVGc9PSIsInZhbHVlIjoia3VyQVo4aXQxMkRLNThWK0VDSTV4UT09IiwibWFjIjoiOWI0M2UxNWFmOTVhMGVjM2RjNmU4MjkyNDM2Y2FlNTY4MmM5OGFmMGYwNzkxYWY0MWYyYThhMWU1YmEyODk4ZCJ9','Opened the \"Sdfdsfsd (68658)\" task page.','2018-01-08 15:27:44','2018-01-08 15:27:44'),(1028,57484,'admin/tasks/view/eyJpdiI6IldINjJTeDh0aFJXNHRlODBvd2cxWVE9PSIsInZhbHVlIjoib1hcL2N6VU9QUjdwRHF0XC8zV0F6SHV3PT0iLCJtYWMiOiJiNTI2MGVjZDU1MTVmOTU4NjcyMDE4YWZkYTY4MTQxZTcyN2Y3YzNiNDEzYjNjZjhiNmEwM2MwNmUxYWYxYjI5In0=','Opened the \"Sdfdsfsd (68658)\" task page.','2018-01-08 15:28:33','2018-01-08 15:28:33'),(1029,57484,'admin/tasks/action/delete','Deleted \"Sdfdsfsd\" task action point with id .45689','2018-01-08 15:28:39','2018-01-08 15:28:39'),(1030,57484,'admin/tasks/view/eyJpdiI6IldINjJTeDh0aFJXNHRlODBvd2cxWVE9PSIsInZhbHVlIjoib1hcL2N6VU9QUjdwRHF0XC8zV0F6SHV3PT0iLCJtYWMiOiJiNTI2MGVjZDU1MTVmOTU4NjcyMDE4YWZkYTY4MTQxZTcyN2Y3YzNiNDEzYjNjZjhiNmEwM2MwNmUxYWYxYjI5In0=','Opened the \"Sdfdsfsd (68658)\" task page.','2018-01-08 15:49:44','2018-01-08 15:49:44'),(1031,57484,'admin/tasks/view/eyJpdiI6IldINjJTeDh0aFJXNHRlODBvd2cxWVE9PSIsInZhbHVlIjoib1hcL2N6VU9QUjdwRHF0XC8zV0F6SHV3PT0iLCJtYWMiOiJiNTI2MGVjZDU1MTVmOTU4NjcyMDE4YWZkYTY4MTQxZTcyN2Y3YzNiNDEzYjNjZjhiNmEwM2MwNmUxYWYxYjI5In0=','Opened the \"Sdfdsfsd (68658)\" task page.','2018-01-08 15:51:26','2018-01-08 15:51:26'),(1032,57484,'admin/tasks/view/eyJpdiI6IldINjJTeDh0aFJXNHRlODBvd2cxWVE9PSIsInZhbHVlIjoib1hcL2N6VU9QUjdwRHF0XC8zV0F6SHV3PT0iLCJtYWMiOiJiNTI2MGVjZDU1MTVmOTU4NjcyMDE4YWZkYTY4MTQxZTcyN2Y3YzNiNDEzYjNjZjhiNmEwM2MwNmUxYWYxYjI5In0=','Opened the \"Sdfdsfsd (68658)\" task page.','2018-01-08 15:52:55','2018-01-08 15:52:55'),(1033,57484,'admin/tasks/view/eyJpdiI6IldINjJTeDh0aFJXNHRlODBvd2cxWVE9PSIsInZhbHVlIjoib1hcL2N6VU9QUjdwRHF0XC8zV0F6SHV3PT0iLCJtYWMiOiJiNTI2MGVjZDU1MTVmOTU4NjcyMDE4YWZkYTY4MTQxZTcyN2Y3YzNiNDEzYjNjZjhiNmEwM2MwNmUxYWYxYjI5In0=','Opened the \"Sdfdsfsd (68658)\" task page.','2018-01-08 16:28:20','2018-01-08 16:28:20'),(1034,57484,'admin/tasks/view/eyJpdiI6IldINjJTeDh0aFJXNHRlODBvd2cxWVE9PSIsInZhbHVlIjoib1hcL2N6VU9QUjdwRHF0XC8zV0F6SHV3PT0iLCJtYWMiOiJiNTI2MGVjZDU1MTVmOTU4NjcyMDE4YWZkYTY4MTQxZTcyN2Y3YzNiNDEzYjNjZjhiNmEwM2MwNmUxYWYxYjI5In0=','Opened the \"Sdfdsfsd (68658)\" task page.','2018-01-08 16:28:53','2018-01-08 16:28:53'),(1035,57484,'admin/tasks/view/eyJpdiI6IldINjJTeDh0aFJXNHRlODBvd2cxWVE9PSIsInZhbHVlIjoib1hcL2N6VU9QUjdwRHF0XC8zV0F6SHV3PT0iLCJtYWMiOiJiNTI2MGVjZDU1MTVmOTU4NjcyMDE4YWZkYTY4MTQxZTcyN2Y3YzNiNDEzYjNjZjhiNmEwM2MwNmUxYWYxYjI5In0=','Opened the \"Sdfdsfsd (68658)\" task page.','2018-01-08 16:29:01','2018-01-08 16:29:01'),(1036,57484,'admin/tasks/view/eyJpdiI6IldINjJTeDh0aFJXNHRlODBvd2cxWVE9PSIsInZhbHVlIjoib1hcL2N6VU9QUjdwRHF0XC8zV0F6SHV3PT0iLCJtYWMiOiJiNTI2MGVjZDU1MTVmOTU4NjcyMDE4YWZkYTY4MTQxZTcyN2Y3YzNiNDEzYjNjZjhiNmEwM2MwNmUxYWYxYjI5In0=','Opened the \"Sdfdsfsd (68658)\" task page.','2018-01-08 16:29:36','2018-01-08 16:29:36'),(1037,57484,'admin/tasks/view/eyJpdiI6IldINjJTeDh0aFJXNHRlODBvd2cxWVE9PSIsInZhbHVlIjoib1hcL2N6VU9QUjdwRHF0XC8zV0F6SHV3PT0iLCJtYWMiOiJiNTI2MGVjZDU1MTVmOTU4NjcyMDE4YWZkYTY4MTQxZTcyN2Y3YzNiNDEzYjNjZjhiNmEwM2MwNmUxYWYxYjI5In0=','Opened the \"Sdfdsfsd (68658)\" task page.','2018-01-08 16:29:55','2018-01-08 16:29:55'),(1038,57484,'admin/tasks/view/eyJpdiI6IldINjJTeDh0aFJXNHRlODBvd2cxWVE9PSIsInZhbHVlIjoib1hcL2N6VU9QUjdwRHF0XC8zV0F6SHV3PT0iLCJtYWMiOiJiNTI2MGVjZDU1MTVmOTU4NjcyMDE4YWZkYTY4MTQxZTcyN2Y3YzNiNDEzYjNjZjhiNmEwM2MwNmUxYWYxYjI5In0=','Opened the \"Sdfdsfsd (68658)\" task page.','2018-01-08 16:30:44','2018-01-08 16:30:44'),(1039,57484,'admin/tasks/view/eyJpdiI6IldINjJTeDh0aFJXNHRlODBvd2cxWVE9PSIsInZhbHVlIjoib1hcL2N6VU9QUjdwRHF0XC8zV0F6SHV3PT0iLCJtYWMiOiJiNTI2MGVjZDU1MTVmOTU4NjcyMDE4YWZkYTY4MTQxZTcyN2Y3YzNiNDEzYjNjZjhiNmEwM2MwNmUxYWYxYjI5In0=','Opened the \"Sdfdsfsd (68658)\" task page.','2018-01-08 16:32:13','2018-01-08 16:32:13'),(1040,57484,'admin/tasks/view/eyJpdiI6IldINjJTeDh0aFJXNHRlODBvd2cxWVE9PSIsInZhbHVlIjoib1hcL2N6VU9QUjdwRHF0XC8zV0F6SHV3PT0iLCJtYWMiOiJiNTI2MGVjZDU1MTVmOTU4NjcyMDE4YWZkYTY4MTQxZTcyN2Y3YzNiNDEzYjNjZjhiNmEwM2MwNmUxYWYxYjI5In0=','Opened the \"Sdfdsfsd (68658)\" task page.','2018-01-08 16:33:02','2018-01-08 16:33:02'),(1041,57484,'admin/tasks/view/eyJpdiI6IldINjJTeDh0aFJXNHRlODBvd2cxWVE9PSIsInZhbHVlIjoib1hcL2N6VU9QUjdwRHF0XC8zV0F6SHV3PT0iLCJtYWMiOiJiNTI2MGVjZDU1MTVmOTU4NjcyMDE4YWZkYTY4MTQxZTcyN2Y3YzNiNDEzYjNjZjhiNmEwM2MwNmUxYWYxYjI5In0=','Opened the \"Sdfdsfsd (68658)\" task page.','2018-01-08 16:33:19','2018-01-08 16:33:19'),(1042,57484,'admin/tasks/view/eyJpdiI6IldINjJTeDh0aFJXNHRlODBvd2cxWVE9PSIsInZhbHVlIjoib1hcL2N6VU9QUjdwRHF0XC8zV0F6SHV3PT0iLCJtYWMiOiJiNTI2MGVjZDU1MTVmOTU4NjcyMDE4YWZkYTY4MTQxZTcyN2Y3YzNiNDEzYjNjZjhiNmEwM2MwNmUxYWYxYjI5In0=','Opened the \"Sdfdsfsd (68658)\" task page.','2018-01-08 16:33:49','2018-01-08 16:33:49'),(1043,57484,'admin/tasks/action/edit','Completed task action for \"Sdfdsfsd\" issue with id: 68658','2018-01-08 16:34:21','2018-01-08 16:34:21'),(1044,57484,'admin/tasks/action/edit','Updated task action point comment from \"dfgfsdsdfsd\" to \"dfgfsdsdfsd  dgdfgdfdffdb dfdffd\", on comment id .45686','2018-01-08 16:34:21','2018-01-08 16:34:21'),(1045,57484,'admin/tasks/view/eyJpdiI6IldINjJTeDh0aFJXNHRlODBvd2cxWVE9PSIsInZhbHVlIjoib1hcL2N6VU9QUjdwRHF0XC8zV0F6SHV3PT0iLCJtYWMiOiJiNTI2MGVjZDU1MTVmOTU4NjcyMDE4YWZkYTY4MTQxZTcyN2Y3YzNiNDEzYjNjZjhiNmEwM2MwNmUxYWYxYjI5In0=','Opened the \"Sdfdsfsd (68658)\" task page.','2018-01-08 16:34:21','2018-01-08 16:34:21'),(1046,56986,'admin/tasks/view/eyJpdiI6Ikc5S2pJc0FlYmdNVlkyQUpLMitWVGc9PSIsInZhbHVlIjoia3VyQVo4aXQxMkRLNThWK0VDSTV4UT09IiwibWFjIjoiOWI0M2UxNWFmOTVhMGVjM2RjNmU4MjkyNDM2Y2FlNTY4MmM5OGFmMGYwNzkxYWY0MWYyYThhMWU1YmEyODk4ZCJ9','Opened the \"Sdfdsfsd (68658)\" task page.','2018-01-08 16:35:42','2018-01-08 16:35:42'),(1047,57484,'admin/tasks/view/eyJpdiI6IldINjJTeDh0aFJXNHRlODBvd2cxWVE9PSIsInZhbHVlIjoib1hcL2N6VU9QUjdwRHF0XC8zV0F6SHV3PT0iLCJtYWMiOiJiNTI2MGVjZDU1MTVmOTU4NjcyMDE4YWZkYTY4MTQxZTcyN2Y3YzNiNDEzYjNjZjhiNmEwM2MwNmUxYWYxYjI5In0=','Opened the \"Sdfdsfsd (68658)\" task page.','2018-01-08 16:36:59','2018-01-08 16:36:59'),(1048,57484,'admin/tasks/view/eyJpdiI6IldINjJTeDh0aFJXNHRlODBvd2cxWVE9PSIsInZhbHVlIjoib1hcL2N6VU9QUjdwRHF0XC8zV0F6SHV3PT0iLCJtYWMiOiJiNTI2MGVjZDU1MTVmOTU4NjcyMDE4YWZkYTY4MTQxZTcyN2Y3YzNiNDEzYjNjZjhiNmEwM2MwNmUxYWYxYjI5In0=','Opened the \"Sdfdsfsd (68658)\" task page.','2018-01-08 16:37:55','2018-01-08 16:37:55'),(1049,56986,'admin/tasks/view/eyJpdiI6Ikc5S2pJc0FlYmdNVlkyQUpLMitWVGc9PSIsInZhbHVlIjoia3VyQVo4aXQxMkRLNThWK0VDSTV4UT09IiwibWFjIjoiOWI0M2UxNWFmOTVhMGVjM2RjNmU4MjkyNDM2Y2FlNTY4MmM5OGFmMGYwNzkxYWY0MWYyYThhMWU1YmEyODk4ZCJ9','Opened the \"Sdfdsfsd (68658)\" task page.','2018-01-08 16:38:13','2018-01-08 16:38:13'),(1050,56986,'admin/tasks','Opened the task page.','2018-01-08 16:39:46','2018-01-08 16:39:46'),(1051,56986,'admin/tasks/view/eyJpdiI6IlIxWktcL0RZS2hTODdKZGt2T01iMlZ3PT0iLCJ2YWx1ZSI6InQyOUFMNW5rUjVyeHNveGltVXVySlE9PSIsIm1hYyI6ImNlZDA1YWY1YjA5MTBlNGQyMWI0YTUwNWViMTBiNGI4YzQyMTM2N2M1YTkwN2EzNzk4NDY2MjljMGVjOGMzYzUifQ==','Opened the \"Faith\'s Laptop Issue (68655)\" task page.','2018-01-08 16:39:54','2018-01-08 16:39:54'),(1052,57484,'admin/tasks','Opened the task page.','2018-01-08 16:40:07','2018-01-08 16:40:07'),(1053,57484,'admin/tasks/delete','Deleted \"Sdfdsfsd\" task with id .68658','2018-01-08 16:42:48','2018-01-08 16:42:48'),(1054,57484,'admin/tasks/view/eyJpdiI6IkM0VGhFZjNWY3M2TGRTWTdQTVZLOEE9PSIsInZhbHVlIjoiNGFRNjY0U1JDeFg4ZHE0UGJNWE0zQT09IiwibWFjIjoiODEzOTNiNmY0OWNiMWUxODY2ODQyZjQwNzgzZDBjN2Q3YzY5MDQ5NjQ5NzJiNjRlOTZiMTg1N2ZkODgzYjQxNyJ9','Opened the \"Faith\'s Laptop Issue (68655)\" task page.','2018-01-08 16:42:55','2018-01-08 16:42:55'),(1055,56986,'admin/tasks/action/edit','RESTRICTED! Tried to update a task action point','2018-01-08 16:43:50','2018-01-08 16:43:50'),(1056,56986,'admin/tasks','Opened the task page.','2018-01-08 16:48:57','2018-01-08 16:48:57'),(1057,56986,'admin/tasks/view/eyJpdiI6IklMWEFMd3FFZzEydlNSelhSYmM3bGc9PSIsInZhbHVlIjoiYVZrb1ErS005cEJlcWxnTTAzWWUxQT09IiwibWFjIjoiNTc0YjQxZWNlZjI2MmNjNWVhZWQyYWEyOGE5MGNhZjI3MzRhZjUyZjUyMWNiZGIwZGFlZDFmOTU1OTIxZTBkMyJ9','Opened the \"Faith\'s Laptop Issue (68655)\" task page.','2018-01-08 16:49:02','2018-01-08 16:49:02'),(1058,56986,'admin/tasks/action/edit','RESTRICTED! Tried to update a task action point','2018-01-08 16:51:50','2018-01-08 16:51:50'),(1059,56986,'admin/tasks/action/edit','Updated task action point comment from \"Carried out a system format and reinstallation to ascertain if the OS was the issue. But the issue persisted and looks like less RAM are available for the task she carried out..\" to \"But the issue persisted and looks like less RAM are available for the task she carried out..\", on comment id .45676','2018-01-08 16:52:33','2018-01-08 16:52:33'),(1060,56986,'admin/tasks/view/eyJpdiI6IklMWEFMd3FFZzEydlNSelhSYmM3bGc9PSIsInZhbHVlIjoiYVZrb1ErS005cEJlcWxnTTAzWWUxQT09IiwibWFjIjoiNTc0YjQxZWNlZjI2MmNjNWVhZWQyYWEyOGE5MGNhZjI3MzRhZjUyZjUyMWNiZGIwZGFlZDFmOTU1OTIxZTBkMyJ9','Opened the \"Faith\'s Laptop Issue (68655)\" task page.','2018-01-08 16:52:34','2018-01-08 16:52:34'),(1061,56986,'admin/tasks','Opened the task page.','2018-01-08 16:52:40','2018-01-08 16:52:40'),(1062,56986,'admin/tasks','Opened the task page.','2018-01-08 16:58:15','2018-01-08 16:58:15'),(1063,57484,'admin/tasks','Opened the task page.','2018-01-08 16:58:36','2018-01-08 16:58:36'),(1064,57484,'admin/tasks/view/eyJpdiI6ImJpcDUzTnkzbnNXSE9DVU1HaGFhUlE9PSIsInZhbHVlIjoidnlkRW8zSmFIZFVSU0RrZ3hFdkNtUT09IiwibWFjIjoiYTNiNGM1MmQ0ZTk5OTJmN2M3OTFiY2U2YmZjYmMxYjUxMmY3ZjA3ZDJkMWEzZGQ0YWFjYTQ4ZTBhOTgxNmZkMyJ9','Opened the \"Faith\'s Laptop Issue (68655)\" task page.','2018-01-08 16:58:41','2018-01-08 16:58:41'),(1065,56986,'admin/tasks/view/eyJpdiI6IjZSMFwvNWRUMWU5VW9vckM4dnlFalRnPT0iLCJ2YWx1ZSI6InVwbkxNbnUwNE1KdW5pUTl4VXRjN0E9PSIsIm1hYyI6IjBlNzVjZDBhYjAwNmU3OGJmMzA4NTllMGFkNDllMGViNTVjMjU3ZTI1MzYxYTg1MjBlYWFlZTYyMzdhNDg1MmQifQ==','Opened the \"Faith\'s Laptop Issue (68655)\" task page.','2018-01-08 16:58:51','2018-01-08 16:58:51'),(1066,57484,'admin/tasks/view/eyJpdiI6ImJpcDUzTnkzbnNXSE9DVU1HaGFhUlE9PSIsInZhbHVlIjoidnlkRW8zSmFIZFVSU0RrZ3hFdkNtUT09IiwibWFjIjoiYTNiNGM1MmQ0ZTk5OTJmN2M3OTFiY2U2YmZjYmMxYjUxMmY3ZjA3ZDJkMWEzZGQ0YWFjYTQ4ZTBhOTgxNmZkMyJ9','Opened the \"Faith\'s Laptop Issue (68655)\" task page.','2018-01-09 08:41:20','2018-01-09 08:41:20'),(1067,57484,'admin/users/view/eyJpdiI6Im8rV2lldjE4TjhuVjhnK29KcjBHK0E9PSIsInZhbHVlIjoiWjVnMDh0b3lZSDc1XC9SVlFrMWVKUWc9PSIsIm1hYyI6ImYyYjdlNDE0OTNmNDcwYTAzN2U0NGFjMmYwMzFmMjE1OWYxYjY2NTVmZTcyOWIwNDRlM2YyZjEzNGM2YTEwOWUifQ==','Opened Akpoteheri Omeru allocation page.','2018-01-09 08:53:00','2018-01-09 08:53:00'),(1068,57484,'admin/users/view/eyJpdiI6Im8rV2lldjE4TjhuVjhnK29KcjBHK0E9PSIsInZhbHVlIjoiWjVnMDh0b3lZSDc1XC9SVlFrMWVKUWc9PSIsIm1hYyI6ImYyYjdlNDE0OTNmNDcwYTAzN2U0NGFjMmYwMzFmMjE1OWYxYjY2NTVmZTcyOWIwNDRlM2YyZjEzNGM2YTEwOWUifQ==','Opened Akpoteheri Omeru allocation page.','2018-01-09 09:03:53','2018-01-09 09:03:53'),(1069,57484,'admin/tasks','Opened the task page.','2018-01-09 09:04:33','2018-01-09 09:04:33'),(1070,57484,'admin/tasks/view/eyJpdiI6IkJycHAxZ3NXXC9cLzNXYlNXcURoVVkrQT09IiwidmFsdWUiOiJkdERoS3JhTlZCQTV1bnFhRnhhMFFBPT0iLCJtYWMiOiJjZGY0YmNlNWRiN2FmMDlkZTQyYjJiYjI2ZmY2YTQyYjJkNWIzN2VjYWJmNThlOGZiMTk1ZWRmNmJiYjNiNDc3In0=','Opened the \"Faith\'s Laptop Issue (68655)\" task page.','2018-01-09 09:04:38','2018-01-09 09:04:38'),(1071,57484,'admin/users/view/eyJpdiI6Ik9lMDdVRmJMcUQzUmJnOFpsTnpnd2c9PSIsInZhbHVlIjoiOW5GZW1ZWGJEVFM5U0hJNFpybUxwdz09IiwibWFjIjoiODlhN2M3N2NiN2YzZmMwZThjM2FiNTk2NjhjYjFjZWFjODQzZmJiNjFlMDdjYTE4ZDUyZjA3ZDNmOWUzYjdlYyJ9','Opened Faith Jabai allocation page.','2018-01-09 09:04:42','2018-01-09 09:04:42'),(1072,57484,'admin/users/view/eyJpdiI6Ik9lMDdVRmJMcUQzUmJnOFpsTnpnd2c9PSIsInZhbHVlIjoiOW5GZW1ZWGJEVFM5U0hJNFpybUxwdz09IiwibWFjIjoiODlhN2M3N2NiN2YzZmMwZThjM2FiNTk2NjhjYjFjZWFjODQzZmJiNjFlMDdjYTE4ZDUyZjA3ZDNmOWUzYjdlYyJ9','Opened Faith Jabai allocation page.','2018-01-09 09:05:15','2018-01-09 09:05:15'),(1073,57484,'admin/users/view/eyJpdiI6Ik9lMDdVRmJMcUQzUmJnOFpsTnpnd2c9PSIsInZhbHVlIjoiOW5GZW1ZWGJEVFM5U0hJNFpybUxwdz09IiwibWFjIjoiODlhN2M3N2NiN2YzZmMwZThjM2FiNTk2NjhjYjFjZWFjODQzZmJiNjFlMDdjYTE4ZDUyZjA3ZDNmOWUzYjdlYyJ9','Opened Faith Jabai allocation page.','2018-01-09 09:05:27','2018-01-09 09:05:27'),(1074,57484,'admin/tasks/view/eyJpdiI6ImhtMXliQUhGRmtzQTFZelptRFc4SEE9PSIsInZhbHVlIjoiTFY0azlHckRzWXd4THNQZ29aeDJwdz09IiwibWFjIjoiNjVjNzhkOTQ5ZTIwOTUyNzZjMjJlY2Q5Mjc1ZTQwYmFlNTZjYjBhYzRjMTYwYjRiMzdjMzI3ODE3OTQ4OTU3ZSJ9','Opened the \"Faith\'s Laptop Issue (68655)\" task page.','2018-01-09 09:05:46','2018-01-09 09:05:46'),(1075,57484,'admin/users','Opened the users page.','2018-01-09 09:05:54','2018-01-09 09:05:54'),(1076,57484,'admin/users','Opened the users page.','2018-01-09 09:07:17','2018-01-09 09:07:17'),(1077,57484,'admin/departments-and-units','Opened the departments and units page.','2018-01-09 09:07:39','2018-01-09 09:07:39'),(1078,57484,'admin/departments-and-units/view/department/eyJpdiI6IjdsWHY4NjZLZXZUTmUwTWdaYmFmcHc9PSIsInZhbHVlIjoiTGlwSWJZdlRNRDRTRWJWYkVHd1doZz09IiwibWFjIjoiOThjYzIxZDE3YmY5M2M2N2UwYmFkNmE2MzdlZDVlZWExMDczMTMzMmIwMzIxZDg0Nzg5ZDk4ZDYzMzNhM2QyYSJ9','Opened the Commercial department page.','2018-01-09 09:07:45','2018-01-09 09:07:45'),(1079,57484,'admin/departments-and-units/view/department/eyJpdiI6ImtncXVDeHFTUTZWdUJyUEJ5YWxwXC9nPT0iLCJ2YWx1ZSI6InF6T0t3amJ0eXRMRXlrQzNseVRlUFE9PSIsIm1hYyI6ImU5NTU1YTc4MThhMDVmNjE3NWYzZWI4MmZjNzNiZTVlMjA3MzYyZmJlYzRlNWFjMGE2YTZlYjk5ZDliNjI0ZWEifQ==','Opened the Corporate Services department page.','2018-01-09 09:07:58','2018-01-09 09:07:58'),(1080,57484,'admin/departments-and-units/view/unit/eyJpdiI6IitDdmJzUUlJN0l4K3RrczNSU0pydmc9PSIsInZhbHVlIjoiYXhDRUtlVVVNdHAxK1JxSnUwVzFYQT09IiwibWFjIjoiN2NmZTZhMWZhZDQyZGYwNmYxY2EzNDBkNDIxYWNkZmExMzkxYjc0NzNhZDA1ODY4Y2QyYzE3NjM2Y2YzZGM0OCJ9','Opened the IT unit page.','2018-01-09 09:08:17','2018-01-09 09:08:17'),(1081,57484,'admin/departments-and-units','Opened the departments and units page.','2018-01-09 09:08:29','2018-01-09 09:08:29'),(1082,57484,'admin/departments-and-units/view/department/eyJpdiI6ImZuSlVRXC94c1FBdGdrSHlycFVCNmJnPT0iLCJ2YWx1ZSI6IkRJNnFqbDFpTStjQWM2bGVRaG5XK3c9PSIsIm1hYyI6IjVmZTMzMjg4YjMxNDlhNzU5NzIxMTg5Y2JhMzM0YmVkNDM2ZTBhOTEzYjI0NjBlOWQzZjgxYzgxMjg0NDEyZTMifQ==','Opened the Commercial department page.','2018-01-09 09:08:38','2018-01-09 09:08:38'),(1083,57484,'admin/departments-and-units','Opened the departments and units page.','2018-01-09 09:08:45','2018-01-09 09:08:45'),(1084,57484,'admin/departments-and-units/view/department/eyJpdiI6Ik9wVGorOGlYN1pmakVTQWsrckp0OWc9PSIsInZhbHVlIjoic3BjWFJuQ0JWM1pIRVU3RFZ5NldoQT09IiwibWFjIjoiMzkyYTczYmFiZWJkZGNhM2E3NTAzMTJhZjU0YmVhMmNmYjI3NDgyZTgxZTdmOTZmYWZkYTA0ZWUxNThiMDFhZiJ9','Opened the Corporate Affairs department page.','2018-01-09 09:08:47','2018-01-09 09:08:47'),(1085,57484,'admin/departments-and-units/view/department/eyJpdiI6Ik9wVGorOGlYN1pmakVTQWsrckp0OWc9PSIsInZhbHVlIjoic3BjWFJuQ0JWM1pIRVU3RFZ5NldoQT09IiwibWFjIjoiMzkyYTczYmFiZWJkZGNhM2E3NTAzMTJhZjU0YmVhMmNmYjI3NDgyZTgxZTdmOTZmYWZkYTA0ZWUxNThiMDFhZiJ9','Opened the Corporate Affairs department page.','2018-01-09 09:10:45','2018-01-09 09:10:45'),(1086,57484,'admin/departments-and-units/view/department/eyJpdiI6Ik9wVGorOGlYN1pmakVTQWsrckp0OWc9PSIsInZhbHVlIjoic3BjWFJuQ0JWM1pIRVU3RFZ5NldoQT09IiwibWFjIjoiMzkyYTczYmFiZWJkZGNhM2E3NTAzMTJhZjU0YmVhMmNmYjI3NDgyZTgxZTdmOTZmYWZkYTA0ZWUxNThiMDFhZiJ9','Opened the Corporate Affairs department page.','2018-01-09 09:13:33','2018-01-09 09:13:33'),(1087,57484,'admin/departments-and-units/view/department/eyJpdiI6Ik9wVGorOGlYN1pmakVTQWsrckp0OWc9PSIsInZhbHVlIjoic3BjWFJuQ0JWM1pIRVU3RFZ5NldoQT09IiwibWFjIjoiMzkyYTczYmFiZWJkZGNhM2E3NTAzMTJhZjU0YmVhMmNmYjI3NDgyZTgxZTdmOTZmYWZkYTA0ZWUxNThiMDFhZiJ9','Opened the Corporate Affairs department page.','2018-01-09 09:15:00','2018-01-09 09:15:00'),(1088,57484,'admin/tasks','Opened the task page.','2018-01-09 09:15:12','2018-01-09 09:15:12'),(1089,57484,'admin/users/view/eyJpdiI6IkpnNm5NOVwvVHRRZXpsWGp1eHcwNkdRPT0iLCJ2YWx1ZSI6ImZVTXNiaytLUUtNckFMem1rOVVocHc9PSIsIm1hYyI6IjZkODlhOWQ0NGQzYzIyZjBkMDhjNmEzMDgxNzViNjA3ZGJlYmM5YzU3ODIwOTRjN2U2ZDlhZGUwNjQxMTJmZTUifQ==','Opened Faith Jabai allocation page.','2018-01-09 09:15:17','2018-01-09 09:15:17'),(1090,57484,'admin/users','Opened the users page.','2018-01-09 09:15:22','2018-01-09 09:15:22'),(1091,57484,'admin/users/update','Updated user account; firstname from \"Faith\" to \"Faith\",\n				lastname from \"Jabai\" to \"Jabai\",\n				email from \"FJabai@salvicpetroleum.com\" to \"FJabai@salvicpetroleum.com\",\n				gender from \"male\" to \"male\",\n				account status from \"inactive\" to \"inactive\",\n				staff ID from \"\" to \"\",\n				role from \"Staff\" to \"Staff\",\n				unit from \"\" to unit with ID \"15\",\n				on user id .57433','2018-01-09 09:15:38','2018-01-09 09:15:38'),(1092,57484,'admin/users','Opened the users page.','2018-01-09 09:15:39','2018-01-09 09:15:39'),(1093,57484,'admin/departments-and-units','Opened the departments and units page.','2018-01-09 09:15:42','2018-01-09 09:15:42'),(1094,57484,'admin/departments-and-units/view/department/eyJpdiI6Imx2bDFyajlnSDh3d01qczZXamxcL3ZRPT0iLCJ2YWx1ZSI6ImljZENnXC80N2ZqUFBpSU90Q0pkRWtnPT0iLCJtYWMiOiI3OGM4ZWJlYjU2Y2Q1MmYzMjAwZDM2ZDVhNTVkNzQzMmUxYjIyNTI5OWM1N2FmMTdkMzU3OTUwNWRjMjQzYWM2In0=','Opened the Corporate Affairs department page.','2018-01-09 09:15:45','2018-01-09 09:15:45'),(1095,57484,'admin/tasks/view/eyJpdiI6IkpVbUdubElXeDk3RmpVUjRkOTdBUmc9PSIsInZhbHVlIjoiVEtJY2ZtYXFTYVRlaVBNeTBJZkJlQT09IiwibWFjIjoiMWVmMmZlZWIzNWM1YjcxMjQ3NWMyNWI0NTE4MzQ2YjllNjhlZWNiODQ2ZGJlZDc5ZDFmNTI0OTE3NTg4OTllOSJ9','Opened the \"Faith\'s Laptop Issue (68655)\" task page.','2018-01-09 09:16:00','2018-01-09 09:16:00'),(1096,57484,'admin/departments-and-units/view/unit/eyJpdiI6Iml3dDM2d0JVWDRQZDhVelBxeGtFMlE9PSIsInZhbHVlIjoiVEh3MHo4bDhvMHYrYUdYcFwvSDVnYWc9PSIsIm1hYyI6IjcwZDE0MmU1NjJmOWZkNmE3NzczMmM5MDE0ZDYwNWU1NDFjYmI4OTI1MzQzMzk1YjYwYjBjMGE0MjY3ZTdmN2UifQ==','Opened the Community & State Government\'s Relations unit page.','2018-01-09 09:18:11','2018-01-09 09:18:11'),(1097,57484,'admin/departments-and-units/view/unit/eyJpdiI6Iml3dDM2d0JVWDRQZDhVelBxeGtFMlE9PSIsInZhbHVlIjoiVEh3MHo4bDhvMHYrYUdYcFwvSDVnYWc9PSIsIm1hYyI6IjcwZDE0MmU1NjJmOWZkNmE3NzczMmM5MDE0ZDYwNWU1NDFjYmI4OTI1MzQzMzk1YjYwYjBjMGE0MjY3ZTdmN2UifQ==','Opened the Community & State Government\'s Relations unit page.','2018-01-09 09:19:46','2018-01-09 09:19:46'),(1098,57484,'admin/departments-and-units/view/department/eyJpdiI6InR1a3ZObHRGWXR6UlhRSnFIMHZXcEE9PSIsInZhbHVlIjoiRFhKRlFHeE9NVUMxamR0T3BxSTFTZz09IiwibWFjIjoiZDQyOTRiMDQ0MjI1ZDAyODAyM2E3YmM2MzAxN2IxOTdiMTkzMTk1MGQzYTI3OGI0MGRmNzVlMGYyYWJhMzQxZiJ9','Opened the Corporate Affairs department page.','2018-01-09 09:19:53','2018-01-09 09:19:53'),(1099,57484,'admin/departments-and-units','Opened the departments and units page.','2018-01-09 09:27:25','2018-01-09 09:27:25'),(1100,57484,'admin/departments-and-units/add-unit','Created Corporate Communications & Public Relations unit with id .31','2018-01-09 09:27:38','2018-01-09 09:27:38'),(1101,57484,'admin/departments-and-units','Opened the departments and units page.','2018-01-09 09:27:39','2018-01-09 09:27:39'),(1102,57484,'admin/departments-and-units/add-unit','Created Corporate Social Responsibility unit with id .32','2018-01-09 09:28:36','2018-01-09 09:28:36'),(1103,57484,'admin/departments-and-units','Opened the departments and units page.','2018-01-09 09:28:37','2018-01-09 09:28:37'),(1104,57484,'admin/departments-and-units/add-unit','Created Brand Management unit with id .33','2018-01-09 09:29:12','2018-01-09 09:29:12'),(1105,57484,'admin/departments-and-units','Opened the departments and units page.','2018-01-09 09:29:13','2018-01-09 09:29:13'),(1106,57484,'admin/departments-and-units/view/department/eyJpdiI6IjJyOXJNWTBHbVFKOTlmTGZ4MWZiZGc9PSIsInZhbHVlIjoieWdpcWxUTVRVZ3BEdDhqbENFR01LQT09IiwibWFjIjoiMzMwMzE1ZWViMjM0Y2E5NmRiMTc4MDRhOTJjNmQ0NTNhZjNmZGZjMjI4MTJlMDg1ZjZlMDA1ZGFlOWViOTg0YyJ9','Opened the Corporate Affairs department page.','2018-01-09 09:29:19','2018-01-09 09:29:19'),(1107,57484,'admin/users','Opened the users page.','2018-01-09 09:29:33','2018-01-09 09:29:33'),(1108,57484,'admin/tasks','Opened the task page.','2018-01-09 09:29:50','2018-01-09 09:29:50'),(1109,57484,'admin/users/update','Updated user account; firstname from \"Faith\" to \"Faith\",\n				lastname from \"Jabai\" to \"Jabai\",\n				email from \"FJabai@salvicpetroleum.com\" to \"FJabai@salvicpetroleum.com\",\n				gender from \"male\" to \"male\",\n				account status from \"inactive\" to \"inactive\",\n				staff ID from \"\" to \"\",\n				role from \"Staff\" to \"Staff\",\n				unit from \"Corporate Affairs\" to unit with ID \"31\",\n				on user id .57433','2018-01-09 09:30:21','2018-01-09 09:30:21'),(1110,57484,'admin/users','Opened the users page.','2018-01-09 09:30:22','2018-01-09 09:30:22'),(1111,57484,'admin/users','Opened the users page.','2018-01-09 09:30:29','2018-01-09 09:30:29'),(1112,57484,'admin/items','Opened the items page.','2018-01-09 09:41:16','2018-01-09 09:41:16'),(1113,57484,'admin/inventory','Opened the items page.','2018-01-09 09:41:22','2018-01-09 09:41:22'),(1114,57484,'admin/inventory','Opened the items page.','2018-01-09 10:01:21','2018-01-09 10:01:21'),(1115,57484,'admin/inventory','Opened the items page.','2018-01-09 10:03:15','2018-01-09 10:03:15'),(1116,57484,'admin/allocation','Opened the allocation page.','2018-01-09 11:10:31','2018-01-09 11:10:31'),(1117,57484,'admin/tasks','Opened the task page.','2018-01-09 11:15:36','2018-01-09 11:15:36'),(1118,57484,'admin/tasks/add','Assigned task \"Fix Amaka\'s Software\" item with id .68659 to \"John \"','2018-01-09 11:19:36','2018-01-09 11:19:36'),(1119,57484,'admin/tasks','Opened the task page.','2018-01-09 11:19:37','2018-01-09 11:19:37'),(1120,57484,'admin/tasks/view/eyJpdiI6IjdEK3E3VGdTdldVdmJVdDdaXC9oMG5BPT0iLCJ2YWx1ZSI6ImxEUUdSZ2VtMDBGY29cL1BKZW5nYzdRPT0iLCJtYWMiOiJlZjk2ZDUzN2FmODk4NmE2ZWM4ODAyZTQ4NjcxZTVmYmQ2YWFkNDQ0ZmEyZWNiOGZlZjhiM2Q2NTlkODZhZGY2In0=','Opened the \"Fix Amaka\'s Software (68659)\" task page.','2018-01-09 11:19:53','2018-01-09 11:19:53'),(1121,56986,'admin/logout','Logged out','2018-01-09 11:20:10','2018-01-09 11:20:10'),(1122,57492,'login','Authorized staff triggered the create password process','2018-01-09 11:20:41','2018-01-09 11:20:41'),(1123,57492,'store-password','Changed password for own account','2018-01-09 11:20:58','2018-01-09 11:20:58'),(1124,57492,'login','Logged in','2018-01-09 11:21:06','2018-01-09 11:21:06'),(1125,57492,'admin/tasks','Opened the task page.','2018-01-09 11:22:02','2018-01-09 11:22:02'),(1126,57484,'admin/tasks','Opened the task page.','2018-01-09 11:22:09','2018-01-09 11:22:09'),(1127,57484,'admin/tasks','Opened the task page.','2018-01-09 11:22:44','2018-01-09 11:22:44'),(1128,57492,'admin/tasks','Opened the task page.','2018-01-09 11:22:53','2018-01-09 11:22:53'),(1129,57492,'admin/tasks','Opened the task page.','2018-01-09 11:23:25','2018-01-09 11:23:25'),(1130,57492,'admin/tasks/view/eyJpdiI6IkNoZVhXOU1qcEFsMnMrV1kyRkNcL0lRPT0iLCJ2YWx1ZSI6ImhMRjFNUENlNFhMRytjVVUxYVJKV2c9PSIsIm1hYyI6ImZlMzg2MTk5MTVlN2I3MmU0ZWVhYWZlYThkYzNhNGNkZTY5YWMyMDhlOWM3ZmRlMmY4ZWI5OTc0N2I2NzU2NmQifQ==','Opened the \"Fix Amaka\'s Software (68659)\" task page.','2018-01-09 11:23:40','2018-01-09 11:23:40'),(1131,57492,'admin/tasks/action/add','RESTRICTED! Tried to add action point on \"Fix Amaka\'s Software (68659)\" task.','2018-01-09 11:25:15','2018-01-09 11:25:15'),(1132,57492,'admin/tasks/action/add','Added an action point to the task \"\" with id: 45691','2018-01-09 11:26:07','2018-01-09 11:26:07'),(1133,57492,'admin/tasks/view/eyJpdiI6IlM4dkdmWTFoRG5laHFVNlVUcGlXbXc9PSIsInZhbHVlIjoidFBCd2N6QnJTOTlTVUxkcHlSZXU5QT09IiwibWFjIjoiMzkzMmFiMzQ5Zjg3OWY0M2Q2YmU3NTZmMDRiOWI5OWMyMmYzMzBjNTkzYzJmY2MyZWJmNWY1YzIyNDFkMmZhYiJ9','Opened the \"Fix Amaka\'s Software (68659)\" task page.','2018-01-09 11:26:08','2018-01-09 11:26:08'),(1134,57484,'admin/tasks/view/eyJpdiI6Ik16V1JqUndqWjFMdmJxd0QybDFXaVE9PSIsInZhbHVlIjoiK2JONHNkTGQrUU15UUZHSWRObGtwZz09IiwibWFjIjoiZGIzNmVmZTE3ZjU2MmExMTQ4ZDExODM3MjZiYjViMjA3ZWY4NmE0YzA0ZDM0YzllYmM5ZTMxNGFiYzhiMWIwOSJ9','Opened the \"Fix Amaka\'s Software (68659)\" task page.','2018-01-09 11:26:25','2018-01-09 11:26:25'),(1135,57492,'admin/tasks/action/add','Added an action point to the task \"\" with id: 45692','2018-01-09 11:26:49','2018-01-09 11:26:49'),(1136,57492,'admin/tasks/action/add','Completed task action for \"Fix Amaka\'s Software\" issue with id: 68659','2018-01-09 11:26:50','2018-01-09 11:26:50'),(1137,57492,'admin/tasks/view/eyJpdiI6IkdDVG51WTBSbXVcL3JSWGQyZUlEXC84dz09IiwidmFsdWUiOiIzeGR5WmlTb0ZVdzI4YWFqRENycUF3PT0iLCJtYWMiOiJkN2M0ODQ4OTk3MzhkMDRkODBhNzU5ODg3MjVlODczNTk1OTQ0ZTAwZGVhZGVlYjk0MTYzNjJlZjJkMjMzZDQwIn0=','Opened the \"Fix Amaka\'s Software (68659)\" task page.','2018-01-09 11:26:50','2018-01-09 11:26:50'),(1138,57484,'admin/tasks/view/eyJpdiI6Ik16V1JqUndqWjFMdmJxd0QybDFXaVE9PSIsInZhbHVlIjoiK2JONHNkTGQrUU15UUZHSWRObGtwZz09IiwibWFjIjoiZGIzNmVmZTE3ZjU2MmExMTQ4ZDExODM3MjZiYjViMjA3ZWY4NmE0YzA0ZDM0YzllYmM5ZTMxNGFiYzhiMWIwOSJ9','Opened the \"Fix Amaka\'s Software (68659)\" task page.','2018-01-09 11:26:57','2018-01-09 11:26:57'),(1139,57484,'admin/tasks','Opened the task page.','2018-01-09 11:27:04','2018-01-09 11:27:04'),(1140,57484,'admin/tasks/edit','Updated task title from \"Fix Amaka\'s Software\" to \"Fix Amaka\'s Software\",\n				from \"Application Support\" type to \"Application Support\" type,\n				from \"closed\" status to \"closed\",\n				from \"John Ikwuka\" client to \" Ikwuka\",\n				from \"\" serial number to \"\",\n				on task id .68659','2018-01-09 11:27:15','2018-01-09 11:27:15'),(1141,57484,'admin/tasks','Opened the task page.','2018-01-09 11:27:16','2018-01-09 11:27:16'),(1142,57484,'admin/inventory','Opened the items page.','2018-01-10 13:41:46','2018-01-10 13:41:46'),(1143,57484,'admin/allocation','Opened the allocation page.','2018-01-10 14:25:54','2018-01-10 14:25:54'),(1144,57484,'admin/tasks','Opened the task page.','2018-01-10 14:26:02','2018-01-10 14:26:02'),(1145,57492,'admin/logout','Logged out','2018-01-10 16:04:13','2018-01-10 16:04:13'),(1146,56986,'login','Logged in','2018-01-10 16:04:37','2018-01-10 16:04:37'),(1147,57484,'admin/allocation','Opened the allocation page.','2018-01-10 16:24:08','2018-01-10 16:24:08'),(1148,57484,'admin/users','Opened the users page.','2018-01-10 16:34:58','2018-01-10 16:34:58'),(1149,57484,'admin/users/add','Added user \"Paul Membu\" user ID .57644','2018-01-10 16:35:55','2018-01-10 16:35:55'),(1150,57484,'admin/users','Opened the users page.','2018-01-10 16:35:56','2018-01-10 16:35:56'),(1151,57484,'admin/inventory','Opened the items page.','2018-01-10 16:36:03','2018-01-10 16:36:03'),(1152,57484,'admin/items','Opened the items page.','2018-01-10 16:36:13','2018-01-10 16:36:13'),(1153,57484,'admin/items/add','Created \"HP Probook 440 G4 I5\" item with id .2567','2018-01-10 16:36:43','2018-01-10 16:36:43'),(1154,57484,'admin/items','Opened the items page.','2018-01-10 16:36:44','2018-01-10 16:36:44'),(1155,57484,'admin/inventory','Opened the items page.','2018-01-10 16:36:47','2018-01-10 16:36:47'),(1156,57484,'admin/inventory/add','Added inventory with serial number \"5CD7383LQ7\" and id .9','2018-01-10 16:38:42','2018-01-10 16:38:42'),(1157,57484,'admin/inventory','Opened the items page.','2018-01-10 16:38:43','2018-01-10 16:38:43'),(1158,57484,'admin/allocation','Opened the allocation page.','2018-01-10 16:39:50','2018-01-10 16:39:50'),(1159,57484,'admin/allocation/add','Allocated item with serial number: #\"5CD7383LQ7 (HP Probook 440 G4 I5)\" to user \"Paul Membu\" with allocation ID: .663','2018-01-10 16:40:02','2018-01-10 16:40:02'),(1160,57484,'admin/allocation','Opened the allocation page.','2018-01-10 16:40:03','2018-01-10 16:40:03'),(1161,57484,'admin/inventory','Opened the items page.','2018-01-10 16:40:09','2018-01-10 16:40:09'),(1162,57484,'admin/inventory/add','Added inventory with serial number \"5CG7350C71\" and id .10','2018-01-10 16:40:34','2018-01-10 16:40:34'),(1163,57484,'admin/inventory','Opened the items page.','2018-01-10 16:40:35','2018-01-10 16:40:35'),(1164,57484,'admin/allocation','Opened the allocation page.','2018-01-10 16:40:39','2018-01-10 16:40:39'),(1165,57484,'admin/allocation/add','Allocated item with serial number: #\"5CG7350C71 (HP Probook 640 G3 i5)\" to user \"Faith Jabai\" with allocation ID: .664','2018-01-10 16:40:49','2018-01-10 16:40:49'),(1166,57484,'admin/allocation','Opened the allocation page.','2018-01-10 16:40:50','2018-01-10 16:40:50');
/*!40000 ALTER TABLE `logs` ENABLE KEYS */;
UNLOCK TABLES;

--
-- Table structure for table `migrations`
--

DROP TABLE IF EXISTS `migrations`;
/*!40101 SET @saved_cs_client     = @@character_set_client */;
/*!40101 SET character_set_client = utf8 */;
CREATE TABLE `migrations` (
  `id` int(10) unsigned NOT NULL AUTO_INCREMENT,
  `migration` varchar(255) COLLATE utf8mb4_unicode_ci NOT NULL,
  `batch` int(11) NOT NULL,
  PRIMARY KEY (`id`)
) ENGINE=InnoDB AUTO_INCREMENT=19 DEFAULT CHARSET=utf8mb4 COLLATE=utf8mb4_unicode_ci;
/*!40101 SET character_set_client = @saved_cs_client */;

--
-- Dumping data for table `migrations`
--

LOCK TABLES `migrations` WRITE;
/*!40000 ALTER TABLE `migrations` DISABLE KEYS */;
INSERT INTO `migrations` VALUES (1,'2017_03_12_103734_create_roles_table',1),(2,'2017_03_13_175311_create_pages_table',1),(3,'2017_11_27_204433_create_departments_table',1),(4,'2017_03_13_175320_create_permissions_table',2),(5,'2017_11_27_204444_create_units_table',2),(6,'2014_10_12_000000_create_users_table',3),(7,'2017_11_28_145335_create_logs_table',4),(8,'2017_12_07_081323_create_items_table',5),(9,'2017_12_07_082100_create_inventories_table',6),(10,'2017_12_07_093648_updateAuto',7),(11,'2017_12_13_161537_create_allocations_table',8),(12,'2017_12_18_105653_modify_allocation',9),(13,'2017_12_18_125955_modify_allocation_02',10),(14,'2018_01_03_122555_create_tasks_table',11),(15,'2018_01_03_122925_create_comments_table',11),(16,'2018_01_03_125336_updateComment',12),(17,'2018_01_03_161110_updateTask',13),(18,'2018_01_08_154235_updatecom',14);
/*!40000 ALTER TABLE `migrations` ENABLE KEYS */;
UNLOCK TABLES;

--
-- Table structure for table `pages`
--

DROP TABLE IF EXISTS `pages`;
/*!40101 SET @saved_cs_client     = @@character_set_client */;
/*!40101 SET character_set_client = utf8 */;
CREATE TABLE `pages` (
  `id` int(10) unsigned NOT NULL AUTO_INCREMENT,
  `title` varchar(255) COLLATE utf8mb4_unicode_ci NOT NULL,
  `type_id` int(11) NOT NULL DEFAULT '0',
  `slug` varchar(150) COLLATE utf8mb4_unicode_ci NOT NULL,
  `icon` varchar(255) COLLATE utf8mb4_unicode_ci NOT NULL,
  `type` enum('page','subpage') COLLATE utf8mb4_unicode_ci NOT NULL DEFAULT 'page',
  `created_at` timestamp NULL DEFAULT NULL,
  `updated_at` timestamp NULL DEFAULT NULL,
  PRIMARY KEY (`id`),
  UNIQUE KEY `pages_slug_unique` (`slug`)
) ENGINE=InnoDB AUTO_INCREMENT=523 DEFAULT CHARSET=utf8mb4 COLLATE=utf8mb4_unicode_ci;
/*!40101 SET character_set_client = @saved_cs_client */;

--
-- Dumping data for table `pages`
--

LOCK TABLES `pages` WRITE;
/*!40000 ALTER TABLE `pages` DISABLE KEYS */;
INSERT INTO `pages` VALUES (512,'Pages & Permissions',0,'pages-and-permissions','files-o','page','2017-03-15 09:14:45','2017-03-15 09:33:09'),(513,'Permissions',512,'permissions','lock','subpage','2017-03-15 09:25:33','2017-12-01 07:25:10'),(514,'Pages',512,'pages','folder-open','subpage','2017-03-15 09:33:47','2017-12-01 07:24:54'),(515,'Users',0,'users','users','page','2017-03-15 11:30:42','2017-03-15 11:30:42'),(516,'Departments & Units',0,'departments-and-units','th-large','page','2017-12-01 19:29:00','2017-12-01 19:29:00'),(517,'Items',519,'items','sitemap','subpage','2017-12-01 19:31:44','2017-12-07 08:02:28'),(518,'Inventory',519,'inventory','th','subpage','2017-12-01 19:32:32','2017-12-07 08:02:13'),(519,'Inventory & Items',0,'inventory-and-items','square-o','page','2017-12-07 08:01:52','2017-12-07 08:01:52'),(520,'Allocation',0,'allocation','check-circle','page','2017-12-13 16:32:30','2017-12-13 16:32:30'),(521,'Tasks',0,'tasks','tasks','page','2018-01-03 16:50:06','2018-01-04 10:05:49'),(522,'Logs',0,'logs','barcode','page','2018-01-10 14:25:36','2018-01-10 14:25:36');
/*!40000 ALTER TABLE `pages` ENABLE KEYS */;
UNLOCK TABLES;

--
-- Table structure for table `permissions`
--

DROP TABLE IF EXISTS `permissions`;
/*!40101 SET @saved_cs_client     = @@character_set_client */;
/*!40101 SET character_set_client = utf8 */;
CREATE TABLE `permissions` (
  `id` int(10) unsigned NOT NULL AUTO_INCREMENT,
  `role_id` int(10) unsigned NOT NULL,
  `page_id` int(10) unsigned NOT NULL,
  `created_at` timestamp NULL DEFAULT NULL,
  `updated_at` timestamp NULL DEFAULT NULL,
  PRIMARY KEY (`id`),
  KEY `permissions_role_id_foreign` (`role_id`),
  KEY `permissions_page_id_foreign` (`page_id`),
  CONSTRAINT `permissions_page_id_foreign` FOREIGN KEY (`page_id`) REFERENCES `pages` (`id`) ON DELETE CASCADE,
  CONSTRAINT `permissions_role_id_foreign` FOREIGN KEY (`role_id`) REFERENCES `roles` (`id`) ON DELETE CASCADE
) ENGINE=InnoDB AUTO_INCREMENT=6687 DEFAULT CHARSET=utf8mb4 COLLATE=utf8mb4_unicode_ci;
/*!40101 SET character_set_client = @saved_cs_client */;

--
-- Dumping data for table `permissions`
--

LOCK TABLES `permissions` WRITE;
/*!40000 ALTER TABLE `permissions` DISABLE KEYS */;
INSERT INTO `permissions` VALUES (6658,1525,512,'2017-12-01 07:26:13','2017-12-01 07:26:13'),(6659,1525,513,'2017-12-01 07:26:13','2017-12-01 07:26:13'),(6660,1525,514,'2017-12-01 07:26:13','2017-12-01 07:26:13'),(6661,1525,515,'2017-12-01 07:26:13','2017-12-01 07:26:13'),(6662,1526,515,'2017-12-01 07:26:52','2017-12-01 07:26:52'),(6663,1527,515,'2017-12-01 07:26:52','2017-12-01 07:26:52'),(6665,1525,516,'2017-12-01 19:29:00','2017-12-01 19:29:00'),(6666,1525,517,'2017-12-01 19:31:44','2017-12-01 19:31:44'),(6667,1525,518,'2017-12-01 19:32:33','2017-12-01 19:32:33'),(6668,1525,519,'2017-12-07 08:01:52','2017-12-07 08:01:52'),(6669,1528,516,'2017-12-12 15:12:03','2017-12-12 15:12:03'),(6670,1528,517,'2017-12-12 15:12:03','2017-12-12 15:12:03'),(6671,1528,518,'2017-12-12 15:12:03','2017-12-12 15:12:03'),(6672,1528,519,'2017-12-12 15:12:03','2017-12-12 15:12:03'),(6673,1526,516,'2017-12-12 15:12:36','2017-12-12 15:12:36'),(6674,1526,517,'2017-12-12 15:12:36','2017-12-12 15:12:36'),(6675,1526,518,'2017-12-12 15:12:37','2017-12-12 15:12:37'),(6676,1526,519,'2017-12-12 15:12:37','2017-12-12 15:12:37'),(6677,1525,520,'2017-12-13 16:32:30','2017-12-13 16:32:30'),(6678,1527,518,'2017-12-13 16:33:06','2017-12-13 16:33:06'),(6679,1527,519,'2017-12-13 16:33:06','2017-12-13 16:33:06'),(6680,1527,520,'2017-12-13 16:33:06','2017-12-13 16:33:06'),(6681,1526,520,'2017-12-13 16:36:18','2017-12-13 16:36:18'),(6682,1525,521,'2018-01-03 16:50:06','2018-01-03 16:50:06'),(6683,1526,521,'2018-01-04 15:04:15','2018-01-04 15:04:15'),(6684,1528,521,'2018-01-04 15:04:27','2018-01-04 15:04:27'),(6685,1527,521,'2018-01-04 15:04:44','2018-01-04 15:04:44'),(6686,1525,522,'2018-01-10 14:25:36','2018-01-10 14:25:36');
/*!40000 ALTER TABLE `permissions` ENABLE KEYS */;
UNLOCK TABLES;

--
-- Table structure for table `roles`
--

DROP TABLE IF EXISTS `roles`;
/*!40101 SET @saved_cs_client     = @@character_set_client */;
/*!40101 SET character_set_client = utf8 */;
CREATE TABLE `roles` (
  `id` int(10) unsigned NOT NULL AUTO_INCREMENT,
  `title` varchar(255) COLLATE utf8mb4_unicode_ci NOT NULL,
  `created_at` timestamp NULL DEFAULT NULL,
  `updated_at` timestamp NULL DEFAULT NULL,
  PRIMARY KEY (`id`)
) ENGINE=InnoDB AUTO_INCREMENT=1533 DEFAULT CHARSET=utf8mb4 COLLATE=utf8mb4_unicode_ci;
/*!40101 SET character_set_client = @saved_cs_client */;

--
-- Dumping data for table `roles`
--

LOCK TABLES `roles` WRITE;
/*!40000 ALTER TABLE `roles` DISABLE KEYS */;
INSERT INTO `roles` VALUES (1525,'Developer','2017-11-28 14:09:57','2017-11-28 14:09:57'),(1526,'Administrator','2017-11-28 14:09:57','2017-11-28 14:09:57'),(1527,'Manager','2017-11-28 14:09:57','2017-11-28 14:09:57'),(1528,'Editor','2017-11-28 14:09:57','2017-11-28 14:09:57'),(1529,'Staff','2017-11-28 14:09:57','2017-11-28 14:09:57'),(1530,'Department','2017-12-10 23:00:00','2017-12-10 23:00:00'),(1531,'Organization','2017-12-10 23:00:00','2017-12-10 23:00:00'),(1532,'Supervisor','2017-12-10 23:00:00','2017-12-10 23:00:00');
/*!40000 ALTER TABLE `roles` ENABLE KEYS */;
UNLOCK TABLES;

--
-- Table structure for table `tasks`
--

DROP TABLE IF EXISTS `tasks`;
/*!40101 SET @saved_cs_client     = @@character_set_client */;
/*!40101 SET character_set_client = utf8 */;
CREATE TABLE `tasks` (
  `id` int(10) unsigned NOT NULL AUTO_INCREMENT,
  `user_id` int(10) unsigned NOT NULL,
  `inventory_id` int(10) unsigned DEFAULT NULL,
  `assigned_by` int(10) unsigned NOT NULL,
  `title` varchar(255) COLLATE utf8mb4_unicode_ci NOT NULL,
  `status` enum('opened','unresolved','closed') COLLATE utf8mb4_unicode_ci NOT NULL DEFAULT 'opened',
  `type` varchar(255) COLLATE utf8mb4_unicode_ci NOT NULL,
  `created_at` timestamp NULL DEFAULT NULL,
  `updated_at` timestamp NULL DEFAULT NULL,
  `client_id` int(10) unsigned NOT NULL,
  PRIMARY KEY (`id`),
  KEY `tasks_user_id_foreign` (`user_id`),
  KEY `tasks_inventory_id_foreign` (`inventory_id`),
  KEY `tasks_assigned_by_foreign` (`assigned_by`),
  KEY `tasks_client_id_foreign` (`client_id`),
  CONSTRAINT `tasks_assigned_by_foreign` FOREIGN KEY (`assigned_by`) REFERENCES `users` (`id`),
  CONSTRAINT `tasks_client_id_foreign` FOREIGN KEY (`client_id`) REFERENCES `users` (`id`),
  CONSTRAINT `tasks_inventory_id_foreign` FOREIGN KEY (`inventory_id`) REFERENCES `inventories` (`id`),
  CONSTRAINT `tasks_user_id_foreign` FOREIGN KEY (`user_id`) REFERENCES `users` (`id`)
) ENGINE=InnoDB AUTO_INCREMENT=68660 DEFAULT CHARSET=utf8mb4 COLLATE=utf8mb4_unicode_ci;
/*!40101 SET character_set_client = @saved_cs_client */;

--
-- Dumping data for table `tasks`
--

LOCK TABLES `tasks` WRITE;
/*!40000 ALTER TABLE `tasks` DISABLE KEYS */;
INSERT INTO `tasks` VALUES (68655,56986,NULL,57484,'Faith\'s Laptop Issue','opened','Repairs','2018-01-04 14:19:36','2018-01-08 15:22:18',57433),(68659,57492,NULL,57484,'Fix Amaka\'s Software','closed','Application Support','2018-01-09 11:19:36','2018-01-09 11:26:49',57328);
/*!40000 ALTER TABLE `tasks` ENABLE KEYS */;
UNLOCK TABLES;

--
-- Table structure for table `units`
--

DROP TABLE IF EXISTS `units`;
/*!40101 SET @saved_cs_client     = @@character_set_client */;
/*!40101 SET character_set_client = utf8 */;
CREATE TABLE `units` (
  `id` int(10) unsigned NOT NULL AUTO_INCREMENT,
  `title` varchar(150) COLLATE utf8mb4_unicode_ci NOT NULL,
  `department_id` int(10) unsigned NOT NULL,
  `created_at` timestamp NULL DEFAULT NULL,
  `updated_at` timestamp NULL DEFAULT NULL,
  PRIMARY KEY (`id`),
  UNIQUE KEY `units_title_unique` (`title`),
  KEY `units_department_id_foreign` (`department_id`),
  CONSTRAINT `units_department_id_foreign` FOREIGN KEY (`department_id`) REFERENCES `departments` (`id`)
) ENGINE=InnoDB AUTO_INCREMENT=34 DEFAULT CHARSET=utf8mb4 COLLATE=utf8mb4_unicode_ci;
/*!40101 SET character_set_client = @saved_cs_client */;

--
-- Dumping data for table `units`
--

LOCK TABLES `units` WRITE;
/*!40000 ALTER TABLE `units` DISABLE KEYS */;
INSERT INTO `units` VALUES (1,'IT',64592,'2017-12-06 12:11:53','2017-12-06 12:11:53'),(2,'Human Resources',64592,'2017-12-06 12:12:44','2017-12-06 12:12:44'),(4,'Community & State Government\'s Relations',64590,'2017-12-06 12:18:34','2017-12-06 20:13:19'),(5,'Drilling',64594,'2017-12-06 13:50:43','2017-12-06 13:50:43'),(6,'Other',64599,'2017-12-11 15:38:31','2017-12-11 15:38:31'),(7,'Organization',64599,'2017-12-11 15:52:22','2017-12-11 15:52:22'),(8,'Partner',64599,'2017-12-11 15:52:32','2017-12-11 15:52:32'),(9,'HSSEQ',64591,'2017-12-18 12:24:05','2017-12-18 12:24:05'),(10,'Joint Venture',64596,'2017-12-18 12:24:20','2017-12-18 12:24:20'),(11,'Commercial',64593,'2017-12-18 12:25:02','2017-12-18 12:25:02'),(12,'Finance',64598,'2017-12-18 12:25:18','2017-12-18 12:25:18'),(13,'Technical',64594,'2017-12-18 12:26:01','2017-12-18 12:26:01'),(14,'Corporate Services',64592,'2017-12-18 12:26:15','2017-12-18 12:26:15'),(15,'Corporate Affairs',64590,'2017-12-18 12:26:23','2017-12-18 12:26:23'),(16,'Legal',64597,'2017-12-18 12:26:40','2017-12-18 12:26:40'),(17,'Operations',64595,'2017-12-18 12:26:50','2017-12-18 12:26:50'),(18,'Strategy & Planning',64589,'2017-12-18 12:27:01','2017-12-18 12:27:01'),(19,'Admin',64592,'2017-12-18 12:31:34','2017-12-18 12:31:34'),(20,'Field',64595,'2017-12-19 15:53:29','2017-12-19 15:53:29'),(21,'Facilities',64595,'2017-12-19 15:53:41','2017-12-19 15:53:41'),(22,'Production',64595,'2017-12-19 15:54:02','2017-12-19 15:54:02'),(23,'Subsurface',64594,'2017-12-19 15:54:16','2017-12-19 15:54:16'),(24,'Corporate Engineering',64594,'2017-12-19 15:54:44','2017-12-19 15:56:42'),(25,'Governance, Risk & Assurance',64593,'2017-12-19 16:05:10','2017-12-19 16:05:10'),(26,'Contracts & Procurement',64593,'2017-12-19 16:05:28','2017-12-19 16:05:28'),(27,'Logistics',64593,'2017-12-19 16:05:41','2017-12-19 16:05:41'),(28,'Health & Safety',64591,'2017-12-19 16:06:00','2017-12-19 16:06:00'),(29,'Environment',64591,'2017-12-19 16:06:39','2017-12-19 16:06:39'),(30,'Security',64591,'2017-12-19 16:06:53','2017-12-19 16:06:53'),(31,'Corporate Communications & Public Relations',64590,'2018-01-09 09:27:38','2018-01-09 09:27:38'),(32,'Corporate Social Responsibility',64590,'2018-01-09 09:28:36','2018-01-09 09:28:36'),(33,'Brand Management',64590,'2018-01-09 09:29:12','2018-01-09 09:29:12');
/*!40000 ALTER TABLE `units` ENABLE KEYS */;
UNLOCK TABLES;

--
-- Table structure for table `users`
--

DROP TABLE IF EXISTS `users`;
/*!40101 SET @saved_cs_client     = @@character_set_client */;
/*!40101 SET character_set_client = utf8 */;
CREATE TABLE `users` (
  `id` int(10) unsigned NOT NULL AUTO_INCREMENT,
  `role_id` int(10) unsigned NOT NULL,
  `unit_id` int(10) unsigned DEFAULT NULL,
  `email` varchar(150) COLLATE utf8mb4_unicode_ci DEFAULT NULL,
  `password` varchar(255) COLLATE utf8mb4_unicode_ci DEFAULT NULL,
  `firstname` varchar(255) COLLATE utf8mb4_unicode_ci NOT NULL,
  `lastname` varchar(255) COLLATE utf8mb4_unicode_ci NOT NULL,
  `gender` enum('male','female') COLLATE utf8mb4_unicode_ci NOT NULL,
  `staff_id` varchar(20) COLLATE utf8mb4_unicode_ci DEFAULT NULL,
  `status` enum('inactive','active','blocked') COLLATE utf8mb4_unicode_ci NOT NULL DEFAULT 'inactive',
  `remember_token` varchar(100) COLLATE utf8mb4_unicode_ci DEFAULT NULL,
  `created_at` timestamp NULL DEFAULT NULL,
  `updated_at` timestamp NULL DEFAULT NULL,
  PRIMARY KEY (`id`),
  UNIQUE KEY `users_email_unique` (`email`),
  UNIQUE KEY `users_staff_id_unique` (`staff_id`),
  KEY `users_role_id_foreign` (`role_id`),
  KEY `users_unit_id_foreign` (`unit_id`),
  CONSTRAINT `users_role_id_foreign` FOREIGN KEY (`role_id`) REFERENCES `roles` (`id`),
  CONSTRAINT `users_unit_id_foreign` FOREIGN KEY (`unit_id`) REFERENCES `units` (`id`)
) ENGINE=InnoDB AUTO_INCREMENT=57645 DEFAULT CHARSET=utf8mb4 COLLATE=utf8mb4_unicode_ci;
/*!40101 SET character_set_client = @saved_cs_client */;

--
-- Dumping data for table `users`
--

LOCK TABLES `users` WRITE;
/*!40000 ALTER TABLE `users` DISABLE KEYS */;
INSERT INTO `users` VALUES (56986,1528,1,'aomeru@salvicpetroleum.com','$2y$10$R9McLYa6XNfYZkF2ZYFcEeFibs8CJMpfXXpcjciwQL.8/UKG7E/MC','Akpoteheri','Omeru','male','G17090167','active','x2GcA4aKsDF0PQaBOfKMK4GkqEwAuzcAiYBsFnZSDXUB9xRUQXEvTQkbbMFE','2017-11-28 15:19:17','2018-01-04 15:03:32'),(57313,1529,NULL,'ABCOrjiako@salvicpetroleum.com','','ABC','Orjiako','male',NULL,'inactive',NULL,'2017-11-28 15:19:17','2017-11-28 15:19:17'),(57314,1529,NULL,'AOnyejakwuzi@salvicpetroleum.com','','Adamma','Onyejakwuzi','male',NULL,'inactive',NULL,'2017-11-28 15:19:17','2017-11-28 15:19:17'),(57315,1529,NULL,'AOgunsade@salvicpetroleum.com','','Adedolapo','Ogunsade','male',NULL,'inactive',NULL,'2017-11-28 15:19:17','2017-11-28 15:19:17'),(57316,1529,NULL,'ABamigboye@salvicpetroleum.com','','Adegbemile','Bamigboye','male',NULL,'inactive',NULL,'2017-11-28 15:19:17','2017-11-28 15:19:17'),(57317,1529,NULL,'AOyebanji-Umaigba@salvicpetroleum.com','','Adejoke','Oyebanji-Umaigba','male',NULL,'inactive',NULL,'2017-11-28 15:19:17','2017-11-28 15:19:17'),(57318,1529,NULL,'AAdepitan@salvicpetroleum.com','','Adekunle','Adepitan','male',NULL,'inactive',NULL,'2017-11-28 15:19:17','2017-11-28 15:19:17'),(57319,1529,NULL,'AAmusa@salvicpetroleum.com','','Ademola','Amusa','male',NULL,'inactive',NULL,'2017-11-28 15:19:18','2017-11-28 15:19:18'),(57320,1529,NULL,'AOkebiorun@salvicpetroleum.com','','Adesanya','Okebiorun','male',NULL,'inactive',NULL,'2017-11-28 15:19:18','2017-11-28 15:19:18'),(57321,1529,NULL,'ABadmus@salvicpetroleum.com','','Adetola','Badmus','male',NULL,'inactive',NULL,'2017-11-28 15:19:18','2017-11-28 15:19:18'),(57322,1528,1,'AAlaba@salvicpetroleum.com','','Adetunji','Alaba','male','17080147','inactive',NULL,'2017-11-28 15:19:18','2017-12-12 15:05:15'),(57323,1529,NULL,'AEzeoguine@salvicpetroleum.com','','Akudo','Ezeoguine','male',NULL,'inactive',NULL,'2017-11-28 15:19:18','2017-11-28 15:19:18'),(57324,1529,NULL,'AMokolo@salvicpetroleum.com','','Alex','Mokolo','male',NULL,'inactive',NULL,'2017-11-28 15:19:18','2017-11-28 15:19:18'),(57325,1529,NULL,'AEzurum@salvicpetroleum.com','','Alexander','Ezurum','male',NULL,'inactive',NULL,'2017-11-28 15:19:18','2017-11-28 15:19:18'),(57326,1529,NULL,'AEke@salvicpetroleum.com','','Amaechi','Eke','male',NULL,'inactive',NULL,'2017-11-28 15:19:18','2017-11-28 15:19:18'),(57327,1529,NULL,'AAmadiokoro@salvicpetroleum.com','','Amaka','Amadiokoro','male',NULL,'inactive',NULL,'2017-11-28 15:19:18','2017-11-28 15:19:18'),(57328,1529,NULL,'ANwokeji@salvicpetroleum.com','','Amaka','Nwokeji','male',NULL,'inactive',NULL,'2017-11-28 15:19:18','2017-11-28 15:19:18'),(57329,1529,NULL,'AOkudu@salvicpetroleum.com','','Ambrose','Okudu','male',NULL,'inactive',NULL,'2017-11-28 15:19:18','2017-11-28 15:19:18'),(57330,1529,NULL,'AUzoma@salvicpetroleum.com','','Ambrose','Uzoma','male',NULL,'inactive',NULL,'2017-11-28 15:19:18','2017-11-28 15:19:18'),(57331,1529,NULL,'AChukwuma@salvicpetroleum.com','','Amechi','Chukwuma','male',NULL,'inactive',NULL,'2017-11-28 15:19:18','2017-11-28 15:19:18'),(57332,1529,NULL,'AUsman@salvicpetroleum.com','','Amina Cynthia','Usman','male',NULL,'inactive',NULL,'2017-11-28 15:19:18','2017-11-28 15:19:18'),(57333,1529,NULL,'AOnokpise@salvicpetroleum.com','','Amos','Onokpise','male',NULL,'inactive',NULL,'2017-11-28 15:19:18','2017-11-28 15:19:18'),(57334,1529,NULL,'AOrioma@salvicpetroleum.com','','Andrew','Orioma','male',NULL,'inactive',NULL,'2017-11-28 15:19:18','2017-11-28 15:19:18'),(57335,1529,NULL,'ANwachukwu@salvicpetroleum.com','','Angel','Nwachukwu','male',NULL,'inactive',NULL,'2017-11-28 15:19:18','2017-11-28 15:19:18'),(57336,1529,NULL,'ABassey@salvicpetroleum.com','','Anthony','Bassey','male',NULL,'inactive',NULL,'2017-11-28 15:19:18','2017-11-28 15:19:18'),(57337,1529,NULL,'ABisong@salvicpetroleum.com','','Anthony','Bisong','male',NULL,'inactive',NULL,'2017-11-28 15:19:18','2017-11-28 15:19:18'),(57338,1529,NULL,'AIduh@salvicpetroleum.com','','Anthony Okwudili','Iduh','male',NULL,'inactive',NULL,'2017-11-28 15:19:18','2017-11-28 15:19:18'),(57339,1529,NULL,'AUku@salvicpetroleum.com','','Aselemi','Uku','male',NULL,'inactive',NULL,'2017-11-28 15:19:18','2017-11-28 15:19:18'),(57340,1529,NULL,'ANyakno-Abasi@salvicpetroleum.com','','Asuquo','Nyakno-Abasi','male',NULL,'inactive',NULL,'2017-11-28 15:19:18','2017-11-28 15:19:18'),(57341,1529,NULL,'AAdumein@salvicpetroleum.com','','Austine','Adumein','male',NULL,'inactive',NULL,'2017-11-28 15:19:18','2017-11-28 15:19:18'),(57342,1529,NULL,'AMuhammad@salvicpetroleum.com','','Auwal','Muhammad','male',NULL,'inactive',NULL,'2017-11-28 15:19:18','2017-11-28 15:19:18'),(57343,1529,NULL,'AShote@salvicpetroleum.com','','Ayobiyi','Shote','male',NULL,'inactive',NULL,'2017-11-28 15:19:18','2017-11-28 15:19:18'),(57344,1529,NULL,'AAkinola@salvicpetroleum.com','','Ayokunle','Akinola','male',NULL,'inactive',NULL,'2017-11-28 15:19:18','2017-11-28 15:19:18'),(57345,1529,NULL,'ACookey@salvicpetroleum.com','','Azunna','Cookey','male',NULL,'inactive',NULL,'2017-11-28 15:19:18','2017-11-28 15:19:18'),(57346,1529,NULL,'BOdumuyiwa@salvicpetroleum.com','','Babafemi','Odumuyiwa','male',NULL,'inactive',NULL,'2017-11-28 15:19:18','2017-11-28 15:19:18'),(57347,1529,NULL,'baml@salvicpetroleum.com','','BAML','Gulfstream','male',NULL,'inactive',NULL,'2017-11-28 15:19:18','2017-11-28 15:19:18'),(57348,1529,NULL,'BOlugbile@salvicpetroleum.com','','Bankole','Olugbile','male',NULL,'inactive',NULL,'2017-11-28 15:19:18','2017-11-28 15:19:18'),(57349,1529,9,'BChukwudulue@salvicpetroleum.com','','Barnabas','Chukwudulue','male',NULL,'inactive',NULL,'2017-11-28 15:19:18','2017-12-19 15:52:52'),(57350,1529,NULL,'BEhighibe@salvicpetroleum.com','','Becky','Ehighibe','male',NULL,'inactive',NULL,'2017-11-28 15:19:18','2017-11-28 15:19:18'),(57351,1529,NULL,'BIbebuchi@salvicpetroleum.com','','Ben','Ibebuchi','male',NULL,'inactive',NULL,'2017-11-28 15:19:18','2017-11-28 15:19:18'),(57352,1529,NULL,'BOnyekaonwu@salvicpetroleum.com','','Benedict','Onyekaonwu','male',NULL,'inactive',NULL,'2017-11-28 15:19:18','2017-11-28 15:19:18'),(57353,1529,NULL,'BOseji@salvicpetroleum.com','','Benson','Oseji','male',NULL,'inactive',NULL,'2017-11-28 15:19:19','2017-11-28 15:19:19'),(57354,1529,NULL,'BEbigbo@salvicpetroleum.com','','Bibian','Ebigbo','male',NULL,'inactive',NULL,'2017-11-28 15:19:19','2017-11-28 15:19:19'),(57355,1529,6,'bids@salvicpetroleum.com','','bids','bids','male',NULL,'inactive',NULL,'2017-11-28 15:19:19','2017-12-18 12:28:00'),(57356,1529,NULL,'CUdeoha@salvicpetroleum.com','','Caleb','Udeoha','male',NULL,'inactive',NULL,'2017-11-28 15:19:19','2017-11-28 15:19:19'),(57357,1529,NULL,'CAkahomhen@salvicpetroleum.com','','Celestine','Akahomhen','male',NULL,'inactive',NULL,'2017-11-28 15:19:19','2017-11-28 15:19:19'),(57358,1529,NULL,'CUgwu@salvicpetroleum.com','','Celestine','Ugwu','male',NULL,'inactive',NULL,'2017-11-28 15:19:19','2017-11-28 15:19:19'),(57359,1529,NULL,'CLoader@salvicpetroleum.com','','Celine','Loader','male',NULL,'inactive',NULL,'2017-11-28 15:19:19','2017-11-28 15:19:19'),(57360,1529,NULL,'COparaocha@salvicpetroleum.com','','Charity','Oparaocha','male',NULL,'inactive',NULL,'2017-11-28 15:19:19','2017-11-28 15:19:19'),(57361,1529,NULL,'CEzeoke@salvicpetroleum.com','','Charles','Ezeoke','male',NULL,'inactive',NULL,'2017-11-28 15:19:19','2017-11-28 15:19:19'),(57362,1529,NULL,'CIbiok@salvicpetroleum.com','','Charles','Ibiok','male',NULL,'inactive',NULL,'2017-11-28 15:19:19','2017-11-28 15:19:19'),(57363,1529,NULL,'CNdukwu@salvicpetroleum.com','','Charles','Ndukwu','male',NULL,'inactive',NULL,'2017-11-28 15:19:19','2017-11-28 15:19:19'),(57364,1529,NULL,'CAnukam@salvicpetroleum.com','','Chetachi','Anukam','male',NULL,'inactive',NULL,'2017-11-28 15:19:19','2017-11-28 15:19:19'),(57365,1529,NULL,'CAkukwe@salvicpetroleum.com','','Chibu','Akukwe','male',NULL,'inactive',NULL,'2017-11-28 15:19:19','2017-11-28 15:19:19'),(57366,1529,NULL,'CIbewuike@salvicpetroleum.com','','Chibueze','Ibewuike','male',NULL,'inactive',NULL,'2017-11-28 15:19:19','2017-11-28 15:19:19'),(57367,1529,NULL,'CNwanze@salvicpetroleum.com','','Chidera','Nwanze','male',NULL,'inactive',NULL,'2017-11-28 15:19:19','2017-11-28 15:19:19'),(57368,1529,NULL,'CChukwueke@salvicpetroleum.com','','Chidi','Chukwueke','male',NULL,'inactive',NULL,'2017-11-28 15:19:19','2017-11-28 15:19:19'),(57369,1529,NULL,'COrazulike@salvicpetroleum.com','','Chidi','Orazulike','male',NULL,'inactive',NULL,'2017-11-28 15:19:19','2017-11-28 15:19:19'),(57370,1529,NULL,'CWigwe@salvicpetroleum.com','','Chidi','Wigwe','male',NULL,'inactive',NULL,'2017-11-28 15:19:19','2017-11-28 15:19:19'),(57371,1529,NULL,'Cogu@salvicpetroleum.com','','Chigozie','Ogu','male',NULL,'inactive',NULL,'2017-11-28 15:19:19','2017-11-28 15:19:19'),(57372,1529,NULL,'CMaduakor@salvicpetroleum.com','','Chijioke','Maduakor','male',NULL,'inactive',NULL,'2017-11-28 15:19:19','2017-11-28 15:19:19'),(57373,1529,NULL,'CAkah@salvicpetroleum.com','','Chimsom','Akah','male',NULL,'inactive',NULL,'2017-11-28 15:19:19','2017-11-28 15:19:19'),(57374,1529,NULL,'CObiagazie@salvicpetroleum.com','','Chinaza','Obiagazie','male',NULL,'inactive',NULL,'2017-11-28 15:19:19','2017-11-28 15:19:19'),(57375,1529,NULL,'CUdeolisa@salvicpetroleum.com','','Chinedu Godson','Udeolisa','male',NULL,'inactive',NULL,'2017-11-28 15:19:19','2017-11-28 15:19:19'),(57376,1529,NULL,'CNwajiobi@salvicpetroleum.com','','Chinedu','Nwajiobi','male',NULL,'inactive',NULL,'2017-11-28 15:19:19','2017-11-28 15:19:19'),(57377,1529,NULL,'CNwosu@salvicpetroleum.com','','Chinedu','Nwosu','male',NULL,'inactive',NULL,'2017-11-28 15:19:19','2017-11-28 15:19:19'),(57378,1529,NULL,'COdumodu@salvicpetroleum.com','','Chinedu','Odumodu','male',NULL,'inactive',NULL,'2017-11-28 15:19:19','2017-11-28 15:19:19'),(57379,1529,NULL,'CAgbasiere@salvicpetroleum.com','','Chinenye','Agbasiere','male',NULL,'inactive',NULL,'2017-11-28 15:19:19','2017-11-28 15:19:19'),(57380,1529,NULL,'CObi@salvicpetroleum.com','','Chinenye','Obi','male',NULL,'inactive',NULL,'2017-11-28 15:19:19','2017-11-28 15:19:19'),(57381,1529,NULL,'CObiefule@salvicpetroleum.com','','Chinenye','Obiefule','male',NULL,'inactive',NULL,'2017-11-28 15:19:19','2017-11-28 15:19:19'),(57382,1528,1,'CUkaigwe@salvicpetroleum.com','','Chinenye','Ukaigwe','male',NULL,'inactive',NULL,'2017-11-28 15:19:19','2017-12-12 15:04:08'),(57383,1529,NULL,'COjimba@salvicpetroleum.com','','Chinonso','Ojimba','male',NULL,'inactive',NULL,'2017-11-28 15:19:19','2017-11-28 15:19:19'),(57384,1529,NULL,'CAkpuru@salvicpetroleum.com','','Chinwe','Akpuru','male',NULL,'inactive',NULL,'2017-11-28 15:19:19','2017-11-28 15:19:19'),(57385,1529,NULL,'COwualah@salvicpetroleum.com','','Chinyere','Owualah','male',NULL,'inactive',NULL,'2017-11-28 15:19:19','2017-11-28 15:19:19'),(57386,1529,NULL,'CIbekwe@salvicpetroleum.com','','Chioma','Ibekwe','male',NULL,'inactive',NULL,'2017-11-28 15:19:19','2017-11-28 15:19:19'),(57387,1529,NULL,'CNjoku@salvicpetroleum.com','','Chisom','Njoku','male',NULL,'inactive',NULL,'2017-11-28 15:19:19','2017-11-28 15:19:19'),(57388,1529,NULL,'CEbokam@salvicpetroleum.com','','Chizoba','Ebokam','male',NULL,'inactive',NULL,'2017-11-28 15:19:20','2017-11-28 15:19:20'),(57389,1529,NULL,'CIheobi@salvicpetroleum.com','','Christopher','Iheobi','male',NULL,'inactive',NULL,'2017-11-28 15:19:20','2017-11-28 15:19:20'),(57390,1529,NULL,'COfoluwa@salvicpetroleum.com','','Christopher','Ofoluwa','male',NULL,'inactive',NULL,'2017-11-28 15:19:20','2017-11-28 15:19:20'),(57391,1529,NULL,'COkoye@salvicpetroleum.com','','Christopher','Okoye','male',NULL,'inactive',NULL,'2017-11-28 15:19:20','2017-11-28 15:19:20'),(57392,1529,NULL,'COnwuakpa@salvicpetroleum.com','','Chukwuebuka','Onwuakpa','male',NULL,'inactive',NULL,'2017-11-28 15:19:20','2017-11-28 15:19:20'),(57393,1529,NULL,'CIwunwah@salvicpetroleum.com','','Chukwuemeka','Iwunwah','male',NULL,'inactive',NULL,'2017-11-28 15:19:20','2017-11-28 15:19:20'),(57394,1529,NULL,'CUmechukwu@salvicpetroleum.com','','Chukwuka','Umechukwu','male',NULL,'inactive',NULL,'2017-11-28 15:19:20','2017-11-28 15:19:20'),(57395,1529,NULL,'CEmelisi@salvicpetroleum.com','','Chukwuma','Emelisi','male',NULL,'inactive',NULL,'2017-11-28 15:19:20','2017-11-28 15:19:20'),(57396,1529,NULL,'CNwachukwu@salvicpetroleum.com','','Chukwuma Ikenna','Nwachukwu','male',NULL,'inactive',NULL,'2017-11-28 15:19:20','2017-11-28 15:19:20'),(57397,1529,NULL,'CAmadi@salvicpetroleum.com','','Collins','Amadi','male',NULL,'inactive',NULL,'2017-11-28 15:19:20','2017-11-28 15:19:20'),(57398,1529,NULL,'CIyalla@salvicpetroleum.com','','Collins','Iyalla','male',NULL,'inactive',NULL,'2017-11-28 15:19:20','2017-11-28 15:19:20'),(57399,1529,14,'corporateservices@salvicpetroleum.com','','Corporate','Services','male',NULL,'inactive',NULL,'2017-11-28 15:19:20','2017-12-18 12:27:53'),(57400,1529,NULL,'DIruobe@salvicpetroleum.com','','Dada','Iruobe','male',NULL,'inactive',NULL,'2017-11-28 15:19:20','2017-11-28 15:19:20'),(57401,1529,NULL,'DUmukoro@salvicpetroleum.com','','Daniel','Umukoro','male',NULL,'inactive',NULL,'2017-11-28 15:19:20','2017-11-28 15:19:20'),(57402,1529,NULL,'DFatimilehin@salvicpetroleum.com','','David','Fatimilehin','male',NULL,'inactive',NULL,'2017-11-28 15:19:20','2017-11-28 15:19:20'),(57403,1529,NULL,'DIgbemo@salvicpetroleum.com','','David','Igbemo','male',NULL,'inactive',NULL,'2017-11-28 15:19:20','2017-11-28 15:19:20'),(57404,1529,NULL,'DOkenwa@salvicpetroleum.com','','David','Okenwa','male',NULL,'inactive',NULL,'2017-11-28 15:19:20','2017-11-28 15:19:20'),(57405,1529,NULL,'DIkpa@salvicpetroleum.com','','DEBORAH AZA-ERE','IKPA','male',NULL,'inactive',NULL,'2017-11-28 15:19:20','2017-11-28 15:19:20'),(57406,1529,NULL,'DUmege@salvicpetroleum.com','','Declan','Umege','male',NULL,'inactive',NULL,'2017-11-28 15:19:20','2017-11-28 15:19:20'),(57407,1529,NULL,'DFianka@salvicpetroleum.com','','Diamond','Fianka','male',NULL,'inactive',NULL,'2017-11-28 15:19:20','2017-11-28 15:19:20'),(57408,1529,NULL,'DOhwo@salvicpetroleum.com','','Duke','Ohwo','male',NULL,'inactive',NULL,'2017-11-28 15:19:20','2017-11-28 15:19:20'),(57409,1529,NULL,'DynamicsERP@salvicpetroleum.com','','Dynamics','ERP','male',NULL,'inactive',NULL,'2017-11-28 15:19:20','2017-11-28 15:19:20'),(57410,1529,NULL,'EUgboma@salvicpetroleum.com','','Ebele','Ugboma','male',NULL,'inactive',NULL,'2017-11-28 15:19:20','2017-11-28 15:19:20'),(57411,1529,NULL,'EAjayi@salvicpetroleum.com','','Ebenezer','Ajayi','male',NULL,'inactive',NULL,'2017-11-28 15:19:21','2017-11-28 15:19:21'),(57412,1529,NULL,'EAgbasiere@salvicpetroleum.com','','Ebuka','Agbasiere','male',NULL,'inactive',NULL,'2017-11-28 15:19:21','2017-11-28 15:19:21'),(57413,1529,NULL,'EEzie@salvicpetroleum.com','','Edmund','Ezie','male',NULL,'inactive',NULL,'2017-11-28 15:19:21','2017-11-28 15:19:21'),(57414,1529,NULL,'EOyewusi@salvicpetroleum.com','','Efe','Oyewusi','male',NULL,'inactive',NULL,'2017-11-28 15:19:21','2017-11-28 15:19:21'),(57415,1529,NULL,'EDomingo@salvicpetroleum.com','','Efize','Domingo','male',NULL,'inactive',NULL,'2017-11-28 15:19:21','2017-11-28 15:19:21'),(57416,1526,1,'ENta@salvicpetroleum.com','$2y$10$hHQlGLbqlT75QQQHIAdxR.12CCoKf1HrGj7dRirD785HgdwNgctbm','Ekaete','Nta','female',NULL,'active',NULL,'2017-11-28 15:19:21','2017-12-12 15:02:49'),(57417,1529,NULL,'EUtake@salvicpetroleum.com','','Elfreda','Utake','male',NULL,'inactive',NULL,'2017-11-28 15:19:21','2017-11-28 15:19:21'),(57418,1529,NULL,'EOko@salvicpetroleum.com','','Elizabeth','Oko','male',NULL,'inactive',NULL,'2017-11-28 15:19:21','2017-11-28 15:19:21'),(57419,1529,NULL,'EOokerenta@salvicpetroleum.com','','Emenike','Onyegeme-Okerenta','male',NULL,'inactive',NULL,'2017-11-28 15:19:21','2017-11-28 15:19:21'),(57420,1529,NULL,'EEjemai@salvicpetroleum.com','','Emmanuel','Ejemai','male',NULL,'inactive',NULL,'2017-11-28 15:19:21','2017-11-28 15:19:21'),(57421,1529,NULL,'EJaja@salvicpetroleum.com','','Emmanuel','Jaja','male',NULL,'inactive',NULL,'2017-11-28 15:19:21','2017-11-28 15:19:21'),(57422,1529,NULL,'EMbonu@salvicpetroleum.com','','Emmanuel','Mbonu','male',NULL,'inactive',NULL,'2017-11-28 15:19:21','2017-11-28 15:19:21'),(57423,1529,NULL,'EUdofia@salvicpetroleum.com','','Emmanuel','Udofia','male',NULL,'inactive',NULL,'2017-11-28 15:19:21','2017-11-28 15:19:21'),(57424,1529,NULL,'EOvedje@salvicpetroleum.com','','Emojevwe','Ovedje','male',NULL,'inactive',NULL,'2017-11-28 15:19:21','2017-11-28 15:19:21'),(57425,1529,NULL,'EEbi@salvicpetroleum.com','','Ernest','Ebi','male',NULL,'inactive',NULL,'2017-11-28 15:19:21','2017-11-28 15:19:21'),(57426,1529,NULL,'EObikwere@salvicpetroleum.com','','Ernest','Obikwere','male',NULL,'inactive',NULL,'2017-11-28 15:19:21','2017-11-28 15:19:21'),(57427,1529,NULL,'EAnenih@salvicpetroleum.com','','Esosa','Anenih','male',NULL,'inactive',NULL,'2017-11-28 15:19:21','2017-11-28 15:19:21'),(57428,1530,NULL,'Ethics_Compliance@salvicpetroleum.com','','Ethics','Compliance','male',NULL,'inactive',NULL,'2017-11-28 15:19:21','2017-12-18 12:18:37'),(57429,1529,NULL,'EAgagwo@salvicpetroleum.com','','Eugene','Agagwo','male',NULL,'inactive',NULL,'2017-11-28 15:19:21','2017-11-28 15:19:21'),(57430,1529,NULL,'EOkoli@salvicpetroleum.com','','Eugene','Okoli','male',NULL,'inactive',NULL,'2017-11-28 15:19:21','2017-11-28 15:19:21'),(57431,1529,NULL,'EOkiemute@salvicpetroleum.com','','Evovo','Okiemute','male',NULL,'inactive',NULL,'2017-11-28 15:19:21','2017-11-28 15:19:21'),(57432,1529,NULL,'EUzah@salvicpetroleum.com','','Ewere','Uzah','male',NULL,'inactive',NULL,'2017-11-28 15:19:21','2017-11-28 15:19:21'),(57433,1529,31,'FJabai@salvicpetroleum.com','','Faith','Jabai','male',NULL,'inactive',NULL,'2017-11-28 15:19:21','2018-01-09 09:30:21'),(57434,1529,NULL,'FOtite@salvicpetroleum.com','','Favour','Otite','male',NULL,'inactive',NULL,'2017-11-28 15:19:21','2017-11-28 15:19:21'),(57435,1529,NULL,'FIdehen@salvicpetroleum.com','','Festus','Idehen','male',NULL,'inactive',NULL,'2017-11-28 15:19:21','2017-11-28 15:19:21'),(57436,1529,NULL,'FOshodin@salvicpetroleum.com','','Festus','Oshodin','male',NULL,'inactive',NULL,'2017-11-28 15:19:21','2017-11-28 15:19:21'),(57437,1529,NULL,'FOnichabor@salvicpetroleum.com','','Fidel','Onichabor','male',NULL,'inactive',NULL,'2017-11-28 15:19:22','2017-11-28 15:19:22'),(57438,1529,NULL,'FFolly@salvicpetroleum.com','','Francis','Folly','male',NULL,'inactive',NULL,'2017-11-28 15:19:22','2017-11-28 15:19:22'),(57439,1529,NULL,'FObaremi@salvicpetroleum.com','','Francis','Obaremi','male',NULL,'inactive',NULL,'2017-11-28 15:19:22','2017-11-28 15:19:22'),(57440,1529,NULL,'FObinatu@salvicpetroleum.com','','Francisca','Obinatu','male',NULL,'inactive',NULL,'2017-11-28 15:19:22','2017-11-28 15:19:22'),(57441,1529,NULL,'FAzichoba@salvicpetroleum.com','','Frank','Azichoba','male',NULL,'inactive',NULL,'2017-11-28 15:19:22','2017-11-28 15:19:22'),(57442,1529,NULL,'FOsifo@salvicpetroleum.com','','Fred','Osifo','male',NULL,'inactive',NULL,'2017-11-28 15:19:22','2017-11-28 15:19:22'),(57443,1529,NULL,'FEtim@salvicpetroleum.com','','Fredrick','Etim','male',NULL,'inactive',NULL,'2017-11-28 15:19:22','2017-11-28 15:19:22'),(57444,1529,NULL,'FDoukade@salvicpetroleum.com','','Fufeyin','Doukade','male',NULL,'inactive',NULL,'2017-11-28 15:19:22','2017-11-28 15:19:22'),(57445,1529,NULL,'FFufeyin@salvicpetroleum.com','','Funkakpo','Fufeyin','male',NULL,'inactive',NULL,'2017-11-28 15:19:22','2017-11-28 15:19:22'),(57446,1529,NULL,'GNyam@salvicpetroleum.com','','Garba','Nyam','male',NULL,'inactive',NULL,'2017-11-28 15:19:22','2017-11-28 15:19:22'),(57447,1529,NULL,'GEwhrudjakpo@salvicpetroleum.com','','Genetik','Ewhrudjakpo','male',NULL,'inactive',NULL,'2017-11-28 15:19:22','2017-11-28 15:19:22'),(57448,1529,NULL,'Glencore@salvicpetroleum.com','','Glencore','Gulfstream','male',NULL,'inactive',NULL,'2017-11-28 15:19:22','2017-11-28 15:19:22'),(57449,1529,NULL,'GNsofor@salvicpetroleum.com','','Gogo','Nsofor','male',NULL,'inactive',NULL,'2017-11-28 15:19:22','2017-11-28 15:19:22'),(57450,1529,NULL,'GAdio@salvicpetroleum.com','','Goriola','Adio','male',NULL,'inactive',NULL,'2017-11-28 15:19:22','2017-11-28 15:19:22'),(57451,1529,NULL,'GEnyinnaya@salvicpetroleum.com','','Greg-Chido','Enyinnaya','male',NULL,'inactive',NULL,'2017-11-28 15:19:22','2017-11-28 15:19:22'),(57452,1529,NULL,'GAmanze@salvicpetroleum.com','','Greg','Amanze','male',NULL,'inactive',NULL,'2017-11-28 15:19:22','2017-11-28 15:19:22'),(57453,1529,NULL,'HUsman@salvicpetroleum.com','','Hashim','Usman','male',NULL,'inactive',NULL,'2017-11-28 15:19:22','2017-11-28 15:19:22'),(57454,1529,NULL,'HOrjiako@salvicpetroleum.com','','Henrietta','Orjiako','male',NULL,'inactive',NULL,'2017-11-28 15:19:22','2017-11-28 15:19:22'),(57455,1529,NULL,'HMmeje@salvicpetroleum.com','','Henry','Mmeje','male',NULL,'inactive',NULL,'2017-11-28 15:19:22','2017-11-28 15:19:22'),(57456,1529,NULL,'HOkee@salvicpetroleum.com','','Henry','Okee','male',NULL,'inactive',NULL,'2017-11-28 15:19:22','2017-11-28 15:19:22'),(57457,1529,NULL,'HEOSL@salvicpetroleum.com','','HEOSL','','male',NULL,'inactive',NULL,'2017-11-28 15:19:22','2017-11-28 15:19:22'),(57458,1529,NULL,'HOil@salvicpetroleum.com','','Heritage','Oil','male',NULL,'inactive',NULL,'2017-11-28 15:19:22','2017-11-28 15:19:22'),(57459,1530,9,'HSSEQNotifications@salvicpetroleum.com','','HSSEQ','Notification','male',NULL,'inactive',NULL,'2017-11-28 15:19:22','2017-12-18 12:28:08'),(57460,1529,NULL,'HAnozie@salvicpetroleum.com','','Humphrey','Anozie','male',NULL,'inactive',NULL,'2017-11-28 15:19:22','2017-11-28 15:19:22'),(57461,1529,NULL,'IAjieh@salvicpetroleum.com','','Ifeanyi','Ajieh','male',NULL,'inactive',NULL,'2017-11-28 15:19:22','2017-11-28 15:19:22'),(57462,1529,NULL,'IAkonu@salvicpetroleum.com','','Ifeanyi','Akonu','male',NULL,'inactive',NULL,'2017-11-28 15:19:22','2017-11-28 15:19:22'),(57463,1529,NULL,'IAkpuru@salvicpetroleum.com','','Ifeanyi','Akpuru','male',NULL,'inactive',NULL,'2017-11-28 15:19:22','2017-11-28 15:19:22'),(57464,1529,NULL,'IIkueze@salvicpetroleum.com','','Ifeanyi','Ikueze','male',NULL,'inactive',NULL,'2017-11-28 15:19:22','2017-11-28 15:19:22'),(57465,1529,NULL,'IOnwuneme@salvicpetroleum.com','','Ifeanyi','Onwuneme','male',NULL,'inactive',NULL,'2017-11-28 15:19:22','2017-11-28 15:19:22'),(57466,1529,NULL,'IUzoeto@salvicpetroleum.com','','Ifeanyi','Uzoeto','male',NULL,'inactive',NULL,'2017-11-28 15:19:22','2017-11-28 15:19:22'),(57467,1529,NULL,'IOdiokpu@salvicpetroleum.com','','Ifeanyichukwu','Odiokpu','male',NULL,'inactive',NULL,'2017-11-28 15:19:22','2017-11-28 15:19:22'),(57468,1529,NULL,'IOnyedi@salvicpetroleum.com','','Ifeyinwa','Onyedi','male',NULL,'inactive',NULL,'2017-11-28 15:19:22','2017-11-28 15:19:22'),(57469,1529,NULL,'IEgbuna@salvicpetroleum.com','','Ifunanya','Egbuna','male',NULL,'inactive',NULL,'2017-11-28 15:19:22','2017-11-28 15:19:22'),(57470,1529,NULL,'IEkwueme@salvicpetroleum.com','','Ifunanya','Ekwueme','male',NULL,'inactive',NULL,'2017-11-28 15:19:22','2017-11-28 15:19:22'),(57471,1529,NULL,'IUkah@salvicpetroleum.com','','Iheanyichi','Ukah','male',NULL,'inactive',NULL,'2017-11-28 15:19:23','2017-11-28 15:19:23'),(57472,1529,NULL,'IOkonkwo-Eje@salvicpetroleum.com','','Ijeamaka','Okonkwo-Eje','male',NULL,'inactive',NULL,'2017-11-28 15:19:23','2017-11-28 15:19:23'),(57473,1529,NULL,'IOnyeador@salvicpetroleum.com','','Ijeoma','Onyeador','male',NULL,'inactive',NULL,'2017-11-28 15:19:23','2017-11-28 15:19:23'),(57474,1529,NULL,'IEgboh@salvicpetroleum.com','','Ike','Egboh','male',NULL,'inactive',NULL,'2017-11-28 15:19:23','2017-11-28 15:19:23'),(57475,1529,NULL,'IOkafor@salvicpetroleum.com','','Ikemefuna','Okafor','male',NULL,'inactive',NULL,'2017-11-28 15:19:23','2017-11-28 15:19:23'),(57476,1529,NULL,'INtomchukwu@salvicpetroleum.com','','Ikenna','Ntomchukwu','male',NULL,'inactive',NULL,'2017-11-28 15:19:23','2017-11-28 15:19:23'),(57477,1529,NULL,'IMmuoh@salvicpetroleum.com','','Innocent','Mmuoh','male',NULL,'inactive',NULL,'2017-11-28 15:19:23','2017-11-28 15:19:23'),(57478,1529,NULL,'IObi@salvicpetroleum.com','','Innocent','Obi','male',NULL,'inactive',NULL,'2017-11-28 15:19:23','2017-11-28 15:19:23'),(57479,1529,NULL,'BInubiwon@salvicpetroleum.com','','Inubiwon','Blessing','male',NULL,'inactive',NULL,'2017-11-28 15:19:23','2017-11-28 15:19:23'),(57480,1529,NULL,'PInyeke@salvicpetroleum.com','','Inyeke','Osborno Peter','male',NULL,'inactive',NULL,'2017-11-28 15:19:23','2017-11-28 15:19:23'),(57481,1529,NULL,'ILucky@salvicpetroleum.com','','Irivike','Lucky','male',NULL,'inactive',NULL,'2017-11-28 15:19:23','2017-11-28 15:19:23'),(57482,1529,NULL,'IOlaleru@salvicpetroleum.com','','Israel','Olaleru','male',NULL,'inactive',NULL,'2017-11-28 15:19:23','2017-11-28 15:19:23'),(57483,1528,1,'ITrequest@salvicpetroleum.com','','IT','Request','male',NULL,'inactive',NULL,'2017-11-28 15:19:23','2017-12-12 15:07:00'),(57484,1525,1,'itsupport@salvicpetroleum.com','$2y$10$Anfrcsjk5pu4Ts1YwkhVq.lR2tG0RYcET.Vl8feex9Wh9HekaCBG2','IT','Support','male',NULL,'active','tlreq9RqPwNxTQJD5s41dvsMTeHysdlVtlNJFVUxhPYugADRLHNIIUpC2aZU','2017-11-28 15:19:23','2017-12-12 15:08:42'),(57485,1529,NULL,'IWest@salvicpetroleum.com','','Ivan','West','male',NULL,'inactive',NULL,'2017-11-28 15:19:23','2017-11-28 15:19:23'),(57486,1529,NULL,'JParker@salvicpetroleum.com','','Jason','Parker','male',NULL,'inactive',NULL,'2017-11-28 15:19:23','2017-11-28 15:19:23'),(57487,1529,NULL,'JOharisi@salvicpetroleum.com','','Jeremiah','Oharisi','male',NULL,'inactive',NULL,'2017-11-28 15:19:23','2017-11-28 15:19:23'),(57488,1529,NULL,'JDObaseki@salvicpetroleum.com','','Jerry','Dawnson-Obaseki','male',NULL,'inactive',NULL,'2017-11-28 15:19:23','2017-11-28 15:19:23'),(57489,1529,NULL,'JAnyigbo@salvicpetroleum.com','','Joel','Anyigbo','male',NULL,'inactive',NULL,'2017-11-28 15:19:23','2017-11-28 15:19:23'),(57490,1529,NULL,'JOnu@salvicpetroleum.com','','John Fredrick','Onu','male',NULL,'inactive',NULL,'2017-11-28 15:19:23','2017-11-28 15:19:23'),(57491,1529,NULL,'JIkomi@salvicpetroleum.com','','John','Ikomi','male',NULL,'inactive',NULL,'2017-11-28 15:19:23','2017-11-28 15:19:23'),(57492,1528,1,'JIkwuka@salvicpetroleum.com','$2y$10$DvooAwsnHGZ7Arw1UDFRT.FXeqd6ui8ge3/rhWT7vMaiIBDwe9vnm','John','Ikwuka','male',NULL,'active','u8XN2Zk8KzZlpDNaIvJBwJ2tsWPPcw1p2NZOKFxv5nwVJZXeC5mEVD7Kc4Ur','2017-11-28 15:19:23','2018-01-09 11:20:58'),(57493,1529,NULL,'JOkoisama@salvicpetroleum.com','','Joseph','Okoisama','male',NULL,'inactive',NULL,'2017-11-28 15:19:23','2017-11-28 15:19:23'),(57494,1529,NULL,'JIbeh@salvicpetroleum.com','','Juliet','Ibeh','male',NULL,'inactive',NULL,'2017-11-28 15:19:23','2017-11-28 15:19:23'),(57495,1529,NULL,'JUtomhin@salvicpetroleum.com','','Julius','Utomhin','male',NULL,'inactive',NULL,'2017-11-28 15:19:23','2017-11-28 15:19:23'),(57496,1529,NULL,'JKanife@salvicpetroleum.com','','Justin','Kanife','male',NULL,'inactive',NULL,'2017-11-28 15:19:23','2017-11-28 15:19:23'),(57497,1529,NULL,'KKamanu@salvicpetroleum.com','','Kelechi','Kamanu','male',NULL,'inactive',NULL,'2017-11-28 15:19:23','2017-11-28 15:19:23'),(57498,1529,NULL,'KIlobi@salvicpetroleum.com','','Kelechi','Ilobi','male',NULL,'inactive',NULL,'2017-11-28 15:19:23','2017-11-28 15:19:23'),(57499,1529,NULL,'KOnuoha@salvicpetroleum.com','','Kelechi','Onuoha','male',NULL,'inactive',NULL,'2017-11-28 15:19:23','2017-11-28 15:19:23'),(57500,1529,NULL,'KMadueke@salvicpetroleum.com','','Kennedy Obinna','Madueke','male',NULL,'inactive',NULL,'2017-11-28 15:19:23','2017-11-28 15:19:23'),(57501,1529,NULL,'KOsuzoka@salvicpetroleum.com','','Kennedy','Osuzoka','male',NULL,'inactive',NULL,'2017-11-28 15:19:23','2017-11-28 15:19:23'),(57502,1529,NULL,'KOgwo@salvicpetroleum.com','','Kenneth','Ogwo','male',NULL,'inactive',NULL,'2017-11-28 15:19:23','2017-11-28 15:19:23'),(57503,1529,NULL,'KAnegimo@salvicpetroleum.com','','Kenneth','Anegimo','male',NULL,'inactive',NULL,'2017-11-28 15:19:23','2017-11-28 15:19:23'),(57504,1529,NULL,'KEzeoke@salvicpetroleum.com','','Kenneth','Ezeoke','male',NULL,'inactive',NULL,'2017-11-28 15:19:23','2017-11-28 15:19:23'),(57505,1529,9,'KOkolie@salvicpetroleum.com','','Kenneth','Okolie','male',NULL,'inactive',NULL,'2017-11-28 15:19:23','2017-12-19 15:53:01'),(57506,1529,NULL,'KOsuoha@salvicpetroleum.com','','Kenneth','Osuoha','male',NULL,'inactive',NULL,'2017-11-28 15:19:23','2017-11-28 15:19:23'),(57507,1529,NULL,'KEnegesi@salvicpetroleum.com','','Kingsley','Enegesi','male',NULL,'inactive',NULL,'2017-11-28 15:19:24','2017-11-28 15:19:24'),(57508,1529,NULL,'KNkue-Leyira@salvicpetroleum.com','','Kirika','Nkue-Leyira','male',NULL,'inactive',NULL,'2017-11-28 15:19:24','2017-11-28 15:19:24'),(57509,1529,NULL,'KAcholonu@salvicpetroleum.com','','Kodizie','Acholonu','male',NULL,'inactive',NULL,'2017-11-28 15:19:24','2017-11-28 15:19:24'),(57510,1529,NULL,'KPoku-Amanfo@salvicpetroleum.com','','Kwabena','Poku-Amanfo','male',NULL,'inactive',NULL,'2017-11-28 15:19:24','2017-11-28 15:19:24'),(57511,1529,NULL,'LFatayi-Williams@salvicpetroleum.com','','Lauretta','Fatayi-Williams','male',NULL,'inactive',NULL,'2017-11-28 15:19:24','2017-11-28 15:19:24'),(57512,1529,NULL,'LOvrawah@salvicpetroleum.com','','Leonard','Ovrawah','male',NULL,'inactive',NULL,'2017-11-28 15:19:24','2017-11-28 15:19:24'),(57513,1529,NULL,'LEzidiegwu@salvicpetroleum.com','','Levi Chukwudi','Ezidiegwu','male',NULL,'inactive',NULL,'2017-11-28 15:19:24','2017-11-28 15:19:24'),(57514,1529,NULL,'LOkorobasi@salvicpetroleum.com','','Levi','Okorobasi','male',NULL,'inactive',NULL,'2017-11-28 15:19:24','2017-11-28 15:19:24'),(57515,1529,NULL,'MEzeogu@salvicpetroleum.com','','Macaulay','Ezeogu','male',NULL,'inactive',NULL,'2017-11-28 15:19:24','2017-11-28 15:19:24'),(57516,1529,NULL,'MOkolie@salvicpetroleum.com','','Marcel','Okolie','male',NULL,'inactive',NULL,'2017-11-28 15:19:24','2017-11-28 15:19:24'),(57517,1529,NULL,'MFatayiWilliams@salvicpetroleum.com','','Marie','FatayiWilliams','male',NULL,'inactive',NULL,'2017-11-28 15:19:24','2017-11-28 15:19:24'),(57518,1529,NULL,'MediaComm@salvicpetroleum.com','','Media','Comm','male',NULL,'inactive',NULL,'2017-11-28 15:19:24','2017-11-28 15:19:24'),(57519,1529,NULL,'MOkurude@salvicpetroleum.com','','Michael','Okurude','male',NULL,'inactive',NULL,'2017-11-28 15:19:24','2017-11-28 15:19:24'),(57520,1529,NULL,'MOparah@salvicpetroleum.com','','Miracle','Oparah','male',NULL,'inactive',NULL,'2017-11-28 15:19:24','2017-11-28 15:19:24'),(57521,1529,NULL,'MHayatuden@salvicpetroleum.com','','Mohamed','Hayatuden','male',NULL,'inactive',NULL,'2017-11-28 15:19:24','2017-11-28 15:19:24'),(57522,1529,NULL,'MOyenekan@salvicpetroleum.com','','Mopelola','Oyenekan','male',NULL,'inactive',NULL,'2017-11-28 15:19:24','2017-11-28 15:19:24'),(57523,1529,NULL,'MNwamba@salvicpetroleum.com','','Morgan','Nwamba','male',NULL,'inactive',NULL,'2017-11-28 15:19:24','2017-11-28 15:19:24'),(57524,1529,NULL,'MOlise@salvicpetroleum.com','','Moses','Olise','male',NULL,'inactive',NULL,'2017-11-28 15:19:24','2017-11-28 15:19:24'),(57525,1529,NULL,'MSaadu@salvicpetroleum.com','','Musa','Saadu','male',NULL,'inactive',NULL,'2017-11-28 15:19:24','2017-11-28 15:19:24'),(57526,1529,NULL,'NLazson@salvicpetroleum.com','','Nchekwube','Lazson','male',NULL,'inactive',NULL,'2017-11-28 15:19:24','2017-11-28 15:19:24'),(57527,1529,NULL,'NUnanka@salvicpetroleum.com','','Nduka','Unanka','male',NULL,'inactive',NULL,'2017-11-28 15:19:24','2017-11-28 15:19:24'),(57528,1529,NULL,'NOkolo@salvicpetroleum.com','','Nnadozie','Okolo','male',NULL,'inactive',NULL,'2017-11-28 15:19:24','2017-11-28 15:19:24'),(57529,1529,NULL,'OEkweozor@salvicpetroleum.com','','Obi','Ekweozor','male',NULL,'inactive',NULL,'2017-11-28 15:19:24','2017-11-28 15:19:24'),(57530,1529,NULL,'OOnyemeh@salvicpetroleum.com','','Obiajulu Nnaya','Onyemeh','male',NULL,'inactive',NULL,'2017-11-28 15:19:24','2017-11-28 15:19:24'),(57531,1529,NULL,'OObiajulu@salvicpetroleum.com','','Obieze','Obiajulu','male',NULL,'inactive',NULL,'2017-11-28 15:19:24','2017-11-28 15:19:24'),(57532,1528,1,'OAkahara@salvicpetroleum.com','','Obinna','Akahara','male',NULL,'inactive',NULL,'2017-11-28 15:19:24','2017-12-12 15:03:40'),(57533,1529,NULL,'OAmadi@salvicpetroleum.com','','Obinna','Amadi','male',NULL,'inactive',NULL,'2017-11-28 15:19:24','2017-11-28 15:19:24'),(57534,1529,NULL,'OEzeagu@salvicpetroleum.com','','Obinna','Ezeagu','male',NULL,'inactive',NULL,'2017-11-28 15:19:24','2017-11-28 15:19:24'),(57535,1529,NULL,'OUyaemesi@salvicpetroleum.com','','Obumneme','Uyaemesi','male',NULL,'inactive',NULL,'2017-11-28 15:19:25','2017-11-28 15:19:25'),(57536,1529,NULL,'FOnovo@salvicpetroleum.com','','Odinaka','Onovo','male',NULL,'inactive',NULL,'2017-11-28 15:19:25','2017-11-28 15:19:25'),(57537,1529,NULL,'OUmoren@salvicpetroleum.com','','Odudu','Umoren','male',NULL,'inactive',NULL,'2017-11-28 15:19:25','2017-11-28 15:19:25'),(57538,1529,NULL,'OEke@salvicpetroleum.com','','Ogburu','Eke','male',NULL,'inactive',NULL,'2017-11-28 15:19:25','2017-11-28 15:19:25'),(57539,1529,NULL,'OOkolo@salvicpetroleum.com','','Ogechukwu','Okolo','male',NULL,'inactive',NULL,'2017-11-28 15:19:25','2017-11-28 15:19:25'),(57540,1529,NULL,'ONgana@salvicpetroleum.com','','Okechukwu Collins','Ngana','male',NULL,'inactive',NULL,'2017-11-28 15:19:25','2017-11-28 15:19:25'),(57541,1529,NULL,'OHenry@salvicpetroleum.com','','Okee','Henry','male',NULL,'inactive',NULL,'2017-11-28 15:19:25','2017-11-28 15:19:25'),(57542,1529,NULL,'OEkeocha@salvicpetroleum.com','','Okey','Ekeocha','male',NULL,'inactive',NULL,'2017-11-28 15:19:25','2017-11-28 15:19:25'),(57543,1529,NULL,'OOkpon@salvicpetroleum.com','','Okpon','Okpon','male',NULL,'inactive',NULL,'2017-11-28 15:19:25','2017-11-28 15:19:25'),(57544,1529,NULL,'OOdedeyi@salvicpetroleum.com','','Olalekan','Odedeyi','male',NULL,'inactive',NULL,'2017-11-28 15:19:25','2017-11-28 15:19:25'),(57545,1529,NULL,'OAdeoye@salvicpetroleum.com','','Olanike','Adeoye','male',NULL,'inactive',NULL,'2017-11-28 15:19:25','2017-11-28 15:19:25'),(57546,1529,NULL,'OlaniwunAjayi@salvicpetroleum.com','','OlaniwunAjayi','Gulfstream','male',NULL,'inactive',NULL,'2017-11-28 15:19:25','2017-11-28 15:19:25'),(57547,1529,NULL,'OEmeka-Oboti@salvicpetroleum.com','','Oluchi','Emeka-Oboti','male',NULL,'inactive',NULL,'2017-11-28 15:19:25','2017-11-28 15:19:25'),(57548,1529,NULL,'OOyebanji@salvicpetroleum.com','','Olusegun','Oyebanji','male',NULL,'inactive',NULL,'2017-11-28 15:19:25','2017-11-28 15:19:25'),(57549,1529,NULL,'OOlorunyomi@salvicpetroleum.com','','Oluseyi','Olorunyomi','male',NULL,'inactive',NULL,'2017-11-28 15:19:25','2017-11-28 15:19:25'),(57550,1529,NULL,'OOlominu@salvicpetroleum.com','','Oluwafemi','Olominu','male',NULL,'inactive',NULL,'2017-11-28 15:19:25','2017-11-28 15:19:25'),(57551,1529,NULL,'OAluko@salvicpetroleum.com','','Oluwakemi','Aluko','male',NULL,'inactive',NULL,'2017-11-28 15:19:25','2017-11-28 15:19:25'),(57552,1529,NULL,'OAjiborisha@salvicpetroleum.com','','Oluwatope','Ajiborisha','male',NULL,'inactive',NULL,'2017-11-28 15:19:25','2017-11-28 15:19:25'),(57553,1529,NULL,'oml30facilities@salvicpetroleum.com','','OML30Facilities','','male',NULL,'inactive',NULL,'2017-11-28 15:19:25','2017-11-28 15:19:25'),(57554,1529,NULL,'OBeckles@salvicpetroleum.com','','Onyinyechi','Beckles','male',NULL,'inactive',NULL,'2017-11-28 15:19:25','2017-11-28 15:19:25'),(57555,1529,NULL,'OIkoko@salvicpetroleum.com','','Ovie','Ikoko','male',NULL,'inactive',NULL,'2017-11-28 15:19:25','2017-11-28 15:19:25'),(57556,1529,NULL,'OOdukale@salvicpetroleum.com','','Oye','Odukale','male',NULL,'inactive',NULL,'2017-11-28 15:19:25','2017-11-28 15:19:25'),(57557,1531,6,'ParkViewConferenceRoom@salvicpetroleum.com','','Park-View','Conference-Room','male',NULL,'inactive',NULL,'2017-11-28 15:19:25','2017-12-18 12:20:59'),(57558,1529,NULL,'PNdu@salvicpetroleum.com','','Paul','Ndu','male',NULL,'inactive',NULL,'2017-11-28 15:19:25','2017-11-28 15:19:25'),(57559,1529,NULL,'PAigba@salvicpetroleum.com','','Peter','Aigba','male',NULL,'inactive',NULL,'2017-11-28 15:19:25','2017-11-28 15:19:25'),(57560,1529,NULL,'PMogbolu@salvicpetroleum.com','','Peter','Mogbolu','male',NULL,'inactive',NULL,'2017-11-28 15:19:25','2017-11-28 15:19:25'),(57561,1529,NULL,'PChukwu@salvicpetroleum.com','','Phil','Chukwu','male',NULL,'inactive',NULL,'2017-11-28 15:19:25','2017-11-28 15:19:25'),(57562,1529,NULL,'PAisueni@salvicpetroleum.com','','Philip','Aisueni','male',NULL,'inactive',NULL,'2017-11-28 15:19:25','2017-11-28 15:19:25'),(57563,1529,NULL,'PIsah@salvicpetroleum.com','','Phoebe','Isah','male',NULL,'inactive',NULL,'2017-11-28 15:19:25','2017-11-28 15:19:25'),(57564,1530,11,'prcommercial@salvicpetroleum.com','','PR','Commercial','male',NULL,'inactive',NULL,'2017-11-28 15:19:25','2017-12-18 12:28:23'),(57565,1529,NULL,'PEnwere@salvicpetroleum.com','','Priscilla','Enwere','male',NULL,'inactive',NULL,'2017-11-28 15:19:25','2017-11-28 15:19:25'),(57566,1529,NULL,'POgbennia@salvicpetroleum.com','','Promise Amarachi','Ogbennia','male',NULL,'inactive',NULL,'2017-11-28 15:19:25','2017-11-28 15:19:25'),(57567,1529,NULL,'pwc@salvicpetroleum.com','','PWC','Gulfstream','male',NULL,'inactive',NULL,'2017-11-28 15:19:25','2017-11-28 15:19:25'),(57568,1529,NULL,'ORadharani@salvicpetroleum.com','','Radharani','Okpu','male',NULL,'inactive',NULL,'2017-11-28 15:19:25','2017-11-28 15:19:25'),(57569,1529,NULL,'RAkaeze@salvicpetroleum.com','','Ralph','Akaeze','male',NULL,'inactive',NULL,'2017-11-28 15:19:25','2017-11-28 15:19:25'),(57570,1529,NULL,'RUruvwewhu@salvicpetroleum.com','','Ramzey','Uruvwewhu','male',NULL,'inactive',NULL,'2017-11-28 15:19:26','2017-11-28 15:19:26'),(57571,1529,NULL,'ROlutola@salvicpetroleum.com','','Raphael','Olutola','male',NULL,'inactive',NULL,'2017-11-28 15:19:26','2017-11-28 15:19:26'),(57572,1529,NULL,'RIbe@salvicpetroleum.com','','Remigius','Ibe','male',NULL,'inactive',NULL,'2017-11-28 15:19:26','2017-11-28 15:19:26'),(57573,1529,NULL,'RIzibili@salvicpetroleum.com','','Ronald','Izibili','male',NULL,'inactive',NULL,'2017-11-28 15:19:26','2017-11-28 15:19:26'),(57574,1529,NULL,'RLawuyi@salvicpetroleum.com','','Rotimi','Lawuyi','male',NULL,'inactive',NULL,'2017-11-28 15:19:26','2017-11-28 15:19:26'),(57575,1529,NULL,'RMejule@salvicpetroleum.com','','Rotimi','Mejule','male',NULL,'inactive',NULL,'2017-11-28 15:19:26','2017-11-28 15:19:26'),(57576,1530,9,'SafetyAlertsandLFI@salvicpetroleum.com','','SafetyAlerts','LFI','male',NULL,'inactive',NULL,'2017-11-28 15:19:26','2017-12-18 12:28:34'),(57577,1530,15,'salviccorporateaffairs@salvicpetroleum.com','','Corporate','Affairs','male',NULL,'inactive',NULL,'2017-11-28 15:19:26','2017-12-18 12:29:04'),(57578,1529,NULL,'salvicdd@salvicpetroleum.com','','Salvic','DD','male',NULL,'inactive',NULL,'2017-11-28 15:19:26','2017-11-28 15:19:26'),(57579,1529,NULL,'SalvicDD-HR@salvicpetroleum.com','','Salvic DD','HR','male',NULL,'inactive',NULL,'2017-11-28 15:19:26','2017-11-28 15:19:26'),(57580,1529,NULL,'SalvicDD-LegalOA@salvicpetroleum.com','','Salvic DD','LegalOA','male',NULL,'inactive',NULL,'2017-11-28 15:19:26','2017-11-28 15:19:26'),(57581,1529,NULL,'SalvicDD-LegalWS@salvicpetroleum.com','','Salvic DD','LegalWS','male',NULL,'inactive',NULL,'2017-11-28 15:19:26','2017-11-28 15:19:26'),(57582,1529,NULL,'SalvicDD-PWC@salvicpetroleum.com','','Salvic','DD PWC','male',NULL,'inactive',NULL,'2017-11-28 15:19:26','2017-11-28 15:19:26'),(57583,1529,NULL,'SalvicDD-Technical@salvicpetroleum.com','','Salvic DD','Technical','male',NULL,'inactive',NULL,'2017-11-28 15:19:26','2017-11-28 15:19:26'),(57584,1530,2,'hr@salvicpetroleum.com','','Human','Resources','male',NULL,'inactive',NULL,'2017-11-28 15:19:26','2017-12-18 12:29:30'),(57585,1529,NULL,'support@salvicpetroleum.onmicrosoft.com','','Charles','Igweze','male',NULL,'inactive',NULL,'2017-11-28 15:19:26','2017-11-28 15:19:26'),(57586,1529,NULL,'SPrinter@salvicpetroleum.com','','Salvic','Printer','male',NULL,'inactive',NULL,'2017-11-28 15:19:26','2017-11-28 15:19:26'),(57587,1529,NULL,'SPrinters@salvicpetroleum.com','','Salvic','Printers','male',NULL,'inactive',NULL,'2017-11-28 15:19:26','2017-11-28 15:19:26'),(57588,1530,9,'security@salvicpetroleum.com','','Security','Hsseq','male',NULL,'inactive',NULL,'2017-11-28 15:19:26','2017-12-18 12:30:07'),(57589,1529,NULL,'SAnimashaun@salvicpetroleum.com','','Samad','Animashaun','male',NULL,'inactive',NULL,'2017-11-28 15:19:26','2017-11-28 15:19:26'),(57590,1529,NULL,'SAgada@salvicpetroleum.com','','Sampson','Agada','male',NULL,'inactive',NULL,'2017-11-28 15:19:26','2017-11-28 15:19:26'),(57591,1529,NULL,'SAladekomo@salvicpetroleum.com','','Segun','Aladekomo','male',NULL,'inactive',NULL,'2017-11-28 15:19:26','2017-11-28 15:19:26'),(57592,1529,NULL,'SharePointAdmin@salvicpetroleum.com','','SharePoint','Admin','male',NULL,'inactive',NULL,'2017-11-28 15:19:26','2017-11-28 15:19:26'),(57593,1529,NULL,'Shell@salvicpetroleum.com','','Shell','Gulfstream','male',NULL,'inactive',NULL,'2017-11-28 15:19:26','2017-11-28 15:19:26'),(57594,1529,NULL,'SMajithia@salvicpetroleum.com','','Shree','Majithia','male',NULL,'inactive',NULL,'2017-11-28 15:19:26','2017-11-28 15:19:26'),(57595,1529,NULL,'SOkorieh@salvicpetroleum.com','','Silas','Okorieh','male',NULL,'inactive',NULL,'2017-11-28 15:19:27','2017-11-28 15:19:27'),(57596,1529,NULL,'SChilaka@salvicpetroleum.com','','Simeon','Chilaka','male',NULL,'inactive',NULL,'2017-11-28 15:19:27','2017-11-28 15:19:27'),(57597,1529,NULL,'SUkpaka@salvicpetroleum.com','','Simon','Ukpaka','male',NULL,'inactive',NULL,'2017-11-28 15:19:27','2017-11-28 15:19:27'),(57598,1529,NULL,'SAdobor@salvicpetroleum.com','','Solomon','Adobor','male',NULL,'inactive',NULL,'2017-11-28 15:19:27','2017-11-28 15:19:27'),(57599,1529,NULL,'SAliu@salvicpetroleum.com','','Solomon','Aliu','male',NULL,'inactive',NULL,'2017-11-28 15:19:27','2017-11-28 15:19:27'),(57600,1529,NULL,'SEjowhomu@salvicpetroleum.com','','Solomon','Arharhire','male',NULL,'inactive',NULL,'2017-11-28 15:19:27','2017-11-28 15:19:27'),(57601,1529,NULL,'SMamza@salvicpetroleum.com','','Solomon','Mamza','male',NULL,'inactive',NULL,'2017-11-28 15:19:27','2017-11-28 15:19:27'),(57602,1529,NULL,'SBanye@salvicpetroleum.com','','Sophie','Banye','male',NULL,'inactive',NULL,'2017-11-28 15:19:27','2017-11-28 15:19:27'),(57603,1528,1,'SPeter@salvicpetroleum.com','','Stanley','Peter','male',NULL,'inactive',NULL,'2017-11-28 15:19:27','2017-12-12 15:03:53'),(57604,1529,NULL,'SIbrighademor@salvicpetroleum.com','','Stephen','Ibrighademor','male',NULL,'inactive',NULL,'2017-11-28 15:19:27','2017-11-28 15:19:27'),(57605,1529,NULL,'SKoko@salvicpetroleum.com','','Stephen','Koko','male',NULL,'inactive',NULL,'2017-11-28 15:19:27','2017-11-28 15:19:27'),(57606,1529,NULL,'SHaliru@salvicpetroleum.com','','Suleiman','Haliru','male',NULL,'inactive',NULL,'2017-11-28 15:19:27','2017-11-28 15:19:27'),(57607,1529,NULL,'SEghuvwakpor@salvicpetroleum.com','','Sunday','Eghuvwakpor','male',NULL,'inactive',NULL,'2017-11-28 15:19:27','2017-11-28 15:19:27'),(57608,1529,NULL,'SAghanwa@salvicpetroleum.com','','Sunny','Aghanwa','male',NULL,'inactive',NULL,'2017-11-28 15:19:27','2017-11-28 15:19:27'),(57609,1529,NULL,'TEkiyor-Katimi@salvicpetroleum.com','','Theophilus','Ekiyor-Katimi','male',NULL,'inactive',NULL,'2017-11-28 15:19:27','2017-11-28 15:19:27'),(57610,1529,NULL,'TIgani@salvicpetroleum.com','','Theophilus','Igani','male',NULL,'inactive',NULL,'2017-11-28 15:19:27','2017-11-28 15:19:27'),(57611,1529,NULL,'TAbidde@salvicpetroleum.com','','Timothy','Abbide','male',NULL,'inactive',NULL,'2017-11-28 15:19:27','2017-11-28 15:19:27'),(57612,1529,NULL,'TOmopo@salvicpetroleum.com','','Titilope','Omopo','male',NULL,'inactive',NULL,'2017-11-28 15:19:27','2017-11-28 15:19:27'),(57613,1529,NULL,'TEchesi@salvicpetroleum.com','','Tochukwu','Echesi','male',NULL,'inactive',NULL,'2017-11-28 15:19:27','2017-11-28 15:19:27'),(57614,1529,NULL,'TIkpeama@salvicpetroleum.com','','Tochukwu','Ikpeama','male',NULL,'inactive',NULL,'2017-11-28 15:19:27','2017-11-28 15:19:27'),(57615,1529,NULL,'TOrakwue@salvicpetroleum.com','','Tochukwu','Orakwue','male',NULL,'inactive',NULL,'2017-11-28 15:19:27','2017-11-28 15:19:27'),(57616,1529,NULL,'TJohnny@salvicpetroleum.com','','Tonbebe','Johnny','male',NULL,'inactive',NULL,'2017-11-28 15:19:27','2017-11-28 15:19:27'),(57617,1529,NULL,'UAfam-Anadu@salvicpetroleum.com','','Uche','Afam-Anadu','male',NULL,'inactive',NULL,'2017-11-28 15:19:27','2017-11-28 15:19:27'),(57618,1529,NULL,'UAttah@salvicpetroleum.com','','Uche','Attah','male',NULL,'inactive',NULL,'2017-11-28 15:19:27','2017-11-28 15:19:27'),(57619,1529,NULL,'UAnajemba@salvicpetroleum.com','','Uche','Lotanna-Anajemba','male',NULL,'inactive',NULL,'2017-11-28 15:19:27','2017-11-28 15:19:27'),(57620,1529,NULL,'UKalu@salvicpetroleum.com','','Uchechi Grace','Kalu','male',NULL,'inactive',NULL,'2017-11-28 15:19:27','2017-11-28 15:19:27'),(57621,1529,NULL,'UNwankwo@salvicpetroleum.com','','Uchechi','Nwankwo','male',NULL,'inactive',NULL,'2017-11-28 15:19:27','2017-11-28 15:19:27'),(57622,1529,NULL,'UEkemezie@salvicpetroleum.com','','Uchechukwu','Ekemezie','male',NULL,'inactive',NULL,'2017-11-28 15:19:27','2017-11-28 15:19:27'),(57623,1529,NULL,'UOrekyeh@salvicpetroleum.com','','Uchenna','Orekyeh','male',NULL,'inactive',NULL,'2017-11-28 15:19:27','2017-11-28 15:19:27'),(57624,1529,NULL,'UUmoh@salvicpetroleum.com','','Uduak','Umoh','male',NULL,'inactive',NULL,'2017-11-28 15:19:27','2017-11-28 15:19:27'),(57625,1529,NULL,'UNwokolo@salvicpetroleum.com','','Ugochi Julia','Nwokolo','male',NULL,'inactive',NULL,'2017-11-28 15:19:27','2017-11-28 15:19:27'),(57626,1529,NULL,'UYahaya@salvicpetroleum.com','','Umar','Yahaya','male',NULL,'inactive',NULL,'2017-11-28 15:19:27','2017-11-28 15:19:27'),(57627,1529,NULL,'UHashim@salvicpetroleum.com','','Usman','Hashim','male',NULL,'inactive',NULL,'2017-11-28 15:19:27','2017-11-28 15:19:27'),(57628,1529,NULL,'UOkoroafor@salvicpetroleum.com','','Uzoma','Okoroafor','male',NULL,'inactive',NULL,'2017-11-28 15:19:27','2017-11-28 15:19:27'),(57629,1529,NULL,'VNsofor@salvicpetroleum.com','','Vanessa','Nsofor','male',NULL,'inactive',NULL,'2017-11-28 15:19:27','2017-11-28 15:19:27'),(57630,1529,NULL,'VOnwughalu@salvicpetroleum.com','','Vanessa','Onwughalu','male',NULL,'inactive',NULL,'2017-11-28 15:19:27','2017-11-28 15:19:27'),(57631,1529,NULL,'VKii@salvicpetroleum.com','','Victor','Kii','male',NULL,'inactive',NULL,'2017-11-28 15:19:27','2017-11-28 15:19:27'),(57632,1529,NULL,'VOkonji@salvicpetroleum.com','','Victor','Okonji','male',NULL,'inactive',NULL,'2017-11-28 15:19:28','2017-11-28 15:19:28'),(57633,1529,NULL,'Vitol@salvicpetroleum.com','','VITOL','Gulfstream','male',NULL,'inactive',NULL,'2017-11-28 15:19:28','2017-11-28 15:19:28'),(57634,1529,NULL,'WOnyeanya@salvicpetroleum.com','','Wealth','Onyeanya','male',NULL,'inactive',NULL,'2017-11-28 15:19:28','2017-11-28 15:19:28'),(57635,1529,NULL,'Winston@salvicpetroleum.com','','Winston','Gulfstream','male',NULL,'inactive',NULL,'2017-11-28 15:19:28','2017-11-28 15:19:28'),(57636,1529,NULL,'WWobisike@salvicpetroleum.com','','Wobo','Wobisike','male',NULL,'inactive',NULL,'2017-11-28 15:19:28','2017-11-28 15:19:28'),(57637,1529,NULL,'YOmorogbe@salvicpetroleum.com','','Yinka','Omorogbe','male',NULL,'inactive',NULL,'2017-11-28 15:19:28','2017-11-28 15:19:28'),(57638,1529,NULL,'YAmaefule@salvicpetroleum.com','','Yolanda','Amaefule','male',NULL,'inactive',NULL,'2017-11-28 15:19:28','2017-11-28 15:19:28'),(57642,1531,7,'abbey@court.com',NULL,'Abbey','Court','male',NULL,'inactive',NULL,'2017-12-12 10:19:00','2017-12-19 11:25:50'),(57643,1530,1,'itunit@salvicpetroleum.com',NULL,'IT','Unit','male',NULL,'inactive',NULL,'2017-12-19 09:48:52','2017-12-19 09:48:52'),(57644,1529,32,'pmembu@salvicpetroleum.com',NULL,'Paul','Membu','male','18010300','inactive',NULL,'2018-01-10 16:35:55','2018-01-10 16:35:55');
/*!40000 ALTER TABLE `users` ENABLE KEYS */;
UNLOCK TABLES;
/*!40103 SET TIME_ZONE=@OLD_TIME_ZONE */;

/*!40101 SET SQL_MODE=@OLD_SQL_MODE */;
/*!40014 SET FOREIGN_KEY_CHECKS=@OLD_FOREIGN_KEY_CHECKS */;
/*!40014 SET UNIQUE_CHECKS=@OLD_UNIQUE_CHECKS */;
/*!40101 SET CHARACTER_SET_CLIENT=@OLD_CHARACTER_SET_CLIENT */;
/*!40101 SET CHARACTER_SET_RESULTS=@OLD_CHARACTER_SET_RESULTS */;
/*!40101 SET COLLATION_CONNECTION=@OLD_COLLATION_CONNECTION */;
/*!40111 SET SQL_NOTES=@OLD_SQL_NOTES */;

-- Dump completed on 2018-01-10 16:41:15
