-- MySQL dump 10.13  Distrib 5.7.17, for Win64 (x86_64)
--
-- Host: 127.0.0.1    Database: itstore
-- ------------------------------------------------------
-- Server version	5.7.20-0ubuntu0.16.04.1

/*!40101 SET @OLD_CHARACTER_SET_CLIENT=@@CHARACTER_SET_CLIENT */;
/*!40101 SET @OLD_CHARACTER_SET_RESULTS=@@CHARACTER_SET_RESULTS */;
/*!40101 SET @OLD_COLLATION_CONNECTION=@@COLLATION_CONNECTION */;
/*!40101 SET NAMES utf8 */;
/*!40103 SET @OLD_TIME_ZONE=@@TIME_ZONE */;
/*!40103 SET TIME_ZONE='+00:00' */;
/*!40014 SET @OLD_UNIQUE_CHECKS=@@UNIQUE_CHECKS, UNIQUE_CHECKS=0 */;
/*!40014 SET @OLD_FOREIGN_KEY_CHECKS=@@FOREIGN_KEY_CHECKS, FOREIGN_KEY_CHECKS=0 */;
/*!40101 SET @OLD_SQL_MODE=@@SQL_MODE, SQL_MODE='NO_AUTO_VALUE_ON_ZERO' */;
/*!40111 SET @OLD_SQL_NOTES=@@SQL_NOTES, SQL_NOTES=0 */;

--
-- Table structure for table `allocations`
--

DROP TABLE IF EXISTS `allocations`;
/*!40101 SET @saved_cs_client     = @@character_set_client */;
/*!40101 SET character_set_client = utf8 */;
CREATE TABLE `allocations` (
  `id` int(10) unsigned NOT NULL AUTO_INCREMENT,
  `user_id` int(10) unsigned NOT NULL,
  `inventory_id` int(10) unsigned NOT NULL,
  `added_by` int(10) unsigned NOT NULL,
  `approval` varchar(255) COLLATE utf8mb4_unicode_ci DEFAULT NULL,
  `created_at` timestamp NULL DEFAULT NULL,
  `updated_at` timestamp NULL DEFAULT NULL,
  PRIMARY KEY (`id`),
  UNIQUE KEY `allocations_inventory_id_unique` (`inventory_id`),
  KEY `allocations_user_id_foreign` (`user_id`),
  KEY `allocations_added_by_foreign` (`added_by`),
  CONSTRAINT `allocations_added_by_foreign` FOREIGN KEY (`added_by`) REFERENCES `users` (`id`),
  CONSTRAINT `allocations_inventory_id_foreign` FOREIGN KEY (`inventory_id`) REFERENCES `inventories` (`id`),
  CONSTRAINT `allocations_user_id_foreign` FOREIGN KEY (`user_id`) REFERENCES `users` (`id`)
) ENGINE=InnoDB AUTO_INCREMENT=666 DEFAULT CHARSET=utf8mb4 COLLATE=utf8mb4_unicode_ci;
/*!40101 SET character_set_client = @saved_cs_client */;

--
-- Dumping data for table `allocations`
--

LOCK TABLES `allocations` WRITE;
/*!40000 ALTER TABLE `allocations` DISABLE KEYS */;
INSERT INTO `allocations` VALUES (654,56986,1,57484,NULL,'2017-12-18 13:33:21','2017-12-18 13:33:21'),(658,56986,2,57484,NULL,'2017-12-19 09:10:42','2017-12-19 09:10:42'),(659,57532,5,57484,NULL,'2017-12-19 09:22:26','2017-12-19 09:22:26'),(660,57492,4,57484,NULL,'2017-12-19 09:22:56','2017-12-19 09:22:56'),(661,57349,7,57484,NULL,'2017-12-19 11:09:36','2017-12-19 11:09:36'),(662,57505,8,57484,NULL,'2017-12-19 11:15:57','2017-12-19 11:15:57'),(663,57644,9,57484,NULL,'2018-01-10 16:40:02','2018-01-10 16:40:02'),(664,57433,10,57484,NULL,'2018-01-10 16:40:49','2018-01-10 16:40:49'),(665,57353,6,57484,NULL,'2018-01-15 16:33:21','2018-01-15 16:33:21');
/*!40000 ALTER TABLE `allocations` ENABLE KEYS */;
UNLOCK TABLES;

--
-- Table structure for table `comments`
--

DROP TABLE IF EXISTS `comments`;
/*!40101 SET @saved_cs_client     = @@character_set_client */;
/*!40101 SET character_set_client = utf8 */;
CREATE TABLE `comments` (
  `id` int(10) unsigned NOT NULL AUTO_INCREMENT,
  `user_id` int(10) unsigned NOT NULL,
  `task_id` int(10) unsigned NOT NULL,
  `comment` text COLLATE utf8mb4_unicode_ci NOT NULL,
  `status` enum('pending','reassigned','escalated','completed') COLLATE utf8mb4_unicode_ci NOT NULL DEFAULT 'pending',
  `autogen` tinyint(1) NOT NULL DEFAULT '0',
  `created_at` timestamp NULL DEFAULT NULL,
  `updated_at` timestamp NULL DEFAULT NULL,
  PRIMARY KEY (`id`),
  KEY `comments_user_id_foreign` (`user_id`),
  KEY `comments_task_id_foreign` (`task_id`),
  CONSTRAINT `comments_task_id_foreign` FOREIGN KEY (`task_id`) REFERENCES `tasks` (`id`),
  CONSTRAINT `comments_user_id_foreign` FOREIGN KEY (`user_id`) REFERENCES `users` (`id`)
) ENGINE=InnoDB AUTO_INCREMENT=45694 DEFAULT CHARSET=utf8mb4 COLLATE=utf8mb4_unicode_ci;
/*!40101 SET character_set_client = @saved_cs_client */;

--
-- Dumping data for table `comments`
--

LOCK TABLES `comments` WRITE;
/*!40000 ALTER TABLE `comments` DISABLE KEYS */;
INSERT INTO `comments` VALUES (45668,57484,68655,'Task opened and assigned to Akpoteheri ','pending',1,'2018-01-04 14:19:36','2018-01-04 14:19:36'),(45669,57484,68655,'Laptop has been troubleshooted and is closely watched for follow up.','pending',0,'2018-01-06 07:42:11','2018-01-06 07:42:11'),(45670,56986,68655,'Carried out a system format and reinstallation to ascertain if the OS was the issue. But the issue persisted and looks like less RAM are available for the task she carried out.','pending',0,'2018-01-06 08:30:49','2018-01-06 08:30:49'),(45676,56986,68655,'But the issue persisted and looks like less RAM are available for the task she carried out..','escalated',0,'2018-01-06 08:34:32','2018-01-08 16:52:33'),(45678,57484,68655,'Task reassigned to Obinna ','reassigned',1,'2018-01-08 12:52:29','2018-01-08 12:52:29'),(45687,57484,68655,'Task reassigned to Obinna ','reassigned',1,'2018-01-08 15:22:18','2018-01-08 15:22:18'),(45690,57484,68659,'Task opened and assigned to John Ikwuka','pending',1,'2018-01-09 11:19:36','2018-01-09 11:19:36'),(45691,57492,68659,'I looked at Amaka software requirements and determined the appropriate package','pending',0,'2018-01-09 11:26:07','2018-01-09 11:26:07'),(45692,57492,68659,'Software installed','completed',0,'2018-01-09 11:26:49','2018-01-09 11:26:49'),(45693,57484,68660,'Task opened and assigned to Adetunji Alaba','pending',1,'2018-01-15 17:27:49','2018-01-15 17:27:49');
/*!40000 ALTER TABLE `comments` ENABLE KEYS */;
UNLOCK TABLES;

--
-- Table structure for table `departments`
--

DROP TABLE IF EXISTS `departments`;
/*!40101 SET @saved_cs_client     = @@character_set_client */;
/*!40101 SET character_set_client = utf8 */;
CREATE TABLE `departments` (
  `id` int(10) unsigned NOT NULL AUTO_INCREMENT,
  `title` varchar(150) COLLATE utf8mb4_unicode_ci NOT NULL,
  `created_at` timestamp NULL DEFAULT NULL,
  `updated_at` timestamp NULL DEFAULT NULL,
  PRIMARY KEY (`id`),
  UNIQUE KEY `departments_title_unique` (`title`)
) ENGINE=InnoDB AUTO_INCREMENT=64600 DEFAULT CHARSET=utf8mb4 COLLATE=utf8mb4_unicode_ci;
/*!40101 SET character_set_client = @saved_cs_client */;

--
-- Dumping data for table `departments`
--

LOCK TABLES `departments` WRITE;
/*!40000 ALTER TABLE `departments` DISABLE KEYS */;
INSERT INTO `departments` VALUES (64589,'Strategy & Planning','2017-11-28 14:15:03','2017-11-28 14:15:03'),(64590,'Corporate Affairs','2017-11-28 14:15:03','2017-12-05 16:56:29'),(64591,'HSSEQ','2017-11-28 14:15:03','2017-11-28 14:15:03'),(64592,'Corporate Services','2017-11-28 14:15:03','2017-12-05 16:47:13'),(64593,'Commercial','2017-11-28 14:15:03','2017-11-28 14:15:03'),(64594,'Technical','2017-11-28 14:15:03','2017-11-28 14:15:03'),(64595,'Operations','2017-11-28 14:15:03','2017-11-28 14:15:03'),(64596,'Joint Venture','2017-11-28 14:15:03','2017-11-28 14:15:03'),(64597,'Legal','2017-11-28 14:15:03','2017-11-28 14:15:03'),(64598,'Finance','2017-11-28 14:15:03','2017-11-28 14:15:03'),(64599,'Other','2017-12-11 15:38:19','2017-12-11 15:38:19');
/*!40000 ALTER TABLE `departments` ENABLE KEYS */;
UNLOCK TABLES;

--
-- Table structure for table `ilogs`
--

DROP TABLE IF EXISTS `ilogs`;
/*!40101 SET @saved_cs_client     = @@character_set_client */;
/*!40101 SET character_set_client = utf8 */;
CREATE TABLE `ilogs` (
  `id` int(10) unsigned NOT NULL AUTO_INCREMENT,
  `user_id` int(10) unsigned NOT NULL,
  `inventory_id` int(10) unsigned NOT NULL,
  `comment` text COLLATE utf8mb4_unicode_ci NOT NULL,
  `created_at` timestamp NULL DEFAULT NULL,
  `updated_at` timestamp NULL DEFAULT NULL,
  PRIMARY KEY (`id`),
  KEY `ilogs_user_id_foreign` (`user_id`),
  KEY `ilogs_inventory_id_foreign` (`inventory_id`),
  CONSTRAINT `ilogs_inventory_id_foreign` FOREIGN KEY (`inventory_id`) REFERENCES `inventories` (`id`),
  CONSTRAINT `ilogs_user_id_foreign` FOREIGN KEY (`user_id`) REFERENCES `users` (`id`)
) ENGINE=InnoDB AUTO_INCREMENT=12515 DEFAULT CHARSET=utf8mb4 COLLATE=utf8mb4_unicode_ci;
/*!40101 SET character_set_client = @saved_cs_client */;

--
-- Dumping data for table `ilogs`
--

LOCK TABLES `ilogs` WRITE;
/*!40000 ALTER TABLE `ilogs` DISABLE KEYS */;
INSERT INTO `ilogs` VALUES (1,57484,2,'Everything was added','2018-01-19 23:01:27','2018-01-19 23:01:27');
/*!40000 ALTER TABLE `ilogs` ENABLE KEYS */;
UNLOCK TABLES;

--
-- Table structure for table `inventories`
--

DROP TABLE IF EXISTS `inventories`;
/*!40101 SET @saved_cs_client     = @@character_set_client */;
/*!40101 SET character_set_client = utf8 */;
CREATE TABLE `inventories` (
  `id` int(10) unsigned NOT NULL AUTO_INCREMENT,
  `user_id` int(10) unsigned NOT NULL,
  `item_id` int(10) unsigned NOT NULL,
  `purchase_id` int(10) unsigned DEFAULT NULL,
  `serial_no` varchar(50) COLLATE utf8mb4_unicode_ci NOT NULL,
  `created_at` timestamp NULL DEFAULT NULL,
  `updated_at` timestamp NULL DEFAULT NULL,
  PRIMARY KEY (`id`),
  UNIQUE KEY `inventories_serial_no_unique` (`serial_no`),
  KEY `inventories_user_id_foreign` (`user_id`),
  KEY `inventories_item_id_foreign` (`item_id`),
  KEY `inventories_purchase_id_foreign` (`purchase_id`),
  CONSTRAINT `inventories_item_id_foreign` FOREIGN KEY (`item_id`) REFERENCES `items` (`id`),
  CONSTRAINT `inventories_purchase_id_foreign` FOREIGN KEY (`purchase_id`) REFERENCES `purchases` (`id`),
  CONSTRAINT `inventories_user_id_foreign` FOREIGN KEY (`user_id`) REFERENCES `users` (`id`)
) ENGINE=InnoDB AUTO_INCREMENT=12 DEFAULT CHARSET=utf8mb4 COLLATE=utf8mb4_unicode_ci;
/*!40101 SET character_set_client = @saved_cs_client */;

--
-- Dumping data for table `inventories`
--

LOCK TABLES `inventories` WRITE;
/*!40000 ALTER TABLE `inventories` DISABLE KEYS */;
INSERT INTO `inventories` VALUES (1,56986,2548,NULL,'7CH710KQSR','2017-12-13 15:25:18','2017-12-13 15:51:47'),(2,56986,2545,68661,'3CM733096K','2017-12-13 15:53:17','2018-01-24 02:31:36'),(4,57484,2549,NULL,'5CG7350C7Q','2017-12-19 09:12:32','2017-12-19 09:12:32'),(5,57484,2549,NULL,'5CG7350C5F','2017-12-19 09:14:51','2017-12-19 09:14:51'),(6,57484,2550,NULL,'VNB8K3L94W','2017-12-19 09:47:32','2017-12-19 09:47:32'),(7,57484,2546,NULL,'5CD7230GM9','2017-12-19 11:09:23','2017-12-19 11:09:23'),(8,57484,2546,NULL,'5CD7230GND','2017-12-19 11:15:36','2017-12-19 11:15:36'),(9,57484,2567,NULL,'5CD7383LQ7','2018-01-10 16:38:42','2018-01-10 16:38:42'),(10,57484,2549,NULL,'5CG7350C71','2018-01-10 16:40:34','2018-01-10 16:40:34');
/*!40000 ALTER TABLE `inventories` ENABLE KEYS */;
UNLOCK TABLES;

--
-- Table structure for table `items`
--

DROP TABLE IF EXISTS `items`;
/*!40101 SET @saved_cs_client     = @@character_set_client */;
/*!40101 SET character_set_client = utf8 */;
CREATE TABLE `items` (
  `id` int(10) unsigned NOT NULL AUTO_INCREMENT,
  `user_id` int(10) unsigned NOT NULL,
  `title` varchar(150) COLLATE utf8mb4_unicode_ci NOT NULL,
  `type` varchar(255) COLLATE utf8mb4_unicode_ci NOT NULL,
  `processor` varchar(255) COLLATE utf8mb4_unicode_ci DEFAULT NULL,
  `descrip` varchar(255) COLLATE utf8mb4_unicode_ci DEFAULT NULL,
  `created_at` timestamp NULL DEFAULT NULL,
  `updated_at` timestamp NULL DEFAULT NULL,
  PRIMARY KEY (`id`),
  UNIQUE KEY `items_title_unique` (`title`),
  KEY `items_user_id_foreign` (`user_id`),
  CONSTRAINT `items_user_id_foreign` FOREIGN KEY (`user_id`) REFERENCES `users` (`id`)
) ENGINE=InnoDB AUTO_INCREMENT=2569 DEFAULT CHARSET=utf8mb4 COLLATE=utf8mb4_unicode_ci;
/*!40101 SET character_set_client = @saved_cs_client */;

--
-- Dumping data for table `items`
--

LOCK TABLES `items` WRITE;
/*!40000 ALTER TABLE `items` DISABLE KEYS */;
INSERT INTO `items` VALUES (2545,56986,'27es Display Screen','Monitor','','','2017-12-07 15:03:51','2017-12-07 15:03:51'),(2546,56986,'HP Probook 440 G3 i3','Laptop','Core i3','HP Probook 440 G3 core i3','2017-12-07 15:18:58','2017-12-07 20:31:48'),(2547,56986,'HP Probook 440 G3 i5','Laptop','Core i5','HP Probook 440 G3 core i5','2017-12-07 15:19:49','2017-12-07 15:19:49'),(2548,56986,'HP Wireless Classic Keyboard & Mouse','Wireless Keyboard & Mouse','','Wireless Keyboard & Mouse','2017-12-11 09:52:11','2017-12-20 07:20:14'),(2549,57484,'HP Probook 640 G3 i5','Laptop','Core i5','HP Probook 640 G3 i5','2017-12-19 09:11:37','2017-12-19 09:11:37'),(2550,57484,'Color Laser Jet Pro MFP M477w','Printer','None','Laser Jet Printer','2017-12-19 09:45:38','2017-12-20 07:15:02'),(2551,57484,'Mobile Work Station','Workstation','','Mobile work station','2017-12-20 07:15:47','2017-12-20 07:15:47'),(2552,57484,'Mobile Work Station Bag','Accessories','','Mobile work station bag','2017-12-20 07:16:11','2017-12-20 07:16:11'),(2553,57484,'Hp Ultra Slim Docking Station','Docking Station','','Hp ultra slim docking station','2017-12-20 07:16:31','2017-12-20 07:16:31'),(2554,57484,'HP Z27n Monitor Display','Monitor','','Hp Z27n Monitor Display','2017-12-20 07:17:03','2017-12-20 07:17:13'),(2555,57484,'Kensington Laptop Lock','Accessories','','','2017-12-20 07:17:25','2017-12-20 07:17:25'),(2556,57484,'HP Wireless Keyboard','Keyboard','','Hp wireless keyboard','2017-12-20 07:18:05','2017-12-20 07:18:05'),(2557,57484,'HP Probook 640 G3 I7','Laptop','Core i7','HP Probook 640 G3 I7','2017-12-20 07:18:34','2017-12-20 07:21:28'),(2559,57484,'HP Z Book 14 GA','Laptop','Core I7','HP Z book 14 GA','2017-12-20 07:22:50','2017-12-20 07:22:50'),(2560,57484,'HP Laserjet Enterprise 700 Colour','Printer','','Hp laserjet enterprise 700 colour printer','2017-12-20 07:23:46','2017-12-20 07:23:46'),(2561,57484,'Laptop Lock','Accessories','','Laptop lock','2017-12-20 07:24:01','2017-12-20 07:24:01'),(2562,57484,'HP Plotter Paper','Accessories','','Hp plotter paper','2017-12-20 07:24:41','2017-12-20 07:24:41'),(2563,57484,'Laptop Bag','Accessories','','Laptop bag','2017-12-20 07:24:58','2017-12-20 07:24:58'),(2564,57484,'HP Dual Notebook Stand','Stand','','HP dual notebook stand','2017-12-20 07:25:41','2017-12-20 07:25:41'),(2565,57484,'Docking Station Complete','Docking Station','','Docking station complete','2017-12-20 07:26:16','2017-12-20 07:26:16'),(2566,57484,'Docking Station Accessories','Accessories','','Docking station accessories','2017-12-20 07:26:39','2017-12-20 07:26:39'),(2567,57484,'HP Probook 440 G4 I5','Laptop','Core I5','HP Probook 440 G4 i5','2018-01-10 16:36:43','2018-01-10 16:36:43'),(2568,57484,'HP Spectre','Laptop','Core I5','HP Spectre','2018-01-15 16:36:48','2018-01-15 16:36:48');
/*!40000 ALTER TABLE `items` ENABLE KEYS */;
UNLOCK TABLES;

--
-- Table structure for table `logs`
--

DROP TABLE IF EXISTS `logs`;
/*!40101 SET @saved_cs_client     = @@character_set_client */;
/*!40101 SET character_set_client = utf8 */;
CREATE TABLE `logs` (
  `id` int(10) unsigned NOT NULL AUTO_INCREMENT,
  `user_id` int(10) unsigned NOT NULL,
  `page_url` varchar(255) COLLATE utf8mb4_unicode_ci NOT NULL,
  `descrip` text COLLATE utf8mb4_unicode_ci NOT NULL,
  `created_at` timestamp NULL DEFAULT NULL,
  `updated_at` timestamp NULL DEFAULT NULL,
  PRIMARY KEY (`id`),
  KEY `logs_user_id_foreign` (`user_id`),
  CONSTRAINT `logs_user_id_foreign` FOREIGN KEY (`user_id`) REFERENCES `users` (`id`)
) ENGINE=InnoDB AUTO_INCREMENT=1620 DEFAULT CHARSET=utf8mb4 COLLATE=utf8mb4_unicode_ci;
/*!40101 SET character_set_client = @saved_cs_client */;

--
-- Dumping data for table `logs`
--

LOCK TABLES `logs` WRITE;
/*!40000 ALTER TABLE `logs` DISABLE KEYS */;
INSERT INTO `logs` VALUES (1308,57484,'admin/purchase-order','Opened the purchase order page.','2018-01-23 15:03:47','2018-01-23 15:03:47'),(1309,57484,'admin/purchase-order','Opened the purchase order page.','2018-01-23 15:04:05','2018-01-23 15:04:05'),(1310,57484,'admin/purchase-order','Opened the purchase order page.','2018-01-23 15:58:30','2018-01-23 15:58:30'),(1311,57484,'admin/purchase-order','Opened the purchase order page.','2018-01-23 15:59:26','2018-01-23 15:59:26'),(1312,57484,'admin/purchase-order','Opened the purchase order page.','2018-01-23 16:04:28','2018-01-23 16:04:28'),(1313,57484,'admin/purchase-order','Opened the purchase order page.','2018-01-23 16:21:14','2018-01-23 16:21:14'),(1314,57484,'admin/purchase-order','Opened the purchase order page.','2018-01-23 16:26:10','2018-01-23 16:26:10'),(1315,57484,'admin/purchase-order','Opened the purchase order page.','2018-01-23 16:27:34','2018-01-23 16:27:34'),(1316,57484,'admin/purchase-order','Opened the purchase order page.','2018-01-23 16:42:31','2018-01-23 16:42:31'),(1317,57484,'admin/purchase-order','Opened the purchase order page.','2018-01-23 16:44:17','2018-01-23 16:44:17'),(1318,57484,'admin/purchase-order','Opened the purchase order page.','2018-01-23 16:44:34','2018-01-23 16:44:34'),(1319,57484,'admin/purchase-order','Opened the purchase order page.','2018-01-23 16:45:07','2018-01-23 16:45:07'),(1320,57484,'admin/purchase-order','Opened the purchase order page.','2018-01-23 16:48:27','2018-01-23 16:48:27'),(1321,57484,'admin/purchase-order','Opened the purchase order page.','2018-01-23 16:48:33','2018-01-23 16:48:33'),(1322,57484,'admin/purchase-order','Opened the purchase order page.','2018-01-23 16:48:34','2018-01-23 16:48:34'),(1323,57484,'admin/purchase-order','Opened the purchase order page.','2018-01-23 16:49:07','2018-01-23 16:49:07'),(1324,57484,'admin/purchase-order','Opened the purchase order page.','2018-01-23 16:49:08','2018-01-23 16:49:08'),(1325,57484,'admin/purchase-order','Opened the purchase order page.','2018-01-23 16:49:15','2018-01-23 16:49:15'),(1326,57484,'admin/purchase-order','Opened the purchase order page.','2018-01-23 16:49:38','2018-01-23 16:49:38'),(1327,57484,'admin/purchase-order','Opened the purchase order page.','2018-01-23 16:49:39','2018-01-23 16:49:39'),(1328,57484,'admin/purchase-order','Opened the purchase order page.','2018-01-23 16:50:16','2018-01-23 16:50:16'),(1329,57484,'admin/purchase-order','Opened the purchase order page.','2018-01-23 16:50:26','2018-01-23 16:50:26'),(1330,57484,'admin/purchase-order','Opened the purchase order page.','2018-01-23 16:50:28','2018-01-23 16:50:28'),(1331,57484,'admin/purchase-order','Opened the purchase order page.','2018-01-23 16:51:32','2018-01-23 16:51:32'),(1332,57484,'admin/purchase-order','Opened the purchase order page.','2018-01-23 16:51:48','2018-01-23 16:51:48'),(1333,57484,'admin/purchase-order','Opened the purchase order page.','2018-01-23 16:51:48','2018-01-23 16:51:48'),(1334,57484,'admin/purchase-order','Opened the purchase order page.','2018-01-23 16:52:10','2018-01-23 16:52:10'),(1335,57484,'admin/purchase-order','Opened the purchase order page.','2018-01-23 16:52:11','2018-01-23 16:52:11'),(1336,57484,'admin/purchase-order','Opened the purchase order page.','2018-01-23 16:52:49','2018-01-23 16:52:49'),(1337,57484,'admin/purchase-order','Opened the purchase order page.','2018-01-23 16:52:50','2018-01-23 16:52:50'),(1338,57484,'admin/purchase-order','Opened the purchase order page.','2018-01-23 16:53:54','2018-01-23 16:53:54'),(1339,57484,'admin/purchase-order','Opened the purchase order page.','2018-01-23 16:53:55','2018-01-23 16:53:55'),(1340,57484,'admin/purchase-order','Opened the purchase order page.','2018-01-23 16:54:00','2018-01-23 16:54:00'),(1341,57484,'admin/purchase-order','Opened the purchase order page.','2018-01-23 16:54:32','2018-01-23 16:54:32'),(1342,57484,'admin/purchase-order','Opened the purchase order page.','2018-01-23 16:55:02','2018-01-23 16:55:02'),(1343,57484,'admin/purchase-order','Opened the purchase order page.','2018-01-23 16:55:07','2018-01-23 16:55:07'),(1344,57484,'admin/purchase-order','Opened the purchase order page.','2018-01-23 16:55:21','2018-01-23 16:55:21'),(1345,57484,'admin/purchase-order','Opened the purchase order page.','2018-01-23 16:56:18','2018-01-23 16:56:18'),(1346,57484,'admin/purchase-order','Opened the purchase order page.','2018-01-23 17:30:29','2018-01-23 17:30:29'),(1347,57484,'admin/purchase-order','Opened the purchase order page.','2018-01-23 17:35:49','2018-01-23 17:35:49'),(1348,57484,'admin/purchase-order','Opened the purchase order page.','2018-01-23 17:43:02','2018-01-23 17:43:02'),(1349,57484,'admin/purchase-order','Opened the purchase order page.','2018-01-23 17:46:44','2018-01-23 17:46:44'),(1350,57484,'admin/purchase-order','Opened the purchase order page.','2018-01-23 17:46:53','2018-01-23 17:46:53'),(1351,57484,'admin/purchase-order','Opened the purchase order page.','2018-01-23 17:46:53','2018-01-23 17:46:53'),(1352,57484,'admin/purchase-order','Opened the purchase order page.','2018-01-23 17:47:22','2018-01-23 17:47:22'),(1353,57484,'admin/purchase-order','Opened the purchase order page.','2018-01-23 17:47:30','2018-01-23 17:47:30'),(1354,57484,'admin/purchase-order','Opened the purchase order page.','2018-01-23 17:47:39','2018-01-23 17:47:39'),(1355,57484,'admin/purchase-order','Opened the purchase order page.','2018-01-23 18:10:14','2018-01-23 18:10:14'),(1356,57484,'admin/purchase-order/add','Opened the purchase order page.','2018-01-23 18:10:20','2018-01-23 18:10:20'),(1357,57484,'admin/purchase-order/add','RESTRICTED! Tried to access the create purchase order page','2018-01-23 18:10:54','2018-01-23 18:10:54'),(1358,57484,'admin/purchase-order','Opened the purchase order page.','2018-01-23 18:10:55','2018-01-23 18:10:55'),(1359,57484,'admin/purchase-order/add','Opened the purchase order page.','2018-01-23 18:17:13','2018-01-23 18:17:13'),(1360,57484,'admin/purchase-order/add','Opened the purchase order page.','2018-01-23 18:19:41','2018-01-23 18:19:41'),(1361,57484,'admin/purchase-order/add','Opened the purchase order page.','2018-01-23 18:20:27','2018-01-23 18:20:27'),(1362,57484,'admin/purchase-order','Opened the purchase order page.','2018-01-23 18:21:42','2018-01-23 18:21:42'),(1363,57484,'admin/purchase-order/add','Opened the purchase order page.','2018-01-23 18:21:46','2018-01-23 18:21:46'),(1364,57484,'admin/purchase-order/add','Opened the purchase order page.','2018-01-23 18:32:26','2018-01-23 18:32:26'),(1365,57484,'admin/purchase-order/add','Opened the purchase order page.','2018-01-23 18:33:01','2018-01-23 18:33:01'),(1366,57484,'admin/purchase-order/add','Opened the purchase order page.','2018-01-23 18:35:28','2018-01-23 18:35:28'),(1367,57484,'admin/purchase-order/add','Opened the purchase order page.','2018-01-23 18:37:53','2018-01-23 18:37:53'),(1368,57484,'admin/purchase-order/add','Opened the purchase order page.','2018-01-23 18:38:19','2018-01-23 18:38:19'),(1369,57484,'admin/purchase-order/add','Opened the purchase order page.','2018-01-23 18:41:30','2018-01-23 18:41:30'),(1370,57484,'admin/purchase-order/add','Opened the purchase order page.','2018-01-23 18:41:48','2018-01-23 18:41:48'),(1371,57484,'admin/purchase-order/add','Opened the purchase order page.','2018-01-23 18:42:17','2018-01-23 18:42:17'),(1372,57484,'admin/purchase-order/add','Opened the purchase order page.','2018-01-23 18:43:00','2018-01-23 18:43:00'),(1373,57484,'admin/purchase-order/add','Opened the purchase order page.','2018-01-23 18:45:19','2018-01-23 18:45:19'),(1374,57484,'admin/purchase-order/add','Opened the purchase order page.','2018-01-23 19:01:20','2018-01-23 19:01:20'),(1375,57484,'admin/purchase-order/add','Opened the purchase order page.','2018-01-23 21:07:50','2018-01-23 21:07:50'),(1376,57484,'admin/purchase-order/add','Opened the purchase order page.','2018-01-23 21:09:14','2018-01-23 21:09:14'),(1377,57484,'admin/purchase-order/add','Opened the purchase order page.','2018-01-23 21:17:52','2018-01-23 21:17:52'),(1378,57484,'admin/purchase-order/add','Opened the purchase order page.','2018-01-23 21:48:25','2018-01-23 21:48:25'),(1379,57484,'admin/purchase-order/add','Opened the purchase order page.','2018-01-23 21:48:43','2018-01-23 21:48:43'),(1380,57484,'admin/purchase-order/add','Opened the purchase order page.','2018-01-23 21:48:48','2018-01-23 21:48:48'),(1381,57484,'admin/purchase-order','Opened the purchase order page.','2018-01-23 21:49:05','2018-01-23 21:49:05'),(1382,57484,'admin/purchase-order/add','Opened the purchase order page.','2018-01-23 21:49:31','2018-01-23 21:49:31'),(1383,57484,'admin/purchase-order/add','Opened the purchase order page.','2018-01-23 21:49:44','2018-01-23 21:49:44'),(1384,57484,'admin/purchase-order/add','Opened the purchase order page.','2018-01-23 21:52:03','2018-01-23 21:52:03'),(1385,57484,'admin/purchase-order/add','Opened the purchase order page.','2018-01-23 22:15:27','2018-01-23 22:15:27'),(1386,57484,'admin/purchase-order/add','Added purchase order entry \"Test Purchase Order\" and id .68655','2018-01-23 23:48:39','2018-01-23 23:48:39'),(1387,57484,'admin/purchase-order','Opened the purchase order page.','2018-01-23 23:48:40','2018-01-23 23:48:40'),(1388,57484,'admin/purchase-order','Opened the purchase order page.','2018-01-23 23:49:59','2018-01-23 23:49:59'),(1389,57484,'admin/purchase-order','Opened the purchase order page.','2018-01-23 23:50:45','2018-01-23 23:50:45'),(1390,57484,'admin/purchase-order','Opened the purchase order page.','2018-01-23 23:54:34','2018-01-23 23:54:34'),(1391,57484,'admin/purchase-order','Opened the purchase order page.','2018-01-23 23:54:54','2018-01-23 23:54:54'),(1392,57484,'admin/purchase-order','Opened the purchase order page.','2018-01-23 23:55:07','2018-01-23 23:55:07'),(1393,57484,'admin/purchase-order','Opened the purchase order page.','2018-01-23 23:55:28','2018-01-23 23:55:28'),(1394,57484,'admin/purchase-order','Opened the purchase order page.','2018-01-24 00:02:07','2018-01-24 00:02:07'),(1395,57484,'admin/purchase-order','Opened the purchase order page.','2018-01-24 00:03:03','2018-01-24 00:03:03'),(1396,57484,'admin/purchase-order','Opened the purchase order page.','2018-01-24 00:05:54','2018-01-24 00:05:54'),(1397,57484,'admin/purchase-order','Opened the purchase order page.','2018-01-24 00:06:50','2018-01-24 00:06:50'),(1398,57484,'admin/purchase-order','Opened the purchase order page.','2018-01-24 00:07:45','2018-01-24 00:07:45'),(1399,57484,'admin/purchase-order','Opened the purchase order page.','2018-01-24 00:12:28','2018-01-24 00:12:28'),(1400,57484,'admin/purchase-order','Opened the purchase order page.','2018-01-24 00:12:44','2018-01-24 00:12:44'),(1401,57484,'admin/purchase-order','Opened the purchase order page.','2018-01-24 00:15:10','2018-01-24 00:15:10'),(1402,57484,'admin/purchase-order','Opened the purchase order page.','2018-01-24 00:15:21','2018-01-24 00:15:21'),(1403,57484,'admin/purchase-order','Opened the purchase order page.','2018-01-24 00:20:11','2018-01-24 00:20:11'),(1404,57484,'admin/purchase-order','Opened the purchase order page.','2018-01-24 00:21:20','2018-01-24 00:21:20'),(1405,57484,'admin/purchase-order/add','Opened the purchase order page.','2018-01-24 00:21:42','2018-01-24 00:21:42'),(1406,57484,'admin/purchase-order/add','Added purchase order entry \"Mobile modem PO\" and id .68656','2018-01-24 00:22:28','2018-01-24 00:22:28'),(1407,57484,'admin/purchase-order','Opened the purchase order page.','2018-01-24 00:22:29','2018-01-24 00:22:29'),(1408,57484,'admin/purchase-order/add','Opened the purchase order page.','2018-01-24 00:22:34','2018-01-24 00:22:34'),(1409,57484,'admin/purchase-order/add','Added purchase order entry \"Wireless Adapters\" and id .68657','2018-01-24 00:23:39','2018-01-24 00:23:39'),(1410,57484,'admin/purchase-order','Opened the purchase order page.','2018-01-24 00:23:40','2018-01-24 00:23:40'),(1411,57484,'admin/purchase-order/add','Opened the purchase order page.','2018-01-24 00:24:25','2018-01-24 00:24:25'),(1412,57484,'admin/purchase-order/add','Added purchase order entry \"PO on wireless mouse\" and id .68658','2018-01-24 00:25:40','2018-01-24 00:25:40'),(1413,57484,'admin/purchase-order','Opened the purchase order page.','2018-01-24 00:25:41','2018-01-24 00:25:41'),(1414,57484,'admin/purchase-order/add','Opened the purchase order page.','2018-01-24 00:29:11','2018-01-24 00:29:11'),(1415,57484,'admin/purchase-order/add','Added purchase order entry \"Purchase order twenty five\" and id .68659','2018-01-24 00:29:30','2018-01-24 00:29:30'),(1416,57484,'admin/purchase-order','Opened the purchase order page.','2018-01-24 00:29:31','2018-01-24 00:29:31'),(1417,57484,'admin/purchase-order/add','Opened the purchase order page.','2018-01-24 00:30:14','2018-01-24 00:30:14'),(1418,57484,'admin/purchase-order/add','Added purchase order entry \"Purchase for VMware 360\" and id .68660','2018-01-24 00:30:40','2018-01-24 00:30:40'),(1419,57484,'admin/purchase-order','Opened the purchase order page.','2018-01-24 00:30:41','2018-01-24 00:30:41'),(1420,57484,'admin/purchase-order/add','Opened the purchase order page.','2018-01-24 00:30:55','2018-01-24 00:30:55'),(1421,57484,'admin/purchase-order/add','Opened the purchase order page.','2018-01-24 00:31:27','2018-01-24 00:31:27'),(1422,57484,'admin/purchase-order/add','Added purchase order entry \"360 Prezel License\" and id .68661','2018-01-24 00:31:39','2018-01-24 00:31:39'),(1423,57484,'admin/purchase-order','Opened the purchase order page.','2018-01-24 00:31:40','2018-01-24 00:31:40'),(1424,57484,'admin/purchase-order/add','Opened the purchase order page.','2018-01-24 00:32:01','2018-01-24 00:32:01'),(1425,57484,'admin/purchase-order/add','Added purchase order entry \"FPSO hardware communication PO\" and id .68662','2018-01-24 00:32:25','2018-01-24 00:32:25'),(1426,57484,'admin/purchase-order','Opened the purchase order page.','2018-01-24 00:32:25','2018-01-24 00:32:25'),(1427,57484,'admin/purchase-order','Opened the purchase order page.','2018-01-24 00:34:20','2018-01-24 00:34:20'),(1428,57484,'admin/purchase-order','Opened the purchase order page.','2018-01-24 00:37:05','2018-01-24 00:37:05'),(1429,57484,'admin/purchase-order','Opened the purchase order page.','2018-01-24 00:44:29','2018-01-24 00:44:29'),(1430,57484,'admin/purchase-order','Opened the purchase order page.','2018-01-24 00:46:47','2018-01-24 00:46:47'),(1431,57484,'admin/purchase-order','Opened the purchase order page.','2018-01-24 00:46:51','2018-01-24 00:46:51'),(1432,57484,'admin/purchase-order/edit/eyJpdiI6Ijh6b0ZJZ21vSHBYTlwvVjBkZVRwXC9Ldz09IiwidmFsdWUiOiJVamFFNCtKU3c2RlJMMDFnNERNSTh3PT0iLCJtYWMiOiI0Yzk1OWY0YTRmNDcxNjU4MzdlN2E2ZDViN2I0ZjcyNzU4NjljOWE4OTJkZDVlYTA2Mzk4MGZlNTJhZTBmYzgyIn0=','Opened the \"FPSO hardware communication PO\" purchase order page.','2018-01-24 00:48:18','2018-01-24 00:48:18'),(1433,57484,'admin/purchase-order/edit/eyJpdiI6Ijh6b0ZJZ21vSHBYTlwvVjBkZVRwXC9Ldz09IiwidmFsdWUiOiJVamFFNCtKU3c2RlJMMDFnNERNSTh3PT0iLCJtYWMiOiI0Yzk1OWY0YTRmNDcxNjU4MzdlN2E2ZDViN2I0ZjcyNzU4NjljOWE4OTJkZDVlYTA2Mzk4MGZlNTJhZTBmYzgyIn0=','Opened the \"FPSO hardware communication PO\" purchase order page.','2018-01-24 00:50:10','2018-01-24 00:50:10'),(1434,57484,'admin/purchase-order/edit/eyJpdiI6Ijh6b0ZJZ21vSHBYTlwvVjBkZVRwXC9Ldz09IiwidmFsdWUiOiJVamFFNCtKU3c2RlJMMDFnNERNSTh3PT0iLCJtYWMiOiI0Yzk1OWY0YTRmNDcxNjU4MzdlN2E2ZDViN2I0ZjcyNzU4NjljOWE4OTJkZDVlYTA2Mzk4MGZlNTJhZTBmYzgyIn0=','Opened the \"FPSO hardware communication PO\" purchase order page.','2018-01-24 00:50:44','2018-01-24 00:50:44'),(1435,57484,'admin/purchase-order/edit/eyJpdiI6Ijh6b0ZJZ21vSHBYTlwvVjBkZVRwXC9Ldz09IiwidmFsdWUiOiJVamFFNCtKU3c2RlJMMDFnNERNSTh3PT0iLCJtYWMiOiI0Yzk1OWY0YTRmNDcxNjU4MzdlN2E2ZDViN2I0ZjcyNzU4NjljOWE4OTJkZDVlYTA2Mzk4MGZlNTJhZTBmYzgyIn0=','Opened the \"FPSO hardware communication PO\" purchase order page.','2018-01-24 00:51:18','2018-01-24 00:51:18'),(1436,57484,'admin/purchase-order/edit/eyJpdiI6Ijh6b0ZJZ21vSHBYTlwvVjBkZVRwXC9Ldz09IiwidmFsdWUiOiJVamFFNCtKU3c2RlJMMDFnNERNSTh3PT0iLCJtYWMiOiI0Yzk1OWY0YTRmNDcxNjU4MzdlN2E2ZDViN2I0ZjcyNzU4NjljOWE4OTJkZDVlYTA2Mzk4MGZlNTJhZTBmYzgyIn0=','Opened the \"FPSO hardware communication PO\" purchase order page.','2018-01-24 00:51:58','2018-01-24 00:51:58'),(1437,57484,'admin/purchase-order/edit/eyJpdiI6Ijh6b0ZJZ21vSHBYTlwvVjBkZVRwXC9Ldz09IiwidmFsdWUiOiJVamFFNCtKU3c2RlJMMDFnNERNSTh3PT0iLCJtYWMiOiI0Yzk1OWY0YTRmNDcxNjU4MzdlN2E2ZDViN2I0ZjcyNzU4NjljOWE4OTJkZDVlYTA2Mzk4MGZlNTJhZTBmYzgyIn0=','Opened the \"FPSO hardware communication PO\" purchase order page.','2018-01-24 00:52:06','2018-01-24 00:52:06'),(1438,57484,'admin/purchase-order/edit/eyJpdiI6Ijh6b0ZJZ21vSHBYTlwvVjBkZVRwXC9Ldz09IiwidmFsdWUiOiJVamFFNCtKU3c2RlJMMDFnNERNSTh3PT0iLCJtYWMiOiI0Yzk1OWY0YTRmNDcxNjU4MzdlN2E2ZDViN2I0ZjcyNzU4NjljOWE4OTJkZDVlYTA2Mzk4MGZlNTJhZTBmYzgyIn0=','Opened the \"FPSO hardware communication PO\" purchase order page.','2018-01-24 00:52:55','2018-01-24 00:52:55'),(1439,57484,'admin/purchase-order/edit/eyJpdiI6Ijh6b0ZJZ21vSHBYTlwvVjBkZVRwXC9Ldz09IiwidmFsdWUiOiJVamFFNCtKU3c2RlJMMDFnNERNSTh3PT0iLCJtYWMiOiI0Yzk1OWY0YTRmNDcxNjU4MzdlN2E2ZDViN2I0ZjcyNzU4NjljOWE4OTJkZDVlYTA2Mzk4MGZlNTJhZTBmYzgyIn0=','Opened the \"FPSO hardware communication PO\" purchase order page.','2018-01-24 00:53:25','2018-01-24 00:53:25'),(1440,57484,'admin/purchase-order/edit/eyJpdiI6Ijh6b0ZJZ21vSHBYTlwvVjBkZVRwXC9Ldz09IiwidmFsdWUiOiJVamFFNCtKU3c2RlJMMDFnNERNSTh3PT0iLCJtYWMiOiI0Yzk1OWY0YTRmNDcxNjU4MzdlN2E2ZDViN2I0ZjcyNzU4NjljOWE4OTJkZDVlYTA2Mzk4MGZlNTJhZTBmYzgyIn0=','Opened the \"FPSO hardware communication PO\" purchase order page.','2018-01-24 00:53:54','2018-01-24 00:53:54'),(1441,57484,'admin/purchase-order/edit/eyJpdiI6Ijh6b0ZJZ21vSHBYTlwvVjBkZVRwXC9Ldz09IiwidmFsdWUiOiJVamFFNCtKU3c2RlJMMDFnNERNSTh3PT0iLCJtYWMiOiI0Yzk1OWY0YTRmNDcxNjU4MzdlN2E2ZDViN2I0ZjcyNzU4NjljOWE4OTJkZDVlYTA2Mzk4MGZlNTJhZTBmYzgyIn0=','Opened the \"FPSO hardware communication PO\" purchase order page.','2018-01-24 00:54:01','2018-01-24 00:54:01'),(1442,57484,'admin/purchase-order/edit/eyJpdiI6Ijh6b0ZJZ21vSHBYTlwvVjBkZVRwXC9Ldz09IiwidmFsdWUiOiJVamFFNCtKU3c2RlJMMDFnNERNSTh3PT0iLCJtYWMiOiI0Yzk1OWY0YTRmNDcxNjU4MzdlN2E2ZDViN2I0ZjcyNzU4NjljOWE4OTJkZDVlYTA2Mzk4MGZlNTJhZTBmYzgyIn0=','Opened the \"FPSO hardware communication PO\" purchase order page.','2018-01-24 00:54:16','2018-01-24 00:54:16'),(1443,57484,'admin/purchase-order/edit/eyJpdiI6Ijh6b0ZJZ21vSHBYTlwvVjBkZVRwXC9Ldz09IiwidmFsdWUiOiJVamFFNCtKU3c2RlJMMDFnNERNSTh3PT0iLCJtYWMiOiI0Yzk1OWY0YTRmNDcxNjU4MzdlN2E2ZDViN2I0ZjcyNzU4NjljOWE4OTJkZDVlYTA2Mzk4MGZlNTJhZTBmYzgyIn0=','Opened the \"FPSO hardware communication PO\" purchase order page.','2018-01-24 00:57:29','2018-01-24 00:57:29'),(1444,57484,'admin/purchase-order/edit/eyJpdiI6Ijh6b0ZJZ21vSHBYTlwvVjBkZVRwXC9Ldz09IiwidmFsdWUiOiJVamFFNCtKU3c2RlJMMDFnNERNSTh3PT0iLCJtYWMiOiI0Yzk1OWY0YTRmNDcxNjU4MzdlN2E2ZDViN2I0ZjcyNzU4NjljOWE4OTJkZDVlYTA2Mzk4MGZlNTJhZTBmYzgyIn0=','Opened the \"FPSO hardware communication PO\" purchase order page.','2018-01-24 01:00:17','2018-01-24 01:00:17'),(1445,57484,'admin/purchase-order/edit/eyJpdiI6Ijh6b0ZJZ21vSHBYTlwvVjBkZVRwXC9Ldz09IiwidmFsdWUiOiJVamFFNCtKU3c2RlJMMDFnNERNSTh3PT0iLCJtYWMiOiI0Yzk1OWY0YTRmNDcxNjU4MzdlN2E2ZDViN2I0ZjcyNzU4NjljOWE4OTJkZDVlYTA2Mzk4MGZlNTJhZTBmYzgyIn0=','Opened the \"FPSO hardware communication PO\" purchase order page.','2018-01-24 01:00:54','2018-01-24 01:00:54'),(1446,57484,'admin/purchase-order/edit/eyJpdiI6Ijh6b0ZJZ21vSHBYTlwvVjBkZVRwXC9Ldz09IiwidmFsdWUiOiJVamFFNCtKU3c2RlJMMDFnNERNSTh3PT0iLCJtYWMiOiI0Yzk1OWY0YTRmNDcxNjU4MzdlN2E2ZDViN2I0ZjcyNzU4NjljOWE4OTJkZDVlYTA2Mzk4MGZlNTJhZTBmYzgyIn0=','Opened the \"FPSO hardware communication PO\" purchase order page.','2018-01-24 01:01:16','2018-01-24 01:01:16'),(1447,57484,'admin/purchase-order/edit/eyJpdiI6Ijh6b0ZJZ21vSHBYTlwvVjBkZVRwXC9Ldz09IiwidmFsdWUiOiJVamFFNCtKU3c2RlJMMDFnNERNSTh3PT0iLCJtYWMiOiI0Yzk1OWY0YTRmNDcxNjU4MzdlN2E2ZDViN2I0ZjcyNzU4NjljOWE4OTJkZDVlYTA2Mzk4MGZlNTJhZTBmYzgyIn0=','Opened the \"FPSO hardware communication PO\" purchase order page.','2018-01-24 01:02:03','2018-01-24 01:02:03'),(1448,57484,'admin/purchase-order','Opened the purchase order page.','2018-01-24 01:02:09','2018-01-24 01:02:09'),(1449,57484,'admin/purchase-order/edit/eyJpdiI6IjhYMXREM3o3NGc5cnlNd0hac2xyblE9PSIsInZhbHVlIjoiTE1reHBmeUFmT29vOWVDM1wvMzB6ZVE9PSIsIm1hYyI6ImNjZWIxNTRmYWVhMDRjNDJhMGY2ZWE1Y2JmOTc3ZGQyNzgwMjg1ZmY4ODc2ZWY0ODViMmVhOTRkNzY2YjhkYjEifQ==','Opened the \"360 Prezel License\" purchase order page.','2018-01-24 01:02:14','2018-01-24 01:02:14'),(1450,57484,'admin/purchase-order/edit/eyJpdiI6IjhYMXREM3o3NGc5cnlNd0hac2xyblE9PSIsInZhbHVlIjoiTE1reHBmeUFmT29vOWVDM1wvMzB6ZVE9PSIsIm1hYyI6ImNjZWIxNTRmYWVhMDRjNDJhMGY2ZWE1Y2JmOTc3ZGQyNzgwMjg1ZmY4ODc2ZWY0ODViMmVhOTRkNzY2YjhkYjEifQ==','Opened the \"360 Prezel License\" purchase order page.','2018-01-24 01:03:45','2018-01-24 01:03:45'),(1451,57484,'admin/purchase-order/edit/eyJpdiI6IjhYMXREM3o3NGc5cnlNd0hac2xyblE9PSIsInZhbHVlIjoiTE1reHBmeUFmT29vOWVDM1wvMzB6ZVE9PSIsIm1hYyI6ImNjZWIxNTRmYWVhMDRjNDJhMGY2ZWE1Y2JmOTc3ZGQyNzgwMjg1ZmY4ODc2ZWY0ODViMmVhOTRkNzY2YjhkYjEifQ==','Opened the \"360 Prezel License\" purchase order page.','2018-01-24 01:03:52','2018-01-24 01:03:52'),(1452,57484,'admin/purchase-order/edit/eyJpdiI6IjhYMXREM3o3NGc5cnlNd0hac2xyblE9PSIsInZhbHVlIjoiTE1reHBmeUFmT29vOWVDM1wvMzB6ZVE9PSIsIm1hYyI6ImNjZWIxNTRmYWVhMDRjNDJhMGY2ZWE1Y2JmOTc3ZGQyNzgwMjg1ZmY4ODc2ZWY0ODViMmVhOTRkNzY2YjhkYjEifQ==','Opened the \"360 Prezel License\" purchase order page.','2018-01-24 01:05:13','2018-01-24 01:05:13'),(1453,57484,'admin/purchase-order/edit/eyJpdiI6IjhYMXREM3o3NGc5cnlNd0hac2xyblE9PSIsInZhbHVlIjoiTE1reHBmeUFmT29vOWVDM1wvMzB6ZVE9PSIsIm1hYyI6ImNjZWIxNTRmYWVhMDRjNDJhMGY2ZWE1Y2JmOTc3ZGQyNzgwMjg1ZmY4ODc2ZWY0ODViMmVhOTRkNzY2YjhkYjEifQ==','Opened the \"360 Prezel License\" purchase order page.','2018-01-24 01:06:26','2018-01-24 01:06:26'),(1454,57484,'admin/purchase-order/edit/eyJpdiI6IjhYMXREM3o3NGc5cnlNd0hac2xyblE9PSIsInZhbHVlIjoiTE1reHBmeUFmT29vOWVDM1wvMzB6ZVE9PSIsIm1hYyI6ImNjZWIxNTRmYWVhMDRjNDJhMGY2ZWE1Y2JmOTc3ZGQyNzgwMjg1ZmY4ODc2ZWY0ODViMmVhOTRkNzY2YjhkYjEifQ==','Opened the \"360 Prezel License\" purchase order page.','2018-01-24 01:07:03','2018-01-24 01:07:03'),(1455,57484,'admin/purchase-order/edit/eyJpdiI6IjhYMXREM3o3NGc5cnlNd0hac2xyblE9PSIsInZhbHVlIjoiTE1reHBmeUFmT29vOWVDM1wvMzB6ZVE9PSIsIm1hYyI6ImNjZWIxNTRmYWVhMDRjNDJhMGY2ZWE1Y2JmOTc3ZGQyNzgwMjg1ZmY4ODc2ZWY0ODViMmVhOTRkNzY2YjhkYjEifQ==','Opened the \"360 Prezel License\" purchase order page.','2018-01-24 01:07:34','2018-01-24 01:07:34'),(1456,57484,'admin/purchase-order/edit/eyJpdiI6IjhYMXREM3o3NGc5cnlNd0hac2xyblE9PSIsInZhbHVlIjoiTE1reHBmeUFmT29vOWVDM1wvMzB6ZVE9PSIsIm1hYyI6ImNjZWIxNTRmYWVhMDRjNDJhMGY2ZWE1Y2JmOTc3ZGQyNzgwMjg1ZmY4ODc2ZWY0ODViMmVhOTRkNzY2YjhkYjEifQ==','Opened the \"360 Prezel License\" purchase order page.','2018-01-24 01:08:34','2018-01-24 01:08:34'),(1457,57484,'admin/purchase-order/edit/eyJpdiI6IjhYMXREM3o3NGc5cnlNd0hac2xyblE9PSIsInZhbHVlIjoiTE1reHBmeUFmT29vOWVDM1wvMzB6ZVE9PSIsIm1hYyI6ImNjZWIxNTRmYWVhMDRjNDJhMGY2ZWE1Y2JmOTc3ZGQyNzgwMjg1ZmY4ODc2ZWY0ODViMmVhOTRkNzY2YjhkYjEifQ==','Opened the \"360 Prezel License\" purchase order page.','2018-01-24 01:08:56','2018-01-24 01:08:56'),(1458,57484,'admin/purchase-order/edit/eyJpdiI6IjhYMXREM3o3NGc5cnlNd0hac2xyblE9PSIsInZhbHVlIjoiTE1reHBmeUFmT29vOWVDM1wvMzB6ZVE9PSIsIm1hYyI6ImNjZWIxNTRmYWVhMDRjNDJhMGY2ZWE1Y2JmOTc3ZGQyNzgwMjg1ZmY4ODc2ZWY0ODViMmVhOTRkNzY2YjhkYjEifQ==','Opened the \"360 Prezel License\" purchase order page.','2018-01-24 01:09:02','2018-01-24 01:09:02'),(1459,57484,'admin/purchase-order/edit/eyJpdiI6IjhYMXREM3o3NGc5cnlNd0hac2xyblE9PSIsInZhbHVlIjoiTE1reHBmeUFmT29vOWVDM1wvMzB6ZVE9PSIsIm1hYyI6ImNjZWIxNTRmYWVhMDRjNDJhMGY2ZWE1Y2JmOTc3ZGQyNzgwMjg1ZmY4ODc2ZWY0ODViMmVhOTRkNzY2YjhkYjEifQ==','Opened the \"360 Prezel License\" purchase order page.','2018-01-24 01:09:45','2018-01-24 01:09:45'),(1460,57484,'admin/purchase-order/edit/eyJpdiI6IjhYMXREM3o3NGc5cnlNd0hac2xyblE9PSIsInZhbHVlIjoiTE1reHBmeUFmT29vOWVDM1wvMzB6ZVE9PSIsIm1hYyI6ImNjZWIxNTRmYWVhMDRjNDJhMGY2ZWE1Y2JmOTc3ZGQyNzgwMjg1ZmY4ODc2ZWY0ODViMmVhOTRkNzY2YjhkYjEifQ==','Opened the \"360 Prezel License\" purchase order page.','2018-01-24 01:12:00','2018-01-24 01:12:00'),(1461,57484,'admin/purchase-order/edit/eyJpdiI6IjhYMXREM3o3NGc5cnlNd0hac2xyblE9PSIsInZhbHVlIjoiTE1reHBmeUFmT29vOWVDM1wvMzB6ZVE9PSIsIm1hYyI6ImNjZWIxNTRmYWVhMDRjNDJhMGY2ZWE1Y2JmOTc3ZGQyNzgwMjg1ZmY4ODc2ZWY0ODViMmVhOTRkNzY2YjhkYjEifQ==','Opened the \"360 Prezel License\" purchase order page.','2018-01-24 01:12:19','2018-01-24 01:12:19'),(1462,57484,'admin/purchase-order/edit/eyJpdiI6IjhYMXREM3o3NGc5cnlNd0hac2xyblE9PSIsInZhbHVlIjoiTE1reHBmeUFmT29vOWVDM1wvMzB6ZVE9PSIsIm1hYyI6ImNjZWIxNTRmYWVhMDRjNDJhMGY2ZWE1Y2JmOTc3ZGQyNzgwMjg1ZmY4ODc2ZWY0ODViMmVhOTRkNzY2YjhkYjEifQ==','Opened the \"360 Prezel License\" purchase order page.','2018-01-24 01:12:25','2018-01-24 01:12:25'),(1463,57484,'admin/purchase-order/edit/eyJpdiI6IjhYMXREM3o3NGc5cnlNd0hac2xyblE9PSIsInZhbHVlIjoiTE1reHBmeUFmT29vOWVDM1wvMzB6ZVE9PSIsIm1hYyI6ImNjZWIxNTRmYWVhMDRjNDJhMGY2ZWE1Y2JmOTc3ZGQyNzgwMjg1ZmY4ODc2ZWY0ODViMmVhOTRkNzY2YjhkYjEifQ==','Opened the \"360 Prezel License\" purchase order page.','2018-01-24 01:14:41','2018-01-24 01:14:41'),(1464,57484,'admin/purchase-order/add','Added purchase order entry \"360 Prezel License\" and id .68663','2018-01-24 01:17:32','2018-01-24 01:17:32'),(1465,57484,'admin/purchase-order','Opened the purchase order page.','2018-01-24 01:17:33','2018-01-24 01:17:33'),(1466,57484,'admin/purchase-order','Opened the purchase order page.','2018-01-24 01:22:12','2018-01-24 01:22:12'),(1467,57484,'admin/purchase-order/delete','Deleted \"360 Prezel License\" purchase order which had id: 68663','2018-01-24 01:22:21','2018-01-24 01:22:21'),(1468,57484,'admin/purchase-order','Opened the purchase order page.','2018-01-24 01:22:27','2018-01-24 01:22:27'),(1469,57484,'admin/purchase-order/edit/eyJpdiI6Iks0c29yTVlpOHRqazBiTzRnckdBUVE9PSIsInZhbHVlIjoiK1RRdkxmcG14OFFlXC90bE9zZjl2YUE9PSIsIm1hYyI6Ijg1NzdhYjg0MTRmOWVhNzQ2Y2Y2MWNjYTBjY2I3OWExY2QzODYzOWE1OWVjZDMzMzQ0NWUyZDg1NGNkMDI5YmYifQ==','Opened the \"360 Prezel License\" purchase order page.','2018-01-24 01:22:32','2018-01-24 01:22:32'),(1470,57484,'admin/purchase-order/edit/eyJpdiI6Iks0c29yTVlpOHRqazBiTzRnckdBUVE9PSIsInZhbHVlIjoiK1RRdkxmcG14OFFlXC90bE9zZjl2YUE9PSIsIm1hYyI6Ijg1NzdhYjg0MTRmOWVhNzQ2Y2Y2MWNjYTBjY2I3OWExY2QzODYzOWE1OWVjZDMzMzQ0NWUyZDg1NGNkMDI5YmYifQ==','Opened the \"360 Prezel License\" purchase order page.','2018-01-24 01:35:16','2018-01-24 01:35:16'),(1471,57484,'admin/purchase-order/edit/eyJpdiI6IjRsdlAxcjJ3RmUxck5OcHJLUkFmZHc9PSIsInZhbHVlIjoibzdjZVdcL1NoMVRYd0ZvV1o2N1o5VVE9PSIsIm1hYyI6IjAyZDA5NTdhMzg0MjQ3YjFmY2UxMjFiYzkwNTZiODcxZDM5ODQ0YTgyN2JlOTM5NTllYTQ4YzE2MWYyYjE4ZDgifQ==','Opened the \"360 Prezel License\" purchase order page.','2018-01-24 01:36:37','2018-01-24 01:36:37'),(1472,57484,'admin/purchase-order/edit/eyJpdiI6IlBCQ1pMMmdqWlhkUEJ5Qlc0dVlIZUE9PSIsInZhbHVlIjoid3pZVENQXC9yOWl2WlI3bGtRaHNSZFE9PSIsIm1hYyI6ImNkM2Y5MGZlYWE1YTdhY2E4MzU4MDhiMTQ5NTBkZTQxNTIxZWExN2Q5ODYxYzU0NjE1ZDg5MDE0NjFkYmExNzUifQ==','Opened the \"360 Prezel License\" purchase order page.','2018-01-24 01:37:31','2018-01-24 01:37:31'),(1473,57484,'admin/purchase-order/edit/eyJpdiI6IlBCQ1pMMmdqWlhkUEJ5Qlc0dVlIZUE9PSIsInZhbHVlIjoid3pZVENQXC9yOWl2WlI3bGtRaHNSZFE9PSIsIm1hYyI6ImNkM2Y5MGZlYWE1YTdhY2E4MzU4MDhiMTQ5NTBkZTQxNTIxZWExN2Q5ODYxYzU0NjE1ZDg5MDE0NjFkYmExNzUifQ==','Opened the \"360 Prezel License\" purchase order page.','2018-01-24 01:37:51','2018-01-24 01:37:51'),(1474,57484,'admin/purchase-order/edit/eyJpdiI6Im9IZklXQWJPdVBGZnlNa3MzMU56ZEE9PSIsInZhbHVlIjoiWmMzZUhldERDSkpiV09hSEF1ZEw1QT09IiwibWFjIjoiMjNkOTE5NTRhZTA1NWFkY2FhMzg2MDIwYTdhMDU1ZmFmYzU4OGZjMWY5N2ZkNzM5ODM3ZTRlMTkyOTQ5MWM1YyJ9','Opened the \"360 Prezel License\" purchase order page.','2018-01-24 01:39:05','2018-01-24 01:39:05'),(1475,57484,'admin/purchase-order/edit/eyJpdiI6Im9IZklXQWJPdVBGZnlNa3MzMU56ZEE9PSIsInZhbHVlIjoiWmMzZUhldERDSkpiV09hSEF1ZEw1QT09IiwibWFjIjoiMjNkOTE5NTRhZTA1NWFkY2FhMzg2MDIwYTdhMDU1ZmFmYzU4OGZjMWY5N2ZkNzM5ODM3ZTRlMTkyOTQ5MWM1YyJ9','Opened the \"360 Prezel License\" purchase order page.','2018-01-24 01:39:13','2018-01-24 01:39:13'),(1476,57484,'admin/purchase-order/edit/eyJpdiI6IlhKdkZKYkRPMDhLelJiS1NLQUx2VWc9PSIsInZhbHVlIjoiOGZKZEpQU29LSzRsREhUc0dyRlJkQT09IiwibWFjIjoiM2FlZTZjNGM4ZjY0ZTY2Nzk4YmY3YjBmN2Y2ODJlNzI2ODNhY2JlNzVkMTdhZDcyYWEzMWE1MzVhZDAzYjc0MyJ9','Updated purchase order entry from \"360 Prezel License\" to \"360 Prezel License\"; on ID: 68661','2018-01-24 01:39:47','2018-01-24 01:39:47'),(1477,57484,'admin/purchase-order','Opened the purchase order page.','2018-01-24 01:39:48','2018-01-24 01:39:48'),(1478,57484,'admin/purchase-order/edit/eyJpdiI6ImIxWjFWNGZENWFhbDZSWThuTEhDT2c9PSIsInZhbHVlIjoiYW9cL0l1bWk4cFNGdzBqZWpTalZ5UWc9PSIsIm1hYyI6IjUxZmFiNGE3ZTMwOWIyMGU1Yjk1OTE5YjIwYmZiZDdlMjhmNjM1YThmZDZkNDk0MmUyNjY4YTVlN2E1NzliNzMifQ==','Opened the \"360 Prezel License\" purchase order page.','2018-01-24 01:39:59','2018-01-24 01:39:59'),(1479,57484,'admin/purchase-order/edit/eyJpdiI6Iko0bzhGT1o0aFJLQTdTY1JDZzErbmc9PSIsInZhbHVlIjoiN240WHJ4ZVBUWE1sTzFcL3VveDJ2aVE9PSIsIm1hYyI6IjRlM2ZkMjM3YThkM2M5YmM3Y2Y4ZjYxMDBjM2I1Zjk2NDU1NWQwZWI2NGI3MjA4YTAwODEzNWNmMDRmZjljYTkifQ==','Updated purchase order entry from \"360 Prezel License\" to \"360 Prezel License\"; on ID: 68661','2018-01-24 01:40:08','2018-01-24 01:40:08'),(1480,57484,'admin/purchase-order','Opened the purchase order page.','2018-01-24 01:40:09','2018-01-24 01:40:09'),(1481,57484,'admin/purchase-order','Opened the purchase order page.','2018-01-24 01:42:43','2018-01-24 01:42:43'),(1482,57484,'admin/purchase-order/edit/eyJpdiI6IlBEdE1WWVgxSUFKYmd5NzNTUHlYdXc9PSIsInZhbHVlIjoiV3hzN0ZjUjBMV3dESUJNV2V1V3Ewdz09IiwibWFjIjoiYTZjNzliMjZiODE2ZWQ5ZGNkNDc1Njk0YWNmZjljMTdkYzA2MTU4ZDFjODQxMjIzYTAxYjAyMzI5NjZiNjMxZSJ9','Opened the \"FPSO hardware communication PO\" purchase order page.','2018-01-24 01:42:49','2018-01-24 01:42:49'),(1483,57484,'admin/purchase-order/edit/eyJpdiI6ImlpaTBvcVdOOUU4ZXZzVmpzc2JiUEE9PSIsInZhbHVlIjoiUThNemJGRklNOVNGczlcL3NOc2FKT0E9PSIsIm1hYyI6ImFiNmM2NGI3NjM4MGEyY2U2OTAwNWQwMTYxNDk1MjUyYTY1N2U5MWU3ZTBhZGI3ZGIwYzhjOTRiNWU0ZTU4ZDUifQ==','Updated purchase order entry from \"FPSO hardware communication PO\" to \"FPSO hardware communication PO\"; on ID: 68662','2018-01-24 01:43:39','2018-01-24 01:43:39'),(1484,57484,'admin/purchase-order','Opened the purchase order page.','2018-01-24 01:43:40','2018-01-24 01:43:40'),(1485,57484,'admin/purchase-order/edit/eyJpdiI6IjNNV2VDRXAyb1J2dU93SE5obGt2b0E9PSIsInZhbHVlIjoiYzhmRGpvTGZkWmlOSklCeEZrdG9xZz09IiwibWFjIjoiMjk4NmMwNmE4ZDlhNzA2NWE1ZDc5Nzk1N2E0YjZiNTdiODg3NmJiNDYwNDMwYTE3YjM4ZjAwMmZmZWY4M2YzZCJ9','Opened the \"FPSO hardware communication PO\" purchase order page.','2018-01-24 01:45:03','2018-01-24 01:45:03'),(1486,57484,'admin/purchase-order/edit/eyJpdiI6IlI5ZUIxWkgza3RqV1lNYkRKTFc1VXc9PSIsInZhbHVlIjoiN1wvY0N5cGQrMGZWUDQ3bTVUNml4RkE9PSIsIm1hYyI6Ijc4ODA4YTU0YjYxY2RmNGYwNWQ0MzJlYjk2NTNlMTM5NjcyYzgxNjVhMTEwNzc2NmRjYzFhYmQyNjQxYWE5NDAifQ==','Updated purchase order entry from \"FPSO hardware communication PO\" to \"FPSO hardware communication PO\"; on ID: 68662','2018-01-24 01:46:11','2018-01-24 01:46:11'),(1487,57484,'admin/purchase-order','Opened the purchase order page.','2018-01-24 01:46:12','2018-01-24 01:46:12'),(1488,57484,'admin/purchase-order/edit/eyJpdiI6Imwxd0RsSUdMSUc4bHJZR3EyWTFwT2c9PSIsInZhbHVlIjoibmg0emZQUEdmUzFWZlJcL2c4S0R3WHc9PSIsIm1hYyI6ImNkM2VjYTg5OTY3NmU0ZjZkNzk4ZjZjMjhiMDA5MGZmMjNiMzA2MDU5NGZmZDIwZWEwNjNkNzMwOTEwOWRkNWIifQ==','Opened the \"FPSO hardware communication PO\" purchase order page.','2018-01-24 01:47:22','2018-01-24 01:47:22'),(1489,57484,'admin/purchase-order/edit/eyJpdiI6IjZaQUV3VFwvNU93NjM4aDlBbFU1R0lRPT0iLCJ2YWx1ZSI6IndDSXBRMWorb1VpT0tyb001alBFRHc9PSIsIm1hYyI6ImZhYjNhNDEzMDg1NzA4YjhmNTk2MzI4ODljM2M0MDYyOTRiMDY4ZGJmMDUzM2RjOTZiMDBkMDAzMTYyOGNiZGYifQ==','Updated purchase order entry from \"FPSO hardware communication PO\" to \"FPSO hardware communication PO\"; on ID: 68662','2018-01-24 01:47:29','2018-01-24 01:47:29'),(1490,57484,'admin/purchase-order','Opened the purchase order page.','2018-01-24 01:47:30','2018-01-24 01:47:30'),(1491,57484,'admin/purchase-order/edit/eyJpdiI6Img3WGtlc0dmY3VSS2haQ0J1bnpjZEE9PSIsInZhbHVlIjoiYTNFNnRlbElLWjA2bzJQTE1JVzVNQT09IiwibWFjIjoiOGI4MGY3ZmU2MGNiMmE4MzEwNzg4NjhlMGMxMDlhODQ1ZTE3ODBhOWVlYjgwZjBhOGE3MDgxMWMwNGRmMDkxNSJ9','Opened the \"FPSO hardware communication PO\" purchase order page.','2018-01-24 01:51:02','2018-01-24 01:51:02'),(1492,57484,'admin/purchase-order/edit/eyJpdiI6InhaTTVVejUyWkM5U0JQMmcrYzJZakE9PSIsInZhbHVlIjoiTDZGdGdYS0dGWnNUdXdWaDJ3azlQdz09IiwibWFjIjoiZWIyYmMwZDg1ZmEzNWIxZGM5N2IwOTU3NDliZTQ3YWY0MDkzNWQ1Njg3MTA3YTgzYWM1YTI5ZjNkYmM0ZTlkZCJ9','Updated purchase order entry from \"FPSO hardware communication PO\" to \"FPSO hardware communication PO\"; on ID: 68662','2018-01-24 01:51:11','2018-01-24 01:51:11'),(1493,57484,'admin/purchase-order','Opened the purchase order page.','2018-01-24 01:51:12','2018-01-24 01:51:12'),(1494,57484,'admin/purchase-order/edit/eyJpdiI6ImU0SzZjUVo2azJXZlpqajZ4MGNZbWc9PSIsInZhbHVlIjoiM05haEx2WFRiSnZhc2FvYkZ0TGVqUT09IiwibWFjIjoiZGZhMDI4MTA2Y2ExMWQxOTVlZDA2ZmJlNjc4OTdkNWY5YWY5ZGM3NDIxMjkxMmNjZjcwMGM1NTQ4MmI5Y2YyMSJ9','Opened the \"FPSO hardware communication PO\" purchase order page.','2018-01-24 01:52:36','2018-01-24 01:52:36'),(1495,57484,'admin/purchase-order/edit/eyJpdiI6InRmWXNCeW5HVFhzTHphaGJxbFJLUWc9PSIsInZhbHVlIjoibnEwNFwvTkFHTVBPYWlYYzliUkt6dFE9PSIsIm1hYyI6IjE3YmJkMWY2ODdhZTZkZTdhY2Q4MWNmYjcwNDRhMmVlNGE0N2E2NDBiNmFhNjU2NzBjNjY4ZmIwZTQ0ZTUxNjQifQ==','Opened the \"FPSO hardware communication PO\" purchase order page.','2018-01-24 01:55:52','2018-01-24 01:55:52'),(1496,57484,'admin/purchase-order/edit/eyJpdiI6IjlNVFwvNUh0SGZkbWdpXC9jK2g5WG42UT09IiwidmFsdWUiOiJTa0FlQmEzRTVna3pxNmVvOGFGQWhBPT0iLCJtYWMiOiJhNTRkMTYzN2UwM2U3MjkzMzc2ODc0Y2U5MGVkZDlkYWI3NGI2ZmJjYmJlZTAxMjZjZWUyNjdkYjhjYTI1NjVlIn0=','Opened the \"FPSO hardware communication PO\" purchase order page.','2018-01-24 01:57:20','2018-01-24 01:57:20'),(1497,57484,'admin/purchase-order/edit/eyJpdiI6IjB3RTlkR1lnVlFKbHU5RWpXRFdRVXc9PSIsInZhbHVlIjoiSmVrSXB6T1FXVnVcL09cL05lOVVJc29nPT0iLCJtYWMiOiIzMWFkZjZkZGIyNTQ2NGVhMzk5M2Q2ZDRiODhkYzhlMzc5MTE1ZWJlOTkxMzliNmQ4ZWE1OTkwZjllOTgxMTlkIn0=','Updated purchase order entry from \"FPSO hardware communication PO\" to \"FPSO hardware communication PO\", updated the purchase order file, updated the delivery note file; on ID: 68662','2018-01-24 01:57:41','2018-01-24 01:57:41'),(1498,57484,'admin/purchase-order','Opened the purchase order page.','2018-01-24 01:57:42','2018-01-24 01:57:42'),(1499,57484,'admin/purchase-order','Opened the purchase order page.','2018-01-24 01:58:33','2018-01-24 01:58:33'),(1500,57484,'admin/purchase-order/edit/eyJpdiI6IlhETzdSZ1gyRlwvd0hPN3ltaGRQRzNRPT0iLCJ2YWx1ZSI6Impua3FPTFwvbmQ2djRjdGxkS0RPcnBRPT0iLCJtYWMiOiI2NWZhNGM1Yzg3MzZkYzZjZGUzMTkxNjIzMmQ3YjgzMDdjODk1MjI2MjJiZGIwY2Y4YzNjMDgzYjdhOGFhMTU3In0=','Opened the \"360 Prezel License\" purchase order page.','2018-01-24 01:59:01','2018-01-24 01:59:01'),(1501,57484,'admin/purchase-order/edit/eyJpdiI6Ik1NdkFSenNYYWZXaVEzTnE4Rm9ENHc9PSIsInZhbHVlIjoidldIZkV2a0lhT3hrRHRTSWE0dndiZz09IiwibWFjIjoiNjAwZDIwNTgxMThlNzVjZGFkNTFkZWQ3MmFjOGM2MWIzMDk2N2Q4MjVmNWQxOGYyYWE1ZGRjYWVjMjk3MzIzOCJ9','Updated purchase order entry from \"360 Prezel License\" to \"360 Prezel License\"; on ID: 68661','2018-01-24 01:59:09','2018-01-24 01:59:09'),(1502,57484,'admin/purchase-order','Opened the purchase order page.','2018-01-24 01:59:09','2018-01-24 01:59:09'),(1503,57484,'admin/purchase-order/edit/eyJpdiI6IkRrYUJuSmpLV1ZaekVJNzB6ZDdcL1d3PT0iLCJ2YWx1ZSI6InJlb2NLRkg0OHNsTlY2dEpBZkxSZWc9PSIsIm1hYyI6IjAwYzk3OTFjNjlkMDJiYTcxYjZkY2VjMDhkODUyODg5ZjQyYWI3NjI1MTgxYTliMjYyNWQ1NzM3MjYzMGNkNjMifQ==','Opened the \"Purchase order twenty five\" purchase order page.','2018-01-24 01:59:15','2018-01-24 01:59:15'),(1504,57484,'admin/purchase-order/edit/eyJpdiI6IktHMkZvWHNGXC9lQmZXMmcyK3gwc0JnPT0iLCJ2YWx1ZSI6IkV0RElCY2NZXC83YVpIYXZJOUdYVGh3PT0iLCJtYWMiOiI2YzRlZmE1MGJmZGY5MzVhNGJkYjQ2OTgwMzIwNTUxZjMxOTg4NGE4MWE0MDI1OTkzZGUwMjc5NzhlMGRhYzAyIn0=','Updated purchase order entry from \"Purchase order twenty five\" to \"Purchase order twenty five\"; on ID: 68659','2018-01-24 01:59:22','2018-01-24 01:59:22'),(1505,57484,'admin/purchase-order','Opened the purchase order page.','2018-01-24 01:59:22','2018-01-24 01:59:22'),(1506,57484,'admin/purchase-order','Opened the purchase order page.','2018-01-24 02:07:28','2018-01-24 02:07:28'),(1507,57484,'admin/purchase-order','Opened the purchase order page.','2018-01-24 02:07:47','2018-01-24 02:07:47'),(1508,57484,'admin/purchase-order','Opened the purchase order page.','2018-01-24 02:10:32','2018-01-24 02:10:32'),(1509,57484,'admin/purchase-order','Opened the purchase order page.','2018-01-24 02:11:42','2018-01-24 02:11:42'),(1510,57484,'admin/purchase-order','Opened the purchase order page.','2018-01-24 02:11:56','2018-01-24 02:11:56'),(1511,57484,'admin/purchase-order','Opened the purchase order page.','2018-01-24 02:15:30','2018-01-24 02:15:30'),(1512,57484,'admin/purchase-order','Opened the purchase order page.','2018-01-24 02:15:56','2018-01-24 02:15:56'),(1513,57484,'admin/purchase-order','Opened the purchase order page.','2018-01-24 02:16:13','2018-01-24 02:16:13'),(1514,57484,'admin/purchase-order','Opened the purchase order page.','2018-01-24 02:16:39','2018-01-24 02:16:39'),(1515,57484,'admin/purchase-order/add','Opened the purchase order page.','2018-01-24 02:18:03','2018-01-24 02:18:03'),(1516,57484,'admin/purchase-order','Opened the purchase order page.','2018-01-24 02:18:26','2018-01-24 02:18:26'),(1517,57484,'admin/purchase-order','Opened the purchase order page.','2018-01-24 02:19:24','2018-01-24 02:19:24'),(1518,57484,'admin/inventory','Opened the items page.','2018-01-24 02:21:32','2018-01-24 02:21:32'),(1519,57484,'admin/inventory/edit','Updated inventory item serial-no from \"3CM733096K\" to \"3CM733096K\",\n				and from \"27es Display Screen\" type to \"27es Display Screen\",\n				with id .2','2018-01-24 02:21:45','2018-01-24 02:21:45'),(1520,57484,'admin/inventory','Opened the items page.','2018-01-24 02:21:46','2018-01-24 02:21:46'),(1521,57484,'admin/inventory','Opened the items page.','2018-01-24 02:23:09','2018-01-24 02:23:09'),(1522,57484,'admin/inventory','Opened the items page.','2018-01-24 02:27:32','2018-01-24 02:27:32'),(1523,57484,'admin/inventory/edit','Updated inventory item serial-no from \"3CM733096K\" to \"3CM733096K\", \n				from \"27es Display Screen\" type to \"27es Display Screen\",\n				and from \"360 Prezel License\" purchase order to \"360 Prezel License\", \n				with id .2','2018-01-24 02:31:39','2018-01-24 02:31:39'),(1524,57484,'admin/inventory','Opened the items page.','2018-01-24 02:31:39','2018-01-24 02:31:39'),(1525,57484,'admin/inventory','Opened the items page.','2018-01-24 02:32:29','2018-01-24 02:32:29'),(1526,57484,'admin/inventory/add','Added inventory with serial number \"DSFGDGDFGDFGER\" and id .11','2018-01-24 02:33:31','2018-01-24 02:33:31'),(1527,57484,'admin/inventory','Opened the items page.','2018-01-24 02:33:32','2018-01-24 02:33:32'),(1528,57484,'admin/inventory/delete','Deleted \"Color Laser Jet Pro MFP M477w\" with serial number \"DSFGDGDFGDFGER\" from the inventory which had id: 11','2018-01-24 02:33:39','2018-01-24 02:33:39'),(1529,57484,'admin/inventory/show/eyJpdiI6ImkyNnkremxsVDNYZUFobEd3Ynl1OXc9PSIsInZhbHVlIjoiUVhnZnFoa2RiRTVtd3lHd1NabkFoQT09IiwibWFjIjoiOWE3MjI4NTdlYmZjOTdkMjdlYWQ4OTFmYzQ1ZDI3YTJmOWE5MjQ1MGNlODNhNzA3NGVmNmQ0MTIwZTE1YjA4NyJ9','Opened the 27es Display Screen (#3CM733096K) inventory page.','2018-01-24 02:33:45','2018-01-24 02:33:45'),(1530,57484,'admin/purchase-order','Opened the purchase order page.','2018-01-24 02:33:59','2018-01-24 02:33:59'),(1531,57484,'admin/purchase-order','Opened the purchase order page.','2018-01-24 03:55:09','2018-01-24 03:55:09'),(1532,57484,'admin/purchase-order/view/eyJpdiI6InBVVU1mN050MWxNOFdIRThIWWdLSXc9PSIsInZhbHVlIjoiaXVhQ1B1VkViMXBiNGFsN1lVSGlyQT09IiwibWFjIjoiZmVmNWIwN2VjOTY0MWUxYzI3OWZmMzQwZTY0ODlkMjlhMzUxOGI1MDY5MDc1ZDcyNDBmNWE2Njc5ZTk4MDVhMSJ9','RESTRICTED! Tried to access the purchase order page','2018-01-24 03:55:56','2018-01-24 03:55:56'),(1533,57484,'admin/purchase-order/view/eyJpdiI6InBVVU1mN050MWxNOFdIRThIWWdLSXc9PSIsInZhbHVlIjoiaXVhQ1B1VkViMXBiNGFsN1lVSGlyQT09IiwibWFjIjoiZmVmNWIwN2VjOTY0MWUxYzI3OWZmMzQwZTY0ODlkMjlhMzUxOGI1MDY5MDc1ZDcyNDBmNWE2Njc5ZTk4MDVhMSJ9','RESTRICTED! Tried to access the purchase order page','2018-01-24 03:57:29','2018-01-24 03:57:29'),(1534,57484,'admin/purchase-order','Opened the purchase order page.','2018-01-24 03:57:29','2018-01-24 03:57:29'),(1535,57484,'admin/purchase-order','Opened the purchase order page.','2018-01-24 03:58:20','2018-01-24 03:58:20'),(1536,57484,'admin/purchase-order/view/eyJpdiI6InhwK3FHSGpZWTBmMU9zQ3VmZnN0NHc9PSIsInZhbHVlIjoienF0UXJnTU94ZUh2OGlQV3pWdUY0QT09IiwibWFjIjoiMzE3ODhjYjhlM2VjMzRkYTAxMWI3MDM2YjlkODNkYmRhOTFjZjY1Yjg5NjNiOTlkNjkwOWJhYTUyYzE1Zjc5MiJ9','Opened the FPSO hardware communication PO purchase order page.','2018-01-24 03:58:26','2018-01-24 03:58:26'),(1537,57484,'admin/purchase-order/view/eyJpdiI6InhwK3FHSGpZWTBmMU9zQ3VmZnN0NHc9PSIsInZhbHVlIjoienF0UXJnTU94ZUh2OGlQV3pWdUY0QT09IiwibWFjIjoiMzE3ODhjYjhlM2VjMzRkYTAxMWI3MDM2YjlkODNkYmRhOTFjZjY1Yjg5NjNiOTlkNjkwOWJhYTUyYzE1Zjc5MiJ9','Opened the FPSO hardware communication PO purchase order page.','2018-01-24 03:59:14','2018-01-24 03:59:14'),(1538,57484,'admin/purchase-order/view/eyJpdiI6InhwK3FHSGpZWTBmMU9zQ3VmZnN0NHc9PSIsInZhbHVlIjoienF0UXJnTU94ZUh2OGlQV3pWdUY0QT09IiwibWFjIjoiMzE3ODhjYjhlM2VjMzRkYTAxMWI3MDM2YjlkODNkYmRhOTFjZjY1Yjg5NjNiOTlkNjkwOWJhYTUyYzE1Zjc5MiJ9','Opened the FPSO hardware communication PO purchase order page.','2018-01-24 03:59:35','2018-01-24 03:59:35'),(1539,57484,'admin/purchase-order/view/eyJpdiI6InhwK3FHSGpZWTBmMU9zQ3VmZnN0NHc9PSIsInZhbHVlIjoienF0UXJnTU94ZUh2OGlQV3pWdUY0QT09IiwibWFjIjoiMzE3ODhjYjhlM2VjMzRkYTAxMWI3MDM2YjlkODNkYmRhOTFjZjY1Yjg5NjNiOTlkNjkwOWJhYTUyYzE1Zjc5MiJ9','Opened the FPSO hardware communication PO purchase order page.','2018-01-24 04:00:33','2018-01-24 04:00:33'),(1540,57484,'admin/purchase-order/view/eyJpdiI6InhwK3FHSGpZWTBmMU9zQ3VmZnN0NHc9PSIsInZhbHVlIjoienF0UXJnTU94ZUh2OGlQV3pWdUY0QT09IiwibWFjIjoiMzE3ODhjYjhlM2VjMzRkYTAxMWI3MDM2YjlkODNkYmRhOTFjZjY1Yjg5NjNiOTlkNjkwOWJhYTUyYzE1Zjc5MiJ9','Opened the FPSO hardware communication PO purchase order page.','2018-01-24 04:01:10','2018-01-24 04:01:10'),(1541,57484,'admin/purchase-order/view/eyJpdiI6InhwK3FHSGpZWTBmMU9zQ3VmZnN0NHc9PSIsInZhbHVlIjoienF0UXJnTU94ZUh2OGlQV3pWdUY0QT09IiwibWFjIjoiMzE3ODhjYjhlM2VjMzRkYTAxMWI3MDM2YjlkODNkYmRhOTFjZjY1Yjg5NjNiOTlkNjkwOWJhYTUyYzE1Zjc5MiJ9','Opened the FPSO hardware communication PO purchase order page.','2018-01-24 04:01:58','2018-01-24 04:01:58'),(1542,57484,'admin/purchase-order/view/eyJpdiI6InhwK3FHSGpZWTBmMU9zQ3VmZnN0NHc9PSIsInZhbHVlIjoienF0UXJnTU94ZUh2OGlQV3pWdUY0QT09IiwibWFjIjoiMzE3ODhjYjhlM2VjMzRkYTAxMWI3MDM2YjlkODNkYmRhOTFjZjY1Yjg5NjNiOTlkNjkwOWJhYTUyYzE1Zjc5MiJ9','Opened the FPSO hardware communication PO purchase order page.','2018-01-24 04:02:23','2018-01-24 04:02:23'),(1543,57484,'admin/purchase-order/view/eyJpdiI6InhwK3FHSGpZWTBmMU9zQ3VmZnN0NHc9PSIsInZhbHVlIjoienF0UXJnTU94ZUh2OGlQV3pWdUY0QT09IiwibWFjIjoiMzE3ODhjYjhlM2VjMzRkYTAxMWI3MDM2YjlkODNkYmRhOTFjZjY1Yjg5NjNiOTlkNjkwOWJhYTUyYzE1Zjc5MiJ9','Opened the FPSO hardware communication PO purchase order page.','2018-01-24 04:04:00','2018-01-24 04:04:00'),(1544,57484,'admin/purchase-order','Opened the purchase order page.','2018-01-24 04:07:04','2018-01-24 04:07:04'),(1545,57484,'admin/purchase-order/edit/eyJpdiI6IlJ2amFRXC9yVGtvSDloYUZCR21sV2JnPT0iLCJ2YWx1ZSI6IkJ3TElabHpTOFBHam5wUTNvTWJTa2c9PSIsIm1hYyI6IjYzOGYwZjE0MDFhMzhmMzQxZTg5MjU0OWFkYTA0MTc0NTQxYjU5NzA0Nzc0NDJlODcwNjBlNzVmOWM4ZDBmZWMifQ==','Opened the \"FPSO hardware communication PO\" purchase order page.','2018-01-24 04:07:09','2018-01-24 04:07:09'),(1546,57484,'admin/purchase-order/edit/eyJpdiI6ImJXQ0JBYmtpcE5FNkt6T0xYcGpJbVE9PSIsInZhbHVlIjoicm50WkE0VDAxMjBGa09cL2IrNG9wQWc9PSIsIm1hYyI6Ijk2NmZlMTI4OTk4N2M5NjAwMjExNDY1NTJiMGY5N2U5YzJiMzc5YjJlYzc1NWE0ZTZhNzQxODNlYjg4YmQxOTYifQ==','Updated purchase order entry from \"FPSO hardware communication PO\" to \"FPSO hardware communication PO\", updated the invoice file; on ID: 68662','2018-01-24 04:07:24','2018-01-24 04:07:24'),(1547,57484,'admin/purchase-order','Opened the purchase order page.','2018-01-24 04:07:25','2018-01-24 04:07:25'),(1548,57484,'admin/purchase-order/view/eyJpdiI6ImFrTkh2cXNBN2I0eUJUV054VHkwQUE9PSIsInZhbHVlIjoiNUU5dEhLQW1QTkR4SFFCdkIyZ0NrQT09IiwibWFjIjoiOTMxNjI5ODQ1NGJiYTc2NWI2MDIzYjU5Y2E3ODJkZmM3YTFmYzYyOWZjZDE4NmExZmJkMTNkZDIwMzY3ZWJiMiJ9','Opened the FPSO hardware communication PO purchase order page.','2018-01-24 04:07:28','2018-01-24 04:07:28'),(1549,57484,'admin/purchase-order/view/eyJpdiI6ImFrTkh2cXNBN2I0eUJUV054VHkwQUE9PSIsInZhbHVlIjoiNUU5dEhLQW1QTkR4SFFCdkIyZ0NrQT09IiwibWFjIjoiOTMxNjI5ODQ1NGJiYTc2NWI2MDIzYjU5Y2E3ODJkZmM3YTFmYzYyOWZjZDE4NmExZmJkMTNkZDIwMzY3ZWJiMiJ9','Opened the FPSO hardware communication PO purchase order page.','2018-01-24 04:17:14','2018-01-24 04:17:14'),(1550,57484,'admin/purchase-order/view/eyJpdiI6ImFrTkh2cXNBN2I0eUJUV054VHkwQUE9PSIsInZhbHVlIjoiNUU5dEhLQW1QTkR4SFFCdkIyZ0NrQT09IiwibWFjIjoiOTMxNjI5ODQ1NGJiYTc2NWI2MDIzYjU5Y2E3ODJkZmM3YTFmYzYyOWZjZDE4NmExZmJkMTNkZDIwMzY3ZWJiMiJ9','Opened the FPSO hardware communication PO purchase order page.','2018-01-24 04:18:15','2018-01-24 04:18:15'),(1551,57484,'admin/purchase-order/log/add','Added log comment for purchase order item \"FPSO hardware communication PO\" with id: 25562','2018-01-24 04:19:16','2018-01-24 04:19:16'),(1552,57484,'admin/purchase-order/view/eyJpdiI6Ilc5OFRMRmNHN1F5Zm1DcmpQUXdZVFE9PSIsInZhbHVlIjoiRXNHdGhaRFdIUStzRjV0WUJhTGpTZz09IiwibWFjIjoiMTliZjdmMmY3ZWYzZjdjMTQ4NmViMjc3MTI4Y2NhNzZkZmM2MmI4OGQyMzJiNGIwOGQ3MGMwNDQ1M2M0MDczNiJ9','Opened the FPSO hardware communication PO purchase order page.','2018-01-24 04:19:17','2018-01-24 04:19:17'),(1553,57484,'admin/inventory','Opened the items page.','2018-01-24 04:19:51','2018-01-24 04:19:51'),(1554,57484,'admin/purchase-order','Opened the purchase order page.','2018-01-24 04:19:56','2018-01-24 04:19:56'),(1555,57484,'admin/purchase-order/view/eyJpdiI6IjJrc0t3R044XC9XTXNuWmVBVWQ3ODJnPT0iLCJ2YWx1ZSI6ImdJbVNjQzRzWHpxNU83ZkJYQ0ZmQnc9PSIsIm1hYyI6ImNkN2JhYzdjNjk5OGU3YzNjYTNjZjdlMjQyZTZmMGQzZmVkYWM3ZjkwYWQ1NGExNDYxYWMwNTk2YjM5NjExMTUifQ==','Opened the FPSO hardware communication PO purchase order page.','2018-01-24 04:20:00','2018-01-24 04:20:00'),(1556,57484,'admin/inventory','Opened the items page.','2018-01-24 04:20:14','2018-01-24 04:20:14'),(1557,57484,'admin/inventory/show/eyJpdiI6InoyNWw0UXFVUkpJblZxTElhVysxamc9PSIsInZhbHVlIjoiNHIxR1BHaVN5WWxmXC9LYzBzZHBveHc9PSIsIm1hYyI6ImFmYmM3Y2U2OTNhMTQzNDdhZmVlYTg3ODA2ZWU2Y2UzZWM5YmY4NDliY2YwOTIwNDBlZDU3MjU3YWMxYjU5NDUifQ==','Opened the 27es Display Screen (#3CM733096K) inventory page.','2018-01-24 04:20:17','2018-01-24 04:20:17'),(1558,57484,'admin/purchase-order','Opened the purchase order page.','2018-01-24 04:21:01','2018-01-24 04:21:01'),(1559,57484,'admin/purchase-order/view/eyJpdiI6IjBkaXBQcVF6YjVJU0hFbTR1VUpGS3c9PSIsInZhbHVlIjoiVTFNbkFEVUtEYkgzK1JSYUZraVIxZz09IiwibWFjIjoiYmYwNmE0MDNhMDFiNTVhNzJkZjQ1MWFkNTJkMzY3NGRiZjAzMTkyYjZmY2RkYmFlNDgwN2E5MDk1YzFmODdlMCJ9','Opened the FPSO hardware communication PO purchase order page.','2018-01-24 04:21:04','2018-01-24 04:21:04'),(1560,57484,'admin/purchase-order/view/eyJpdiI6IjBkaXBQcVF6YjVJU0hFbTR1VUpGS3c9PSIsInZhbHVlIjoiVTFNbkFEVUtEYkgzK1JSYUZraVIxZz09IiwibWFjIjoiYmYwNmE0MDNhMDFiNTVhNzJkZjQ1MWFkNTJkMzY3NGRiZjAzMTkyYjZmY2RkYmFlNDgwN2E5MDk1YzFmODdlMCJ9','Opened the FPSO hardware communication PO purchase order page.','2018-01-24 04:21:40','2018-01-24 04:21:40'),(1561,57484,'admin/purchase-order/view/eyJpdiI6IjBkaXBQcVF6YjVJU0hFbTR1VUpGS3c9PSIsInZhbHVlIjoiVTFNbkFEVUtEYkgzK1JSYUZraVIxZz09IiwibWFjIjoiYmYwNmE0MDNhMDFiNTVhNzJkZjQ1MWFkNTJkMzY3NGRiZjAzMTkyYjZmY2RkYmFlNDgwN2E5MDk1YzFmODdlMCJ9','Opened the FPSO hardware communication PO purchase order page.','2018-01-24 04:27:26','2018-01-24 04:27:26'),(1562,57484,'admin/purchase-order/log/edit','Updated purchase order log comment from \"this is the first comment on the PO\" to \"this is the first comment on the PO - edit\", on log id .25562','2018-01-24 04:27:38','2018-01-24 04:27:38'),(1563,57484,'admin/purchase-order/view/eyJpdiI6IjBkaXBQcVF6YjVJU0hFbTR1VUpGS3c9PSIsInZhbHVlIjoiVTFNbkFEVUtEYkgzK1JSYUZraVIxZz09IiwibWFjIjoiYmYwNmE0MDNhMDFiNTVhNzJkZjQ1MWFkNTJkMzY3NGRiZjAzMTkyYjZmY2RkYmFlNDgwN2E5MDk1YzFmODdlMCJ9','Opened the FPSO hardware communication PO purchase order page.','2018-01-24 04:27:39','2018-01-24 04:27:39'),(1564,57484,'admin/purchase-order/log/add','Added log comment for purchase order item \"FPSO hardware communication PO\" with id: 25563','2018-01-24 04:27:47','2018-01-24 04:27:47'),(1565,57484,'admin/purchase-order/view/eyJpdiI6IlJyWG9YXC9YVFMxSDljcXBFQzI0N2FnPT0iLCJ2YWx1ZSI6Ino1a0tYTWlMVXBid2N5NDVQcUxoclE9PSIsIm1hYyI6IjY3M2ViN2Y1ODBlODhlYzdhMGFiYzUzYTk1MmZmOThjZTBjMGJlYTM3MTNlMTQzNDdmOTcxMjA4ZDRhZDczNjEifQ==','Opened the FPSO hardware communication PO purchase order page.','2018-01-24 04:27:48','2018-01-24 04:27:48'),(1566,57484,'admin/purchase-order/log/add','Added log comment for purchase order item \"FPSO hardware communication PO\" with id: 25564','2018-01-24 04:27:57','2018-01-24 04:27:57'),(1567,57484,'admin/purchase-order/view/eyJpdiI6IkcrVDJCSlhwWTM1TVpBTTlrV1E2c1E9PSIsInZhbHVlIjoiUytWUVFYaXhYcFV2WGxQRVpYdjU5QT09IiwibWFjIjoiNzRjNmJiZDEyYjRmNjUxY2YyMTI0ODZiMjU5NmQ0OWEwMjk3MzExNzQ5NzUyMTY4Yzk5ODcyMzZkMTAzY2Q0YSJ9','Opened the FPSO hardware communication PO purchase order page.','2018-01-24 04:27:57','2018-01-24 04:27:57'),(1568,57484,'admin/purchase-order/log/add','Added log comment for purchase order item \"FPSO hardware communication PO\" with id: 25565','2018-01-24 04:28:07','2018-01-24 04:28:07'),(1569,57484,'admin/purchase-order/view/eyJpdiI6InBGM3RVZGQ5SzB2MWdHR2NoOGdMVEE9PSIsInZhbHVlIjoia3Q2MTJoYUhFTkw5N01cL2NUYU1ybHc9PSIsIm1hYyI6IjZkZjIyNzI5ZWZiOGQ3M2M2NjdlZmUzMWQ5YjU2M2MxNzZlOWRjYWVkYjE0M2Y0ODE2OWQ2NzQ5NmZmNjNmOTAifQ==','Opened the FPSO hardware communication PO purchase order page.','2018-01-24 04:28:08','2018-01-24 04:28:08'),(1570,57484,'admin/purchase-order/log/delete','Deleted \"FPSO hardware communication PO\" purchase order log comment with id .25565','2018-01-24 04:29:52','2018-01-24 04:29:52'),(1571,57484,'admin/purchase-order/log/delete','Deleted \"FPSO hardware communication PO\" purchase order log comment with id .25564','2018-01-24 04:29:56','2018-01-24 04:29:56'),(1572,57484,'admin/purchase-order/log/delete','Deleted \"FPSO hardware communication PO\" purchase order log comment with id .25563','2018-01-24 04:30:00','2018-01-24 04:30:00'),(1573,57484,'admin/purchase-order','Opened the purchase order page.','2018-01-24 04:30:11','2018-01-24 04:30:11'),(1574,57484,'admin/purchase-order/edit/eyJpdiI6IllIODMyMjMxR1JUQithZHE0c0VHS2c9PSIsInZhbHVlIjoiWUp4YWFFQmRaN1lYc3NIc0xPSW5QQT09IiwibWFjIjoiNjQwMjIwMDJhN2Q4NzMzMjliMzUwYjYzZTYyODUwZDA1ZDljZTNiMzU3NTU0ZjljYzU2ZjJjMTY0MjZjNzA0MCJ9','Opened the \"FPSO hardware communication PO\" purchase order page.','2018-01-24 04:30:16','2018-01-24 04:30:16'),(1575,57484,'admin/purchase-order/edit/eyJpdiI6IllIODMyMjMxR1JUQithZHE0c0VHS2c9PSIsInZhbHVlIjoiWUp4YWFFQmRaN1lYc3NIc0xPSW5QQT09IiwibWFjIjoiNjQwMjIwMDJhN2Q4NzMzMjliMzUwYjYzZTYyODUwZDA1ZDljZTNiMzU3NTU0ZjljYzU2ZjJjMTY0MjZjNzA0MCJ9','Opened the \"FPSO hardware communication PO\" purchase order page.','2018-01-24 04:33:49','2018-01-24 04:33:49'),(1576,57484,'admin/purchase-order/edit/eyJpdiI6IllIODMyMjMxR1JUQithZHE0c0VHS2c9PSIsInZhbHVlIjoiWUp4YWFFQmRaN1lYc3NIc0xPSW5QQT09IiwibWFjIjoiNjQwMjIwMDJhN2Q4NzMzMjliMzUwYjYzZTYyODUwZDA1ZDljZTNiMzU3NTU0ZjljYzU2ZjJjMTY0MjZjNzA0MCJ9','Opened the \"FPSO hardware communication PO\" purchase order page.','2018-01-24 04:34:08','2018-01-24 04:34:08'),(1577,57484,'admin/purchase-order','Opened the purchase order page.','2018-01-24 04:34:34','2018-01-24 04:34:34'),(1578,57484,'admin/purchase-order/edit/eyJpdiI6IllIODMyMjMxR1JUQithZHE0c0VHS2c9PSIsInZhbHVlIjoiWUp4YWFFQmRaN1lYc3NIc0xPSW5QQT09IiwibWFjIjoiNjQwMjIwMDJhN2Q4NzMzMjliMzUwYjYzZTYyODUwZDA1ZDljZTNiMzU3NTU0ZjljYzU2ZjJjMTY0MjZjNzA0MCJ9','Opened the \"FPSO hardware communication PO\" purchase order page.','2018-01-24 04:34:49','2018-01-24 04:34:49'),(1579,57484,'admin/purchase-order/edit/eyJpdiI6IllIODMyMjMxR1JUQithZHE0c0VHS2c9PSIsInZhbHVlIjoiWUp4YWFFQmRaN1lYc3NIc0xPSW5QQT09IiwibWFjIjoiNjQwMjIwMDJhN2Q4NzMzMjliMzUwYjYzZTYyODUwZDA1ZDljZTNiMzU3NTU0ZjljYzU2ZjJjMTY0MjZjNzA0MCJ9','Opened the \"FPSO hardware communication PO\" purchase order page.','2018-01-24 04:35:22','2018-01-24 04:35:22'),(1580,57484,'admin/purchase-order/edit/eyJpdiI6IkRIM2drQnR6VWpKXC9UVGl0ekhyeEpnPT0iLCJ2YWx1ZSI6IlU5Qm0wSEdEZk9CZHlmMXg2M1AyTVE9PSIsIm1hYyI6ImQ3MGM1YWUyM2MwY2UxOTllZDc2YzE1MGJlMjc1ZDJkMTIwY2ZiZGQzMTQ0ZjZkYzFmZWRjMmFhZmYzYWZhYjQifQ==','Updated purchase order entry from \"FPSO hardware communication PO\" to \"FPSO hardware communication PO\"; on ID: 68662','2018-01-24 04:46:27','2018-01-24 04:46:27'),(1581,57484,'admin/purchase-order','Opened the purchase order page.','2018-01-24 04:46:27','2018-01-24 04:46:27'),(1582,57484,'admin/purchase-order/edit/eyJpdiI6Im8rQlpRWVNkdk5EMEx2NGZIb3JyN0E9PSIsInZhbHVlIjoiVFwvNVFtZlwvUWpTT01CZ2dWSklyS3lBPT0iLCJtYWMiOiIxMWU0ZjhhN2UyNDUwNmE1NWUxNjUzNTA3NjkwY2IxZjQ2ODYyZWNhODkzMjY4YmUyNGYxODJiMTYxZjJiNzYwIn0=','Opened the \"FPSO hardware communication PO\" purchase order page.','2018-01-24 04:46:43','2018-01-24 04:46:43'),(1583,57484,'admin/purchase-order/edit/eyJpdiI6Im8rQlpRWVNkdk5EMEx2NGZIb3JyN0E9PSIsInZhbHVlIjoiVFwvNVFtZlwvUWpTT01CZ2dWSklyS3lBPT0iLCJtYWMiOiIxMWU0ZjhhN2UyNDUwNmE1NWUxNjUzNTA3NjkwY2IxZjQ2ODYyZWNhODkzMjY4YmUyNGYxODJiMTYxZjJiNzYwIn0=','Opened the \"FPSO hardware communication PO\" purchase order page.','2018-01-24 05:20:15','2018-01-24 05:20:15'),(1584,57484,'admin/purchase-order/edit/eyJpdiI6InJCQXRvaTdCUzhBcEN2NVYxbnF0VGc9PSIsInZhbHVlIjoieTJ3MzhnVXVJZGdJd2lyOGhzQ0U1dz09IiwibWFjIjoiMjk1MDgzZTYwOTJlYWJiNmQ2MzIzZTdjNDQ5ZjEyOGYzZTQ1M2VmNWU1MmUzZDJhNzY3MzhlM2MwMDRkYmIwMiJ9','Updated purchase order entry from \"FPSO hardware communication PO\" to \"FPSO hardware communication PO\"; on ID: 68662','2018-01-24 05:20:25','2018-01-24 05:20:25'),(1585,57484,'admin/purchase-order','Opened the purchase order page.','2018-01-24 05:20:26','2018-01-24 05:20:26'),(1586,57484,'admin/purchase-order','Opened the purchase order page.','2018-01-24 05:22:18','2018-01-24 05:22:18'),(1587,57484,'admin/purchase-order/edit/eyJpdiI6IlQwK0d2N0duMFwvVnlnOUd0MWp1SDRnPT0iLCJ2YWx1ZSI6Im4rb0cxUzk3dzVCd0RDRkVtT1E1Wmc9PSIsIm1hYyI6ImM2ODY5OGRkZWIxYzAxYjEwMWQ1ZTBkNzUyMzNlNGRhZWNlMTk5M2NmN2ZlNDNlMWRkMzJiYzM0OWM1OWQ1NWQifQ==','Opened the \"FPSO hardware communication PO\" purchase order page.','2018-01-24 05:22:24','2018-01-24 05:22:24'),(1588,57484,'admin/purchase-order/edit/eyJpdiI6IjIrVzloZmVtQnJJdDA4c2xvaXJcL3Z3PT0iLCJ2YWx1ZSI6IjRLSVBoQjRoWXJRZFUxV1wvVlNUQ3FnPT0iLCJtYWMiOiI5MDIzYjE3YWQwZTBmMDM1YzAzOTQ1Yzk5NTU2YzBkOGY2ZjI5NDI2ZTExYjI0MWFmMWVhNjM3MzJhNzI2ZmY5In0=','Updated purchase order entry from \"FPSO hardware communication PO\" to \"FPSO hardware communication PO\"; on ID: 68662','2018-01-24 05:22:28','2018-01-24 05:22:28'),(1589,57484,'admin/purchase-order','Opened the purchase order page.','2018-01-24 05:22:29','2018-01-24 05:22:29'),(1590,57484,'admin/purchase-order/edit/eyJpdiI6IjU5dDNkVDVIU2hVVEhJZlludnBTMUE9PSIsInZhbHVlIjoiWjAwVm05YVFlNHNQN01mMHBKWjRLUT09IiwibWFjIjoiMjQxOWI3MzI4MTIwZWIzOTE3M2UwMWQxMmNmYjRhMjYwNmU0NTEzNDg1MmQ4YmE3YTc3NzY4NzViNGIyODFmYSJ9','Opened the \"FPSO hardware communication PO\" purchase order page.','2018-01-24 05:22:57','2018-01-24 05:22:57'),(1591,57484,'admin/purchase-order/edit/eyJpdiI6IjU5dDNkVDVIU2hVVEhJZlludnBTMUE9PSIsInZhbHVlIjoiWjAwVm05YVFlNHNQN01mMHBKWjRLUT09IiwibWFjIjoiMjQxOWI3MzI4MTIwZWIzOTE3M2UwMWQxMmNmYjRhMjYwNmU0NTEzNDg1MmQ4YmE3YTc3NzY4NzViNGIyODFmYSJ9','Opened the \"FPSO hardware communication PO\" purchase order page.','2018-01-24 05:25:15','2018-01-24 05:25:15'),(1592,57484,'admin/purchase-order/edit/eyJpdiI6IjU5dDNkVDVIU2hVVEhJZlludnBTMUE9PSIsInZhbHVlIjoiWjAwVm05YVFlNHNQN01mMHBKWjRLUT09IiwibWFjIjoiMjQxOWI3MzI4MTIwZWIzOTE3M2UwMWQxMmNmYjRhMjYwNmU0NTEzNDg1MmQ4YmE3YTc3NzY4NzViNGIyODFmYSJ9','Opened the \"FPSO hardware communication PO\" purchase order page.','2018-01-24 05:25:49','2018-01-24 05:25:49'),(1593,57484,'admin/purchase-order/edit/eyJpdiI6IjU5dDNkVDVIU2hVVEhJZlludnBTMUE9PSIsInZhbHVlIjoiWjAwVm05YVFlNHNQN01mMHBKWjRLUT09IiwibWFjIjoiMjQxOWI3MzI4MTIwZWIzOTE3M2UwMWQxMmNmYjRhMjYwNmU0NTEzNDg1MmQ4YmE3YTc3NzY4NzViNGIyODFmYSJ9','Opened the \"FPSO hardware communication PO\" purchase order page.','2018-01-24 05:26:56','2018-01-24 05:26:56'),(1594,57484,'admin/purchase-order/edit/eyJpdiI6IjU5dDNkVDVIU2hVVEhJZlludnBTMUE9PSIsInZhbHVlIjoiWjAwVm05YVFlNHNQN01mMHBKWjRLUT09IiwibWFjIjoiMjQxOWI3MzI4MTIwZWIzOTE3M2UwMWQxMmNmYjRhMjYwNmU0NTEzNDg1MmQ4YmE3YTc3NzY4NzViNGIyODFmYSJ9','Opened the \"FPSO hardware communication PO\" purchase order page.','2018-01-24 05:28:20','2018-01-24 05:28:20'),(1595,57484,'admin/purchase-order','Opened the purchase order page.','2018-01-24 05:30:56','2018-01-24 05:30:56'),(1596,57484,'admin/purchase-order/view/eyJpdiI6IitGc3dwTHZybnZEK2hCclhLbnByXC9nPT0iLCJ2YWx1ZSI6InlldCtvdXN6bTFMMStaeWdBWnRSZWc9PSIsIm1hYyI6ImM1OGRiYTgzNDY0Y2ZhN2JlMThjYTg4MmY1ZDVkMjY0YzllNzc5MTNjNWNjYzIyMTQzMzQ3NTU5MzIxMDc3MjAifQ==','Opened the FPSO hardware communication PO purchase order page.','2018-01-24 05:31:01','2018-01-24 05:31:01'),(1597,57484,'admin/purchase-order','Opened the purchase order page.','2018-01-24 05:31:12','2018-01-24 05:31:12'),(1598,57484,'admin/purchase-order/edit/eyJpdiI6IjFDd1pabFkrWHVubFJVUHdkM0tBdGc9PSIsInZhbHVlIjoia00yZDQwc08yRFFLR090cmNIR0FhZz09IiwibWFjIjoiZTgxMTBiY2YwMDJmNzllMjM4ZjQyNjAwNDcwNGM4NWNmMDBmOGFhMDc4MDgwYWMxMWVlNjRhOGRkYzMyZjU0OSJ9','Opened the \"FPSO hardware communication PO\" purchase order page.','2018-01-24 05:31:16','2018-01-24 05:31:16'),(1599,57484,'admin/purchase-order/edit/eyJpdiI6IjFDd1pabFkrWHVubFJVUHdkM0tBdGc9PSIsInZhbHVlIjoia00yZDQwc08yRFFLR090cmNIR0FhZz09IiwibWFjIjoiZTgxMTBiY2YwMDJmNzllMjM4ZjQyNjAwNDcwNGM4NWNmMDBmOGFhMDc4MDgwYWMxMWVlNjRhOGRkYzMyZjU0OSJ9','Opened the \"FPSO hardware communication PO\" purchase order page.','2018-01-24 05:33:30','2018-01-24 05:33:30'),(1600,57484,'admin/purchase-order/edit/eyJpdiI6IjFDd1pabFkrWHVubFJVUHdkM0tBdGc9PSIsInZhbHVlIjoia00yZDQwc08yRFFLR090cmNIR0FhZz09IiwibWFjIjoiZTgxMTBiY2YwMDJmNzllMjM4ZjQyNjAwNDcwNGM4NWNmMDBmOGFhMDc4MDgwYWMxMWVlNjRhOGRkYzMyZjU0OSJ9','Opened the \"FPSO hardware communication PO\" purchase order page.','2018-01-24 05:33:34','2018-01-24 05:33:34'),(1601,57484,'admin/purchase-order/edit/eyJpdiI6IjFDd1pabFkrWHVubFJVUHdkM0tBdGc9PSIsInZhbHVlIjoia00yZDQwc08yRFFLR090cmNIR0FhZz09IiwibWFjIjoiZTgxMTBiY2YwMDJmNzllMjM4ZjQyNjAwNDcwNGM4NWNmMDBmOGFhMDc4MDgwYWMxMWVlNjRhOGRkYzMyZjU0OSJ9','Opened the \"FPSO hardware communication PO\" purchase order page.','2018-01-24 05:35:02','2018-01-24 05:35:02'),(1602,57484,'admin/purchase-order/edit/eyJpdiI6IjFDd1pabFkrWHVubFJVUHdkM0tBdGc9PSIsInZhbHVlIjoia00yZDQwc08yRFFLR090cmNIR0FhZz09IiwibWFjIjoiZTgxMTBiY2YwMDJmNzllMjM4ZjQyNjAwNDcwNGM4NWNmMDBmOGFhMDc4MDgwYWMxMWVlNjRhOGRkYzMyZjU0OSJ9','Opened the \"FPSO hardware communication PO\" purchase order page.','2018-01-24 05:35:56','2018-01-24 05:35:56'),(1603,57484,'admin/purchase-order/edit/eyJpdiI6IjFDd1pabFkrWHVubFJVUHdkM0tBdGc9PSIsInZhbHVlIjoia00yZDQwc08yRFFLR090cmNIR0FhZz09IiwibWFjIjoiZTgxMTBiY2YwMDJmNzllMjM4ZjQyNjAwNDcwNGM4NWNmMDBmOGFhMDc4MDgwYWMxMWVlNjRhOGRkYzMyZjU0OSJ9','Opened the \"FPSO hardware communication PO\" purchase order page.','2018-01-24 05:36:41','2018-01-24 05:36:41'),(1604,57484,'admin/purchase-order/edit/eyJpdiI6IjFDd1pabFkrWHVubFJVUHdkM0tBdGc9PSIsInZhbHVlIjoia00yZDQwc08yRFFLR090cmNIR0FhZz09IiwibWFjIjoiZTgxMTBiY2YwMDJmNzllMjM4ZjQyNjAwNDcwNGM4NWNmMDBmOGFhMDc4MDgwYWMxMWVlNjRhOGRkYzMyZjU0OSJ9','Opened the \"FPSO hardware communication PO\" purchase order page.','2018-01-24 05:37:22','2018-01-24 05:37:22'),(1605,57484,'admin/purchase-order/edit/eyJpdiI6IjFDd1pabFkrWHVubFJVUHdkM0tBdGc9PSIsInZhbHVlIjoia00yZDQwc08yRFFLR090cmNIR0FhZz09IiwibWFjIjoiZTgxMTBiY2YwMDJmNzllMjM4ZjQyNjAwNDcwNGM4NWNmMDBmOGFhMDc4MDgwYWMxMWVlNjRhOGRkYzMyZjU0OSJ9','Opened the \"FPSO hardware communication PO\" purchase order page.','2018-01-24 05:39:43','2018-01-24 05:39:43'),(1606,57484,'admin/purchase-order/edit/eyJpdiI6IjFDd1pabFkrWHVubFJVUHdkM0tBdGc9PSIsInZhbHVlIjoia00yZDQwc08yRFFLR090cmNIR0FhZz09IiwibWFjIjoiZTgxMTBiY2YwMDJmNzllMjM4ZjQyNjAwNDcwNGM4NWNmMDBmOGFhMDc4MDgwYWMxMWVlNjRhOGRkYzMyZjU0OSJ9','Opened the \"FPSO hardware communication PO\" purchase order page.','2018-01-24 05:40:14','2018-01-24 05:40:14'),(1607,57484,'admin/purchase-order/edit/eyJpdiI6IjFDd1pabFkrWHVubFJVUHdkM0tBdGc9PSIsInZhbHVlIjoia00yZDQwc08yRFFLR090cmNIR0FhZz09IiwibWFjIjoiZTgxMTBiY2YwMDJmNzllMjM4ZjQyNjAwNDcwNGM4NWNmMDBmOGFhMDc4MDgwYWMxMWVlNjRhOGRkYzMyZjU0OSJ9','Opened the \"FPSO hardware communication PO\" purchase order page.','2018-01-24 05:41:32','2018-01-24 05:41:32'),(1608,57484,'admin/purchase-order/edit/eyJpdiI6IjFDd1pabFkrWHVubFJVUHdkM0tBdGc9PSIsInZhbHVlIjoia00yZDQwc08yRFFLR090cmNIR0FhZz09IiwibWFjIjoiZTgxMTBiY2YwMDJmNzllMjM4ZjQyNjAwNDcwNGM4NWNmMDBmOGFhMDc4MDgwYWMxMWVlNjRhOGRkYzMyZjU0OSJ9','Opened the \"FPSO hardware communication PO\" purchase order page.','2018-01-24 05:45:29','2018-01-24 05:45:29'),(1609,57484,'admin/purchase-order/edit/eyJpdiI6IjFDd1pabFkrWHVubFJVUHdkM0tBdGc9PSIsInZhbHVlIjoia00yZDQwc08yRFFLR090cmNIR0FhZz09IiwibWFjIjoiZTgxMTBiY2YwMDJmNzllMjM4ZjQyNjAwNDcwNGM4NWNmMDBmOGFhMDc4MDgwYWMxMWVlNjRhOGRkYzMyZjU0OSJ9','Opened the \"FPSO hardware communication PO\" purchase order page.','2018-01-24 05:46:50','2018-01-24 05:46:50'),(1610,57484,'admin/purchase-order/edit/eyJpdiI6IjFDd1pabFkrWHVubFJVUHdkM0tBdGc9PSIsInZhbHVlIjoia00yZDQwc08yRFFLR090cmNIR0FhZz09IiwibWFjIjoiZTgxMTBiY2YwMDJmNzllMjM4ZjQyNjAwNDcwNGM4NWNmMDBmOGFhMDc4MDgwYWMxMWVlNjRhOGRkYzMyZjU0OSJ9','Opened the \"FPSO hardware communication PO\" purchase order page.','2018-01-24 05:47:43','2018-01-24 05:47:43'),(1611,57484,'admin/purchase-order/edit/eyJpdiI6IjFDd1pabFkrWHVubFJVUHdkM0tBdGc9PSIsInZhbHVlIjoia00yZDQwc08yRFFLR090cmNIR0FhZz09IiwibWFjIjoiZTgxMTBiY2YwMDJmNzllMjM4ZjQyNjAwNDcwNGM4NWNmMDBmOGFhMDc4MDgwYWMxMWVlNjRhOGRkYzMyZjU0OSJ9','Opened the \"FPSO hardware communication PO\" purchase order page.','2018-01-24 05:47:56','2018-01-24 05:47:56'),(1612,57484,'admin/purchase-order/delete-file','Deleted \"FPSO hardware communication PO purchase order Purchase Order\"; with id: 68662','2018-01-24 05:48:05','2018-01-24 05:48:05'),(1613,57484,'admin/purchase-order/edit/eyJpdiI6IjFDd1pabFkrWHVubFJVUHdkM0tBdGc9PSIsInZhbHVlIjoia00yZDQwc08yRFFLR090cmNIR0FhZz09IiwibWFjIjoiZTgxMTBiY2YwMDJmNzllMjM4ZjQyNjAwNDcwNGM4NWNmMDBmOGFhMDc4MDgwYWMxMWVlNjRhOGRkYzMyZjU0OSJ9','Opened the \"FPSO hardware communication PO\" purchase order page.','2018-01-24 05:50:45','2018-01-24 05:50:45'),(1614,57484,'admin/purchase-order/edit/eyJpdiI6IjFDd1pabFkrWHVubFJVUHdkM0tBdGc9PSIsInZhbHVlIjoia00yZDQwc08yRFFLR090cmNIR0FhZz09IiwibWFjIjoiZTgxMTBiY2YwMDJmNzllMjM4ZjQyNjAwNDcwNGM4NWNmMDBmOGFhMDc4MDgwYWMxMWVlNjRhOGRkYzMyZjU0OSJ9','Opened the \"FPSO hardware communication PO\" purchase order page.','2018-01-24 05:52:54','2018-01-24 05:52:54'),(1615,57484,'admin/purchase-order/delete-file','Deleted \"FPSO hardware communication PO purchase order Delivery Note\"; with id: 68662','2018-01-24 05:53:04','2018-01-24 05:53:04'),(1616,57484,'admin/purchase-order/edit/eyJpdiI6IjFDd1pabFkrWHVubFJVUHdkM0tBdGc9PSIsInZhbHVlIjoia00yZDQwc08yRFFLR090cmNIR0FhZz09IiwibWFjIjoiZTgxMTBiY2YwMDJmNzllMjM4ZjQyNjAwNDcwNGM4NWNmMDBmOGFhMDc4MDgwYWMxMWVlNjRhOGRkYzMyZjU0OSJ9','Opened the \"FPSO hardware communication PO\" purchase order page.','2018-01-24 05:53:05','2018-01-24 05:53:05'),(1617,57484,'admin/purchase-order','Opened the purchase order page.','2018-01-24 05:53:12','2018-01-24 05:53:12'),(1618,57484,'admin/purchase-order','Opened the purchase order page.','2018-01-24 05:55:14','2018-01-24 05:55:14'),(1619,57484,'admin/inventory','Opened the items page.','2018-01-24 05:55:20','2018-01-24 05:55:20');
/*!40000 ALTER TABLE `logs` ENABLE KEYS */;
UNLOCK TABLES;

--
-- Table structure for table `migrations`
--

DROP TABLE IF EXISTS `migrations`;
/*!40101 SET @saved_cs_client     = @@character_set_client */;
/*!40101 SET character_set_client = utf8 */;
CREATE TABLE `migrations` (
  `id` int(10) unsigned NOT NULL AUTO_INCREMENT,
  `migration` varchar(255) COLLATE utf8mb4_unicode_ci NOT NULL,
  `batch` int(11) NOT NULL,
  PRIMARY KEY (`id`)
) ENGINE=InnoDB AUTO_INCREMENT=26 DEFAULT CHARSET=utf8mb4 COLLATE=utf8mb4_unicode_ci;
/*!40101 SET character_set_client = @saved_cs_client */;

--
-- Dumping data for table `migrations`
--

LOCK TABLES `migrations` WRITE;
/*!40000 ALTER TABLE `migrations` DISABLE KEYS */;
INSERT INTO `migrations` VALUES (1,'2017_03_12_103734_create_roles_table',1),(2,'2017_03_13_175311_create_pages_table',1),(3,'2017_11_27_204433_create_departments_table',1),(4,'2017_03_13_175320_create_permissions_table',2),(5,'2017_11_27_204444_create_units_table',2),(6,'2014_10_12_000000_create_users_table',3),(7,'2017_11_28_145335_create_logs_table',4),(8,'2017_12_07_081323_create_items_table',5),(9,'2017_12_07_082100_create_inventories_table',6),(10,'2017_12_07_093648_updateAuto',7),(11,'2017_12_13_161537_create_allocations_table',8),(12,'2017_12_18_105653_modify_allocation',9),(13,'2017_12_18_125955_modify_allocation_02',10),(14,'2018_01_03_122555_create_tasks_table',11),(15,'2018_01_03_122925_create_comments_table',11),(16,'2018_01_03_125336_updateComment',12),(17,'2018_01_03_161110_updateTask',13),(18,'2018_01_08_154235_updatecom',14),(19,'2018_01_18_100325_create_purchases_table',15),(20,'2018_01_18_100414_create_plogs_table',15),(21,'2018_01_18_100423_create_ilogs_table',15),(22,'2018_01_19_101228_updateTables',16),(23,'2018_01_19_151838_updateTables01',17),(24,'2018_01_23_120011_updateAutoInc01',18),(25,'2018_01_23_124137_UpdatePurchase',19);
/*!40000 ALTER TABLE `migrations` ENABLE KEYS */;
UNLOCK TABLES;

--
-- Table structure for table `pages`
--

DROP TABLE IF EXISTS `pages`;
/*!40101 SET @saved_cs_client     = @@character_set_client */;
/*!40101 SET character_set_client = utf8 */;
CREATE TABLE `pages` (
  `id` int(10) unsigned NOT NULL AUTO_INCREMENT,
  `title` varchar(255) COLLATE utf8mb4_unicode_ci NOT NULL,
  `type_id` int(11) NOT NULL DEFAULT '0',
  `slug` varchar(150) COLLATE utf8mb4_unicode_ci NOT NULL,
  `icon` varchar(255) COLLATE utf8mb4_unicode_ci NOT NULL,
  `type` enum('page','subpage') COLLATE utf8mb4_unicode_ci NOT NULL DEFAULT 'page',
  `created_at` timestamp NULL DEFAULT NULL,
  `updated_at` timestamp NULL DEFAULT NULL,
  PRIMARY KEY (`id`),
  UNIQUE KEY `pages_slug_unique` (`slug`)
) ENGINE=InnoDB AUTO_INCREMENT=524 DEFAULT CHARSET=utf8mb4 COLLATE=utf8mb4_unicode_ci;
/*!40101 SET character_set_client = @saved_cs_client */;

--
-- Dumping data for table `pages`
--

LOCK TABLES `pages` WRITE;
/*!40000 ALTER TABLE `pages` DISABLE KEYS */;
INSERT INTO `pages` VALUES (512,'Pages & Permissions',0,'pages-and-permissions','files-o','page','2017-03-15 09:14:45','2017-03-15 09:33:09'),(513,'Permissions',512,'permissions','lock','subpage','2017-03-15 09:25:33','2017-12-01 07:25:10'),(514,'Pages',512,'pages','folder-open','subpage','2017-03-15 09:33:47','2017-12-01 07:24:54'),(515,'Users',0,'users','users','page','2017-03-15 11:30:42','2017-03-15 11:30:42'),(516,'Departments & Units',0,'departments-and-units','th-large','page','2017-12-01 19:29:00','2017-12-01 19:29:00'),(517,'Items',519,'items','sitemap','subpage','2017-12-01 19:31:44','2017-12-07 08:02:28'),(518,'Inventory',519,'inventory','th','subpage','2017-12-01 19:32:32','2017-12-07 08:02:13'),(519,'Inventory & Items',0,'inventory-and-items','square-o','page','2017-12-07 08:01:52','2017-12-07 08:01:52'),(520,'Allocation',0,'allocation','check-circle','page','2017-12-13 16:32:30','2017-12-13 16:32:30'),(521,'Tasks',0,'tasks','tasks','page','2018-01-03 16:50:06','2018-01-04 10:05:49'),(522,'Logs',0,'logs','barcode','page','2018-01-10 14:25:36','2018-01-10 14:25:36'),(523,'Purchase Order',0,'purchase-order','usd','page','2018-01-22 17:06:51','2018-01-23 12:41:00');
/*!40000 ALTER TABLE `pages` ENABLE KEYS */;
UNLOCK TABLES;

--
-- Table structure for table `permissions`
--

DROP TABLE IF EXISTS `permissions`;
/*!40101 SET @saved_cs_client     = @@character_set_client */;
/*!40101 SET character_set_client = utf8 */;
CREATE TABLE `permissions` (
  `id` int(10) unsigned NOT NULL AUTO_INCREMENT,
  `role_id` int(10) unsigned NOT NULL,
  `page_id` int(10) unsigned NOT NULL,
  `created_at` timestamp NULL DEFAULT NULL,
  `updated_at` timestamp NULL DEFAULT NULL,
  PRIMARY KEY (`id`),
  KEY `permissions_role_id_foreign` (`role_id`),
  KEY `permissions_page_id_foreign` (`page_id`),
  CONSTRAINT `permissions_page_id_foreign` FOREIGN KEY (`page_id`) REFERENCES `pages` (`id`) ON DELETE CASCADE,
  CONSTRAINT `permissions_role_id_foreign` FOREIGN KEY (`role_id`) REFERENCES `roles` (`id`) ON DELETE CASCADE
) ENGINE=InnoDB AUTO_INCREMENT=6699 DEFAULT CHARSET=utf8mb4 COLLATE=utf8mb4_unicode_ci;
/*!40101 SET character_set_client = @saved_cs_client */;

--
-- Dumping data for table `permissions`
--

LOCK TABLES `permissions` WRITE;
/*!40000 ALTER TABLE `permissions` DISABLE KEYS */;
INSERT INTO `permissions` VALUES (6658,1525,512,'2017-12-01 07:26:13','2017-12-01 07:26:13'),(6659,1525,513,'2017-12-01 07:26:13','2017-12-01 07:26:13'),(6660,1525,514,'2017-12-01 07:26:13','2017-12-01 07:26:13'),(6661,1525,515,'2017-12-01 07:26:13','2017-12-01 07:26:13'),(6662,1526,515,'2017-12-01 07:26:52','2017-12-01 07:26:52'),(6663,1527,515,'2017-12-01 07:26:52','2017-12-01 07:26:52'),(6665,1525,516,'2017-12-01 19:29:00','2017-12-01 19:29:00'),(6666,1525,517,'2017-12-01 19:31:44','2017-12-01 19:31:44'),(6667,1525,518,'2017-12-01 19:32:33','2017-12-01 19:32:33'),(6668,1525,519,'2017-12-07 08:01:52','2017-12-07 08:01:52'),(6669,1528,516,'2017-12-12 15:12:03','2017-12-12 15:12:03'),(6670,1528,517,'2017-12-12 15:12:03','2017-12-12 15:12:03'),(6671,1528,518,'2017-12-12 15:12:03','2017-12-12 15:12:03'),(6672,1528,519,'2017-12-12 15:12:03','2017-12-12 15:12:03'),(6673,1526,516,'2017-12-12 15:12:36','2017-12-12 15:12:36'),(6674,1526,517,'2017-12-12 15:12:36','2017-12-12 15:12:36'),(6675,1526,518,'2017-12-12 15:12:37','2017-12-12 15:12:37'),(6676,1526,519,'2017-12-12 15:12:37','2017-12-12 15:12:37'),(6677,1525,520,'2017-12-13 16:32:30','2017-12-13 16:32:30'),(6678,1527,518,'2017-12-13 16:33:06','2017-12-13 16:33:06'),(6679,1527,519,'2017-12-13 16:33:06','2017-12-13 16:33:06'),(6680,1527,520,'2017-12-13 16:33:06','2017-12-13 16:33:06'),(6681,1526,520,'2017-12-13 16:36:18','2017-12-13 16:36:18'),(6682,1525,521,'2018-01-03 16:50:06','2018-01-03 16:50:06'),(6683,1526,521,'2018-01-04 15:04:15','2018-01-04 15:04:15'),(6684,1528,521,'2018-01-04 15:04:27','2018-01-04 15:04:27'),(6685,1527,521,'2018-01-04 15:04:44','2018-01-04 15:04:44'),(6686,1525,522,'2018-01-10 14:25:36','2018-01-10 14:25:36'),(6687,1527,516,'2018-01-19 13:40:42','2018-01-19 13:40:42'),(6688,1527,517,'2018-01-19 13:40:42','2018-01-19 13:40:42'),(6689,1528,515,'2018-01-19 13:40:42','2018-01-19 13:40:42'),(6690,1528,520,'2018-01-19 13:40:42','2018-01-19 13:40:42'),(6691,1532,515,'2018-01-19 13:40:42','2018-01-19 13:40:42'),(6692,1532,516,'2018-01-19 13:40:42','2018-01-19 13:40:42'),(6693,1532,517,'2018-01-19 13:40:42','2018-01-19 13:40:42'),(6694,1532,518,'2018-01-19 13:40:42','2018-01-19 13:40:42'),(6695,1532,519,'2018-01-19 13:40:42','2018-01-19 13:40:42'),(6696,1532,520,'2018-01-19 13:40:42','2018-01-19 13:40:42'),(6697,1532,521,'2018-01-19 13:40:42','2018-01-19 13:40:42'),(6698,1525,523,'2018-01-22 17:06:51','2018-01-22 17:06:51');
/*!40000 ALTER TABLE `permissions` ENABLE KEYS */;
UNLOCK TABLES;

--
-- Table structure for table `plogs`
--

DROP TABLE IF EXISTS `plogs`;
/*!40101 SET @saved_cs_client     = @@character_set_client */;
/*!40101 SET character_set_client = utf8 */;
CREATE TABLE `plogs` (
  `id` int(10) unsigned NOT NULL AUTO_INCREMENT,
  `user_id` int(10) unsigned NOT NULL,
  `purchase_id` int(10) unsigned NOT NULL,
  `inventory_id` int(10) unsigned DEFAULT NULL,
  `comment` text COLLATE utf8mb4_unicode_ci NOT NULL,
  `created_at` timestamp NULL DEFAULT NULL,
  `updated_at` timestamp NULL DEFAULT NULL,
  PRIMARY KEY (`id`),
  KEY `plogs_user_id_foreign` (`user_id`),
  KEY `plogs_purchase_id_foreign` (`purchase_id`),
  KEY `plogs_inventory_id_foreign` (`inventory_id`),
  CONSTRAINT `plogs_inventory_id_foreign` FOREIGN KEY (`inventory_id`) REFERENCES `inventories` (`id`),
  CONSTRAINT `plogs_purchase_id_foreign` FOREIGN KEY (`purchase_id`) REFERENCES `purchases` (`id`),
  CONSTRAINT `plogs_user_id_foreign` FOREIGN KEY (`user_id`) REFERENCES `users` (`id`)
) ENGINE=InnoDB AUTO_INCREMENT=25566 DEFAULT CHARSET=utf8mb4 COLLATE=utf8mb4_unicode_ci;
/*!40101 SET character_set_client = @saved_cs_client */;

--
-- Dumping data for table `plogs`
--

LOCK TABLES `plogs` WRITE;
/*!40000 ALTER TABLE `plogs` DISABLE KEYS */;
INSERT INTO `plogs` VALUES (25562,57484,68662,NULL,'this is the first comment on the PO - edit','2018-01-24 04:19:16','2018-01-24 04:27:38');
/*!40000 ALTER TABLE `plogs` ENABLE KEYS */;
UNLOCK TABLES;

--
-- Table structure for table `purchases`
--

DROP TABLE IF EXISTS `purchases`;
/*!40101 SET @saved_cs_client     = @@character_set_client */;
/*!40101 SET character_set_client = utf8 */;
CREATE TABLE `purchases` (
  `id` int(10) unsigned NOT NULL AUTO_INCREMENT,
  `user_id` int(10) unsigned NOT NULL,
  `title` varchar(255) COLLATE utf8mb4_unicode_ci NOT NULL,
  `po` varchar(255) COLLATE utf8mb4_unicode_ci DEFAULT NULL,
  `dn` varchar(255) COLLATE utf8mb4_unicode_ci DEFAULT NULL,
  `inv` varchar(255) COLLATE utf8mb4_unicode_ci DEFAULT NULL,
  `total` int(11) DEFAULT NULL,
  `created_at` timestamp NULL DEFAULT NULL,
  `updated_at` timestamp NULL DEFAULT NULL,
  `po_at` timestamp NULL DEFAULT NULL,
  `dn_at` timestamp NULL DEFAULT NULL,
  `inv_at` timestamp NULL DEFAULT NULL,
  PRIMARY KEY (`id`),
  KEY `purchases_user_id_foreign` (`user_id`),
  CONSTRAINT `purchases_user_id_foreign` FOREIGN KEY (`user_id`) REFERENCES `users` (`id`)
) ENGINE=InnoDB AUTO_INCREMENT=68664 DEFAULT CHARSET=utf8mb4 COLLATE=utf8mb4_unicode_ci;
/*!40101 SET character_set_client = @saved_cs_client */;

--
-- Dumping data for table `purchases`
--

LOCK TABLES `purchases` WRITE;
/*!40000 ALTER TABLE `purchases` DISABLE KEYS */;
INSERT INTO `purchases` VALUES (68655,57484,'Test Purchase Order','TestPurchaseOrder_po_6147795711.pdf','TestPurchaseOrder_dn_1777659411.pdf','TestPurchaseOrder_inv_7175971416.pdf',5000,'2018-01-23 23:48:39','2018-01-23 23:48:39',NULL,NULL,NULL),(68656,57484,'Mobile modem PO','MobileModemPO_po_6817459741.pdf',NULL,NULL,1500000,'2018-01-24 00:22:28','2018-01-24 00:22:28',NULL,NULL,NULL),(68657,57484,'Wireless Adapters',NULL,'WirelessAdapters_dn_1685919741.pdf',NULL,500000,'2018-01-24 00:23:39','2018-01-24 00:23:39',NULL,NULL,NULL),(68658,57484,'PO on wireless mouse',NULL,NULL,'POOnWirelessMouse_inv_7416059941.pdf',NULL,'2018-01-24 00:25:40','2018-01-24 00:25:40',NULL,NULL,NULL),(68659,57484,'Purchase order twenty five','PurchaseOrderTwentyFive_po_0571071516.pdf','PurchaseOrderTwentyFive_dn_1701105567.pdf',NULL,900000,'2018-01-24 00:29:30','2018-01-24 01:59:22',NULL,NULL,NULL),(68660,57484,'Purchase for VMware 360','PurchaseForVMware360_po_1270145056.pdf',NULL,'PurchaseForVMware360_inv_5710652014.pdf',NULL,'2018-01-24 00:30:40','2018-01-24 00:30:40',NULL,NULL,NULL),(68661,57484,'360 Prezel License',NULL,'360PrezelLicense_dn_1576450814.pdf','360PrezelLicense_inv_1615790529.pdf',600000,'2018-01-24 00:31:39','2018-01-24 01:59:09',NULL,NULL,NULL),(68662,57484,'FPSO hardware communication PO',NULL,NULL,'FPSOHardwareCommunicationPO_inv_1521366744.pdf',5500000,'2018-01-24 00:32:25','2018-01-24 05:53:04',NULL,NULL,'2018-01-24 04:07:24');
/*!40000 ALTER TABLE `purchases` ENABLE KEYS */;
UNLOCK TABLES;

--
-- Table structure for table `roles`
--

DROP TABLE IF EXISTS `roles`;
/*!40101 SET @saved_cs_client     = @@character_set_client */;
/*!40101 SET character_set_client = utf8 */;
CREATE TABLE `roles` (
  `id` int(10) unsigned NOT NULL AUTO_INCREMENT,
  `title` varchar(255) COLLATE utf8mb4_unicode_ci NOT NULL,
  `created_at` timestamp NULL DEFAULT NULL,
  `updated_at` timestamp NULL DEFAULT NULL,
  PRIMARY KEY (`id`)
) ENGINE=InnoDB AUTO_INCREMENT=1533 DEFAULT CHARSET=utf8mb4 COLLATE=utf8mb4_unicode_ci;
/*!40101 SET character_set_client = @saved_cs_client */;

--
-- Dumping data for table `roles`
--

LOCK TABLES `roles` WRITE;
/*!40000 ALTER TABLE `roles` DISABLE KEYS */;
INSERT INTO `roles` VALUES (1525,'Developer','2017-11-28 14:09:57','2017-11-28 14:09:57'),(1526,'Administrator','2017-11-28 14:09:57','2017-11-28 14:09:57'),(1527,'Manager','2017-11-28 14:09:57','2017-11-28 14:09:57'),(1528,'Editor','2017-11-28 14:09:57','2017-11-28 14:09:57'),(1529,'Staff','2017-11-28 14:09:57','2017-11-28 14:09:57'),(1530,'Department','2017-12-10 23:00:00','2017-12-10 23:00:00'),(1531,'Organization','2017-12-10 23:00:00','2017-12-10 23:00:00'),(1532,'Supervisor','2017-12-10 23:00:00','2017-12-10 23:00:00');
/*!40000 ALTER TABLE `roles` ENABLE KEYS */;
UNLOCK TABLES;

--
-- Table structure for table `tasks`
--

DROP TABLE IF EXISTS `tasks`;
/*!40101 SET @saved_cs_client     = @@character_set_client */;
/*!40101 SET character_set_client = utf8 */;
CREATE TABLE `tasks` (
  `id` int(10) unsigned NOT NULL AUTO_INCREMENT,
  `user_id` int(10) unsigned NOT NULL,
  `inventory_id` int(10) unsigned DEFAULT NULL,
  `assigned_by` int(10) unsigned NOT NULL,
  `title` varchar(255) COLLATE utf8mb4_unicode_ci NOT NULL,
  `status` enum('opened','unresolved','closed') COLLATE utf8mb4_unicode_ci NOT NULL DEFAULT 'opened',
  `type` varchar(255) COLLATE utf8mb4_unicode_ci NOT NULL,
  `created_at` timestamp NULL DEFAULT NULL,
  `updated_at` timestamp NULL DEFAULT NULL,
  `client_id` int(10) unsigned NOT NULL,
  PRIMARY KEY (`id`),
  KEY `tasks_user_id_foreign` (`user_id`),
  KEY `tasks_inventory_id_foreign` (`inventory_id`),
  KEY `tasks_assigned_by_foreign` (`assigned_by`),
  KEY `tasks_client_id_foreign` (`client_id`),
  CONSTRAINT `tasks_assigned_by_foreign` FOREIGN KEY (`assigned_by`) REFERENCES `users` (`id`),
  CONSTRAINT `tasks_client_id_foreign` FOREIGN KEY (`client_id`) REFERENCES `users` (`id`),
  CONSTRAINT `tasks_inventory_id_foreign` FOREIGN KEY (`inventory_id`) REFERENCES `inventories` (`id`),
  CONSTRAINT `tasks_user_id_foreign` FOREIGN KEY (`user_id`) REFERENCES `users` (`id`)
) ENGINE=InnoDB AUTO_INCREMENT=68661 DEFAULT CHARSET=utf8mb4 COLLATE=utf8mb4_unicode_ci;
/*!40101 SET character_set_client = @saved_cs_client */;

--
-- Dumping data for table `tasks`
--

LOCK TABLES `tasks` WRITE;
/*!40000 ALTER TABLE `tasks` DISABLE KEYS */;
INSERT INTO `tasks` VALUES (68655,56986,NULL,57484,'Faith\'s Laptop Issue','opened','Repairs','2018-01-04 14:19:36','2018-01-19 20:21:50',57433),(68659,57492,NULL,57484,'Fix Amaka\'s Software','closed','Application Support','2018-01-09 11:19:36','2018-01-09 11:26:49',57328),(68660,57322,NULL,57484,'Repair Adetunji\'s Phone','opened','Repairs','2018-01-15 17:27:49','2018-01-15 17:27:49',57322);
/*!40000 ALTER TABLE `tasks` ENABLE KEYS */;
UNLOCK TABLES;

--
-- Table structure for table `units`
--

DROP TABLE IF EXISTS `units`;
/*!40101 SET @saved_cs_client     = @@character_set_client */;
/*!40101 SET character_set_client = utf8 */;
CREATE TABLE `units` (
  `id` int(10) unsigned NOT NULL AUTO_INCREMENT,
  `title` varchar(150) COLLATE utf8mb4_unicode_ci NOT NULL,
  `department_id` int(10) unsigned NOT NULL,
  `created_at` timestamp NULL DEFAULT NULL,
  `updated_at` timestamp NULL DEFAULT NULL,
  PRIMARY KEY (`id`),
  UNIQUE KEY `units_title_unique` (`title`),
  KEY `units_department_id_foreign` (`department_id`),
  CONSTRAINT `units_department_id_foreign` FOREIGN KEY (`department_id`) REFERENCES `departments` (`id`)
) ENGINE=InnoDB AUTO_INCREMENT=34 DEFAULT CHARSET=utf8mb4 COLLATE=utf8mb4_unicode_ci;
/*!40101 SET character_set_client = @saved_cs_client */;

--
-- Dumping data for table `units`
--

LOCK TABLES `units` WRITE;
/*!40000 ALTER TABLE `units` DISABLE KEYS */;
INSERT INTO `units` VALUES (1,'IT',64592,'2017-12-06 12:11:53','2017-12-06 12:11:53'),(2,'Human Resources',64592,'2017-12-06 12:12:44','2017-12-06 12:12:44'),(4,'Community & State Government\'s Relations',64590,'2017-12-06 12:18:34','2017-12-06 20:13:19'),(5,'Drilling',64594,'2017-12-06 13:50:43','2017-12-06 13:50:43'),(6,'Other',64599,'2017-12-11 15:38:31','2017-12-11 15:38:31'),(7,'Organization',64599,'2017-12-11 15:52:22','2017-12-11 15:52:22'),(8,'Partner',64599,'2017-12-11 15:52:32','2017-12-11 15:52:32'),(9,'HSSEQ',64591,'2017-12-18 12:24:05','2017-12-18 12:24:05'),(10,'Joint Venture',64596,'2017-12-18 12:24:20','2017-12-18 12:24:20'),(11,'Commercial',64593,'2017-12-18 12:25:02','2017-12-18 12:25:02'),(12,'Finance',64598,'2017-12-18 12:25:18','2017-12-18 12:25:18'),(13,'Technical',64594,'2017-12-18 12:26:01','2017-12-18 12:26:01'),(14,'Corporate Services',64592,'2017-12-18 12:26:15','2017-12-18 12:26:15'),(15,'Corporate Affairs',64590,'2017-12-18 12:26:23','2017-12-18 12:26:23'),(16,'Legal',64597,'2017-12-18 12:26:40','2017-12-18 12:26:40'),(17,'Operations',64595,'2017-12-18 12:26:50','2017-12-18 12:26:50'),(18,'Strategy & Planning',64589,'2017-12-18 12:27:01','2017-12-18 12:27:01'),(19,'Admin',64592,'2017-12-18 12:31:34','2017-12-18 12:31:34'),(20,'Field',64595,'2017-12-19 15:53:29','2017-12-19 15:53:29'),(21,'Facilities',64595,'2017-12-19 15:53:41','2017-12-19 15:53:41'),(22,'Production',64595,'2017-12-19 15:54:02','2017-12-19 15:54:02'),(23,'Subsurface',64594,'2017-12-19 15:54:16','2017-12-19 15:54:16'),(24,'Corporate Engineering',64594,'2017-12-19 15:54:44','2017-12-19 15:56:42'),(25,'Governance, Risk & Assurance',64593,'2017-12-19 16:05:10','2017-12-19 16:05:10'),(26,'Contracts & Procurement',64593,'2017-12-19 16:05:28','2017-12-19 16:05:28'),(27,'Logistics',64593,'2017-12-19 16:05:41','2017-12-19 16:05:41'),(28,'Health & Safety',64591,'2017-12-19 16:06:00','2017-12-19 16:06:00'),(29,'Environment',64591,'2017-12-19 16:06:39','2017-12-19 16:06:39'),(30,'Security',64591,'2017-12-19 16:06:53','2017-12-19 16:06:53'),(31,'Corporate Communications & Public Relations',64590,'2018-01-09 09:27:38','2018-01-09 09:27:38'),(32,'Corporate Social Responsibility',64590,'2018-01-09 09:28:36','2018-01-09 09:28:36'),(33,'Brand Management',64590,'2018-01-09 09:29:12','2018-01-09 09:29:12');
/*!40000 ALTER TABLE `units` ENABLE KEYS */;
UNLOCK TABLES;

--
-- Table structure for table `users`
--

DROP TABLE IF EXISTS `users`;
/*!40101 SET @saved_cs_client     = @@character_set_client */;
/*!40101 SET character_set_client = utf8 */;
CREATE TABLE `users` (
  `id` int(10) unsigned NOT NULL AUTO_INCREMENT,
  `role_id` int(10) unsigned NOT NULL,
  `unit_id` int(10) unsigned DEFAULT NULL,
  `email` varchar(150) COLLATE utf8mb4_unicode_ci DEFAULT NULL,
  `username` varchar(50) COLLATE utf8mb4_unicode_ci NOT NULL,
  `password` varchar(255) COLLATE utf8mb4_unicode_ci DEFAULT NULL,
  `firstname` varchar(255) COLLATE utf8mb4_unicode_ci NOT NULL,
  `lastname` varchar(255) COLLATE utf8mb4_unicode_ci NOT NULL,
  `gender` enum('male','female') COLLATE utf8mb4_unicode_ci NOT NULL,
  `staff_id` varchar(20) COLLATE utf8mb4_unicode_ci DEFAULT NULL,
  `status` enum('inactive','active','blocked') COLLATE utf8mb4_unicode_ci NOT NULL DEFAULT 'inactive',
  `remember_token` varchar(100) COLLATE utf8mb4_unicode_ci DEFAULT NULL,
  `created_at` timestamp NULL DEFAULT NULL,
  `updated_at` timestamp NULL DEFAULT NULL,
  PRIMARY KEY (`id`),
  UNIQUE KEY `users_email_unique` (`email`),
  UNIQUE KEY `users_staff_id_unique` (`staff_id`),
  KEY `users_role_id_foreign` (`role_id`),
  KEY `users_unit_id_foreign` (`unit_id`),
  CONSTRAINT `users_role_id_foreign` FOREIGN KEY (`role_id`) REFERENCES `roles` (`id`),
  CONSTRAINT `users_unit_id_foreign` FOREIGN KEY (`unit_id`) REFERENCES `units` (`id`)
) ENGINE=InnoDB AUTO_INCREMENT=57645 DEFAULT CHARSET=utf8mb4 COLLATE=utf8mb4_unicode_ci;
/*!40101 SET character_set_client = @saved_cs_client */;

--
-- Dumping data for table `users`
--

LOCK TABLES `users` WRITE;
/*!40000 ALTER TABLE `users` DISABLE KEYS */;
INSERT INTO `users` VALUES (56986,1528,1,'aomeru@salvicpetroleum.com','aomeru','$2y$10$R9McLYa6XNfYZkF2ZYFcEeFibs8CJMpfXXpcjciwQL.8/UKG7E/MC','Akpoteheri','Omeru','male','G17090167','active','FcS6pBclRih5CIofrOlyCpolgxFQmu157snBo41AyUbNGo0eqZ5t2C38HxCZ','2017-11-28 15:19:17','2018-01-19 10:41:33'),(57313,1529,NULL,'ABCOrjiako@salvicpetroleum.com','abcorjiako','','ABC','Orjiako','male',NULL,'inactive',NULL,'2017-11-28 15:19:17','2018-01-19 10:42:30'),(57314,1529,NULL,'AOnyejakwuzi@salvicpetroleum.com','aonyejakwuzi','','Adamma','Onyejakwuzi','male',NULL,'inactive',NULL,'2017-11-28 15:19:17','2018-01-19 10:42:30'),(57315,1529,NULL,'AOgunsade@salvicpetroleum.com','aogunsade','','Adedolapo','Ogunsade','male',NULL,'inactive',NULL,'2017-11-28 15:19:17','2018-01-19 10:42:30'),(57316,1529,NULL,'ABamigboye@salvicpetroleum.com','abamigboye','','Adegbemile','Bamigboye','male',NULL,'inactive',NULL,'2017-11-28 15:19:17','2018-01-19 10:42:30'),(57317,1529,NULL,'AOyebanji-Umaigba@salvicpetroleum.com','aoyebanji-umaigba','','Adejoke','Oyebanji-Umaigba','male',NULL,'inactive',NULL,'2017-11-28 15:19:17','2018-01-19 10:42:30'),(57318,1529,NULL,'AAdepitan@salvicpetroleum.com','aadepitan','','Adekunle','Adepitan','male',NULL,'inactive',NULL,'2017-11-28 15:19:17','2018-01-19 10:42:30'),(57319,1529,NULL,'AAmusa@salvicpetroleum.com','aamusa','','Ademola','Amusa','male',NULL,'inactive',NULL,'2017-11-28 15:19:18','2018-01-19 10:42:30'),(57320,1529,NULL,'AOkebiorun@salvicpetroleum.com','aokebiorun','','Adesanya','Okebiorun','male',NULL,'inactive',NULL,'2017-11-28 15:19:18','2018-01-19 10:42:30'),(57321,1529,NULL,'ABadmus@salvicpetroleum.com','abadmus','','Adetola','Badmus','male',NULL,'inactive',NULL,'2017-11-28 15:19:18','2018-01-19 10:42:30'),(57322,1528,1,'AAlaba@salvicpetroleum.com','aalaba','','Adetunji','Alaba','male','17080147','inactive',NULL,'2017-11-28 15:19:18','2018-01-19 10:42:30'),(57323,1529,NULL,'AEzeoguine@salvicpetroleum.com','aezeoguine','','Akudo','Ezeoguine','male',NULL,'inactive',NULL,'2017-11-28 15:19:18','2018-01-19 10:42:30'),(57324,1529,NULL,'AMokolo@salvicpetroleum.com','amokolo','','Alex','Mokolo','male',NULL,'inactive',NULL,'2017-11-28 15:19:18','2018-01-19 10:42:30'),(57325,1529,NULL,'AEzurum@salvicpetroleum.com','aezurum','','Alexander','Ezurum','male',NULL,'inactive',NULL,'2017-11-28 15:19:18','2018-01-19 10:42:30'),(57326,1529,NULL,'AEke@salvicpetroleum.com','aeke','','Amaechi','Eke','male',NULL,'inactive',NULL,'2017-11-28 15:19:18','2018-01-19 10:42:31'),(57327,1529,NULL,'AAmadiokoro@salvicpetroleum.com','aamadiokoro','','Amaka','Amadiokoro','male',NULL,'inactive',NULL,'2017-11-28 15:19:18','2018-01-19 10:42:31'),(57328,1529,NULL,'ANwokeji@salvicpetroleum.com','anwokeji','','Amaka','Nwokeji','male',NULL,'inactive',NULL,'2017-11-28 15:19:18','2018-01-19 10:42:31'),(57329,1529,NULL,'AOkudu@salvicpetroleum.com','aokudu','','Ambrose','Okudu','male',NULL,'inactive',NULL,'2017-11-28 15:19:18','2018-01-19 10:42:31'),(57330,1529,NULL,'AUzoma@salvicpetroleum.com','auzoma','','Ambrose','Uzoma','male',NULL,'inactive',NULL,'2017-11-28 15:19:18','2018-01-19 10:42:31'),(57331,1529,NULL,'AChukwuma@salvicpetroleum.com','achukwuma','','Amechi','Chukwuma','male',NULL,'inactive',NULL,'2017-11-28 15:19:18','2018-01-19 10:42:31'),(57332,1529,NULL,'AUsman@salvicpetroleum.com','ausman','','Amina Cynthia','Usman','male',NULL,'inactive',NULL,'2017-11-28 15:19:18','2018-01-19 10:42:31'),(57333,1529,NULL,'AOnokpise@salvicpetroleum.com','aonokpise','','Amos','Onokpise','male',NULL,'inactive',NULL,'2017-11-28 15:19:18','2018-01-19 10:42:31'),(57334,1529,NULL,'AOrioma@salvicpetroleum.com','aorioma','','Andrew','Orioma','male',NULL,'inactive',NULL,'2017-11-28 15:19:18','2018-01-19 10:42:31'),(57335,1529,NULL,'ANwachukwu@salvicpetroleum.com','anwachukwu','','Angel','Nwachukwu','male',NULL,'inactive',NULL,'2017-11-28 15:19:18','2018-01-19 10:42:31'),(57336,1529,NULL,'ABassey@salvicpetroleum.com','abassey','','Anthony','Bassey','male',NULL,'inactive',NULL,'2017-11-28 15:19:18','2018-01-19 10:42:31'),(57337,1529,NULL,'ABisong@salvicpetroleum.com','abisong','','Anthony','Bisong','male',NULL,'inactive',NULL,'2017-11-28 15:19:18','2018-01-19 10:42:31'),(57338,1529,NULL,'AIduh@salvicpetroleum.com','aiduh','','Anthony Okwudili','Iduh','male',NULL,'inactive',NULL,'2017-11-28 15:19:18','2018-01-19 10:42:31'),(57339,1529,NULL,'AUku@salvicpetroleum.com','auku','','Aselemi','Uku','male',NULL,'inactive',NULL,'2017-11-28 15:19:18','2018-01-19 10:42:31'),(57340,1529,NULL,'ANyakno-Abasi@salvicpetroleum.com','anyakno-abasi','','Asuquo','Nyakno-Abasi','male',NULL,'inactive',NULL,'2017-11-28 15:19:18','2018-01-19 10:42:31'),(57341,1529,NULL,'AAdumein@salvicpetroleum.com','aadumein','','Austine','Adumein','male',NULL,'inactive',NULL,'2017-11-28 15:19:18','2018-01-19 10:42:31'),(57342,1529,NULL,'AMuhammad@salvicpetroleum.com','amuhammad','','Auwal','Muhammad','male',NULL,'inactive',NULL,'2017-11-28 15:19:18','2018-01-19 10:42:31'),(57343,1529,NULL,'AShote@salvicpetroleum.com','ashote','','Ayobiyi','Shote','male',NULL,'inactive',NULL,'2017-11-28 15:19:18','2018-01-19 10:42:31'),(57344,1529,NULL,'AAkinola@salvicpetroleum.com','aakinola','','Ayokunle','Akinola','male',NULL,'inactive',NULL,'2017-11-28 15:19:18','2018-01-19 10:42:31'),(57345,1529,NULL,'ACookey@salvicpetroleum.com','acookey','','Azunna','Cookey','male',NULL,'inactive',NULL,'2017-11-28 15:19:18','2018-01-19 10:42:31'),(57346,1529,NULL,'BOdumuyiwa@salvicpetroleum.com','bodumuyiwa','','Babafemi','Odumuyiwa','male',NULL,'inactive',NULL,'2017-11-28 15:19:18','2018-01-19 10:42:31'),(57347,1529,NULL,'baml@salvicpetroleum.com','baml','','BAML','Gulfstream','male',NULL,'inactive',NULL,'2017-11-28 15:19:18','2018-01-19 10:41:33'),(57348,1529,NULL,'BOlugbile@salvicpetroleum.com','bolugbile','','Bankole','Olugbile','male',NULL,'inactive',NULL,'2017-11-28 15:19:18','2018-01-19 10:42:31'),(57349,1529,9,'BChukwudulue@salvicpetroleum.com','bchukwudulue','','Barnabas','Chukwudulue','male',NULL,'inactive',NULL,'2017-11-28 15:19:18','2018-01-19 10:42:31'),(57350,1529,NULL,'BEhighibe@salvicpetroleum.com','behighibe','','Becky','Ehighibe','male',NULL,'inactive',NULL,'2017-11-28 15:19:18','2018-01-19 10:42:31'),(57351,1529,NULL,'BIbebuchi@salvicpetroleum.com','bibebuchi','','Ben','Ibebuchi','male',NULL,'inactive',NULL,'2017-11-28 15:19:18','2018-01-19 10:42:31'),(57352,1529,NULL,'BOnyekaonwu@salvicpetroleum.com','bonyekaonwu','','Benedict','Onyekaonwu','male',NULL,'inactive',NULL,'2017-11-28 15:19:18','2018-01-19 10:42:31'),(57353,1529,NULL,'BOseji@salvicpetroleum.com','boseji','','Benson','Oseji','male',NULL,'inactive',NULL,'2017-11-28 15:19:19','2018-01-19 10:42:31'),(57354,1529,NULL,'BEbigbo@salvicpetroleum.com','bebigbo','','Bibian','Ebigbo','male',NULL,'inactive',NULL,'2017-11-28 15:19:19','2018-01-19 10:42:31'),(57355,1529,6,'bids@salvicpetroleum.com','bids','','bids','bids','male',NULL,'inactive',NULL,'2017-11-28 15:19:19','2018-01-19 10:41:33'),(57356,1529,NULL,'CUdeoha@salvicpetroleum.com','cudeoha','','Caleb','Udeoha','male',NULL,'inactive',NULL,'2017-11-28 15:19:19','2018-01-19 10:42:31'),(57357,1529,NULL,'CAkahomhen@salvicpetroleum.com','cakahomhen','','Celestine','Akahomhen','male',NULL,'inactive',NULL,'2017-11-28 15:19:19','2018-01-19 10:42:31'),(57358,1529,NULL,'CUgwu@salvicpetroleum.com','cugwu','','Celestine','Ugwu','male',NULL,'inactive',NULL,'2017-11-28 15:19:19','2018-01-19 10:42:31'),(57359,1529,NULL,'CLoader@salvicpetroleum.com','cloader','','Celine','Loader','male',NULL,'inactive',NULL,'2017-11-28 15:19:19','2018-01-19 10:42:31'),(57360,1529,NULL,'COparaocha@salvicpetroleum.com','coparaocha','','Charity','Oparaocha','male',NULL,'inactive',NULL,'2017-11-28 15:19:19','2018-01-19 10:42:31'),(57361,1529,NULL,'CEzeoke@salvicpetroleum.com','cezeoke','','Charles','Ezeoke','male',NULL,'inactive',NULL,'2017-11-28 15:19:19','2018-01-19 10:42:31'),(57362,1529,NULL,'CIbiok@salvicpetroleum.com','cibiok','','Charles','Ibiok','male',NULL,'inactive',NULL,'2017-11-28 15:19:19','2018-01-19 10:42:31'),(57363,1529,NULL,'CNdukwu@salvicpetroleum.com','cndukwu','','Charles','Ndukwu','male',NULL,'inactive',NULL,'2017-11-28 15:19:19','2018-01-19 10:42:31'),(57364,1529,NULL,'CAnukam@salvicpetroleum.com','canukam','','Chetachi','Anukam','male',NULL,'inactive',NULL,'2017-11-28 15:19:19','2018-01-19 10:42:31'),(57365,1529,NULL,'CAkukwe@salvicpetroleum.com','cakukwe','','Chibu','Akukwe','male',NULL,'inactive',NULL,'2017-11-28 15:19:19','2018-01-19 10:42:31'),(57366,1529,NULL,'CIbewuike@salvicpetroleum.com','cibewuike','','Chibueze','Ibewuike','male',NULL,'inactive',NULL,'2017-11-28 15:19:19','2018-01-19 10:42:31'),(57367,1529,NULL,'CNwanze@salvicpetroleum.com','cnwanze','','Chidera','Nwanze','male',NULL,'inactive',NULL,'2017-11-28 15:19:19','2018-01-19 10:42:31'),(57368,1529,NULL,'CChukwueke@salvicpetroleum.com','cchukwueke','','Chidi','Chukwueke','male',NULL,'inactive',NULL,'2017-11-28 15:19:19','2018-01-19 10:42:31'),(57369,1529,NULL,'COrazulike@salvicpetroleum.com','corazulike','','Chidi','Orazulike','male',NULL,'inactive',NULL,'2017-11-28 15:19:19','2018-01-19 10:42:31'),(57370,1529,NULL,'CWigwe@salvicpetroleum.com','cwigwe','','Chidi','Wigwe','male',NULL,'inactive',NULL,'2017-11-28 15:19:19','2018-01-19 10:42:31'),(57371,1529,NULL,'Cogu@salvicpetroleum.com','cogu','','Chigozie','Ogu','male',NULL,'inactive',NULL,'2017-11-28 15:19:19','2018-01-19 10:42:32'),(57372,1529,NULL,'CMaduakor@salvicpetroleum.com','cmaduakor','','Chijioke','Maduakor','male',NULL,'inactive',NULL,'2017-11-28 15:19:19','2018-01-19 10:42:32'),(57373,1529,NULL,'CAkah@salvicpetroleum.com','cakah','','Chimsom','Akah','male',NULL,'inactive',NULL,'2017-11-28 15:19:19','2018-01-19 10:42:32'),(57374,1529,NULL,'CObiagazie@salvicpetroleum.com','cobiagazie','','Chinaza','Obiagazie','male',NULL,'inactive',NULL,'2017-11-28 15:19:19','2018-01-19 10:42:32'),(57375,1529,NULL,'CUdeolisa@salvicpetroleum.com','cudeolisa','','Chinedu Godson','Udeolisa','male',NULL,'inactive',NULL,'2017-11-28 15:19:19','2018-01-19 10:42:32'),(57376,1529,NULL,'CNwajiobi@salvicpetroleum.com','cnwajiobi','','Chinedu','Nwajiobi','male',NULL,'inactive',NULL,'2017-11-28 15:19:19','2018-01-19 10:42:32'),(57377,1529,NULL,'CNwosu@salvicpetroleum.com','cnwosu','','Chinedu','Nwosu','male',NULL,'inactive',NULL,'2017-11-28 15:19:19','2018-01-19 10:42:32'),(57378,1529,NULL,'COdumodu@salvicpetroleum.com','codumodu','','Chinedu','Odumodu','male',NULL,'inactive',NULL,'2017-11-28 15:19:19','2018-01-19 10:42:32'),(57379,1529,NULL,'CAgbasiere@salvicpetroleum.com','cagbasiere','','Chinenye','Agbasiere','male',NULL,'inactive',NULL,'2017-11-28 15:19:19','2018-01-19 10:42:32'),(57380,1529,NULL,'CObi@salvicpetroleum.com','cobi','','Chinenye','Obi','male',NULL,'inactive',NULL,'2017-11-28 15:19:19','2018-01-19 10:42:32'),(57381,1529,NULL,'CObiefule@salvicpetroleum.com','cobiefule','','Chinenye','Obiefule','male',NULL,'inactive',NULL,'2017-11-28 15:19:19','2018-01-19 10:42:32'),(57382,1528,1,'CUkaigwe@salvicpetroleum.com','cukaigwe','','Chinenye','Ukaigwe','male',NULL,'inactive',NULL,'2017-11-28 15:19:19','2018-01-19 10:42:32'),(57383,1529,NULL,'COjimba@salvicpetroleum.com','cojimba','','Chinonso','Ojimba','male',NULL,'inactive',NULL,'2017-11-28 15:19:19','2018-01-19 10:42:32'),(57384,1529,NULL,'CAkpuru@salvicpetroleum.com','cakpuru','','Chinwe','Akpuru','male',NULL,'inactive',NULL,'2017-11-28 15:19:19','2018-01-19 10:42:32'),(57385,1529,NULL,'COwualah@salvicpetroleum.com','cowualah','','Chinyere','Owualah','male',NULL,'inactive',NULL,'2017-11-28 15:19:19','2018-01-19 10:42:32'),(57386,1529,NULL,'CIbekwe@salvicpetroleum.com','cibekwe','','Chioma','Ibekwe','male',NULL,'inactive',NULL,'2017-11-28 15:19:19','2018-01-19 10:42:32'),(57387,1529,NULL,'CNjoku@salvicpetroleum.com','cnjoku','','Chisom','Njoku','male',NULL,'inactive',NULL,'2017-11-28 15:19:19','2018-01-19 10:42:32'),(57388,1529,NULL,'CEbokam@salvicpetroleum.com','cebokam','','Chizoba','Ebokam','male',NULL,'inactive',NULL,'2017-11-28 15:19:20','2018-01-19 10:42:32'),(57389,1529,NULL,'CIheobi@salvicpetroleum.com','ciheobi','','Christopher','Iheobi','male',NULL,'inactive',NULL,'2017-11-28 15:19:20','2018-01-19 10:42:32'),(57390,1529,NULL,'COfoluwa@salvicpetroleum.com','cofoluwa','','Christopher','Ofoluwa','male',NULL,'inactive',NULL,'2017-11-28 15:19:20','2018-01-19 10:42:32'),(57391,1529,NULL,'COkoye@salvicpetroleum.com','cokoye','','Christopher','Okoye','male',NULL,'inactive',NULL,'2017-11-28 15:19:20','2018-01-19 10:42:32'),(57392,1529,NULL,'COnwuakpa@salvicpetroleum.com','conwuakpa','','Chukwuebuka','Onwuakpa','male',NULL,'inactive',NULL,'2017-11-28 15:19:20','2018-01-19 10:42:32'),(57393,1529,NULL,'CIwunwah@salvicpetroleum.com','ciwunwah','','Chukwuemeka','Iwunwah','male',NULL,'inactive',NULL,'2017-11-28 15:19:20','2018-01-19 10:42:32'),(57394,1529,NULL,'CUmechukwu@salvicpetroleum.com','cumechukwu','','Chukwuka','Umechukwu','male',NULL,'inactive',NULL,'2017-11-28 15:19:20','2018-01-19 10:42:32'),(57395,1529,NULL,'CEmelisi@salvicpetroleum.com','cemelisi','','Chukwuma','Emelisi','male',NULL,'inactive',NULL,'2017-11-28 15:19:20','2018-01-19 10:42:32'),(57396,1529,NULL,'CNwachukwu@salvicpetroleum.com','cnwachukwu','','Chukwuma Ikenna','Nwachukwu','male',NULL,'inactive',NULL,'2017-11-28 15:19:20','2018-01-19 10:42:32'),(57397,1529,NULL,'CAmadi@salvicpetroleum.com','camadi','','Collins','Amadi','male',NULL,'inactive',NULL,'2017-11-28 15:19:20','2018-01-19 10:42:32'),(57398,1529,NULL,'CIyalla@salvicpetroleum.com','ciyalla','','Collins','Iyalla','male',NULL,'inactive',NULL,'2017-11-28 15:19:20','2018-01-19 10:42:32'),(57399,1529,14,'corporateservices@salvicpetroleum.com','corporateservices','','Corporate','Services','male',NULL,'inactive',NULL,'2017-11-28 15:19:20','2018-01-19 10:41:33'),(57400,1529,NULL,'DIruobe@salvicpetroleum.com','diruobe','','Dada','Iruobe','male',NULL,'inactive',NULL,'2017-11-28 15:19:20','2018-01-19 10:42:32'),(57401,1529,NULL,'DUmukoro@salvicpetroleum.com','dumukoro','','Daniel','Umukoro','male',NULL,'inactive',NULL,'2017-11-28 15:19:20','2018-01-19 10:42:32'),(57402,1529,NULL,'DFatimilehin@salvicpetroleum.com','dfatimilehin','','David','Fatimilehin','male',NULL,'inactive',NULL,'2017-11-28 15:19:20','2018-01-19 10:42:32'),(57403,1529,NULL,'DIgbemo@salvicpetroleum.com','digbemo','','David','Igbemo','male',NULL,'inactive',NULL,'2017-11-28 15:19:20','2018-01-19 10:42:32'),(57404,1529,NULL,'DOkenwa@salvicpetroleum.com','dokenwa','','David','Okenwa','male',NULL,'inactive',NULL,'2017-11-28 15:19:20','2018-01-19 10:42:32'),(57405,1529,NULL,'DIkpa@salvicpetroleum.com','dikpa','','DEBORAH AZA-ERE','IKPA','male',NULL,'inactive',NULL,'2017-11-28 15:19:20','2018-01-19 10:42:32'),(57406,1529,NULL,'DUmege@salvicpetroleum.com','dumege','','Declan','Umege','male',NULL,'inactive',NULL,'2017-11-28 15:19:20','2018-01-19 10:42:32'),(57407,1529,NULL,'DFianka@salvicpetroleum.com','dfianka','','Diamond','Fianka','male',NULL,'inactive',NULL,'2017-11-28 15:19:20','2018-01-19 10:42:32'),(57408,1529,NULL,'DOhwo@salvicpetroleum.com','dohwo','','Duke','Ohwo','male',NULL,'inactive',NULL,'2017-11-28 15:19:20','2018-01-19 10:42:32'),(57409,1529,NULL,'DynamicsERP@salvicpetroleum.com','dynamicserp','','Dynamics','ERP','male',NULL,'inactive',NULL,'2017-11-28 15:19:20','2018-01-19 10:42:32'),(57410,1529,NULL,'EUgboma@salvicpetroleum.com','eugboma','','Ebele','Ugboma','male',NULL,'inactive',NULL,'2017-11-28 15:19:20','2018-01-19 10:42:32'),(57411,1529,NULL,'EAjayi@salvicpetroleum.com','eajayi','','Ebenezer','Ajayi','male',NULL,'inactive',NULL,'2017-11-28 15:19:21','2018-01-19 10:42:32'),(57412,1529,NULL,'EAgbasiere@salvicpetroleum.com','eagbasiere','','Ebuka','Agbasiere','male',NULL,'inactive',NULL,'2017-11-28 15:19:21','2018-01-19 10:42:32'),(57413,1529,NULL,'EEzie@salvicpetroleum.com','eezie','','Edmund','Ezie','male',NULL,'inactive',NULL,'2017-11-28 15:19:21','2018-01-19 10:42:32'),(57414,1529,NULL,'EOyewusi@salvicpetroleum.com','eoyewusi','','Efe','Oyewusi','male',NULL,'inactive',NULL,'2017-11-28 15:19:21','2018-01-19 10:42:32'),(57415,1529,NULL,'EDomingo@salvicpetroleum.com','edomingo','','Efize','Domingo','male',NULL,'inactive',NULL,'2017-11-28 15:19:21','2018-01-19 10:42:32'),(57416,1526,1,'ENta@salvicpetroleum.com','enta','$2y$10$hHQlGLbqlT75QQQHIAdxR.12CCoKf1HrGj7dRirD785HgdwNgctbm','Ekaete','Nta','female',NULL,'active',NULL,'2017-11-28 15:19:21','2018-01-19 10:42:32'),(57417,1529,NULL,'EUtake@salvicpetroleum.com','eutake','','Elfreda','Utake','male',NULL,'inactive',NULL,'2017-11-28 15:19:21','2018-01-19 10:42:32'),(57418,1529,NULL,'EOko@salvicpetroleum.com','eoko','','Elizabeth','Oko','male',NULL,'inactive',NULL,'2017-11-28 15:19:21','2018-01-19 10:42:32'),(57419,1529,NULL,'EOokerenta@salvicpetroleum.com','eookerenta','','Emenike','Onyegeme-Okerenta','male',NULL,'inactive',NULL,'2017-11-28 15:19:21','2018-01-19 10:42:32'),(57420,1529,NULL,'EEjemai@salvicpetroleum.com','eejemai','','Emmanuel','Ejemai','male',NULL,'inactive',NULL,'2017-11-28 15:19:21','2018-01-19 10:42:32'),(57421,1529,NULL,'EJaja@salvicpetroleum.com','ejaja','','Emmanuel','Jaja','male',NULL,'inactive',NULL,'2017-11-28 15:19:21','2018-01-19 10:42:32'),(57422,1529,NULL,'EMbonu@salvicpetroleum.com','embonu','','Emmanuel','Mbonu','male',NULL,'inactive',NULL,'2017-11-28 15:19:21','2018-01-19 10:42:32'),(57423,1529,NULL,'EUdofia@salvicpetroleum.com','eudofia','','Emmanuel','Udofia','male',NULL,'inactive',NULL,'2017-11-28 15:19:21','2018-01-19 10:42:32'),(57424,1529,NULL,'EOvedje@salvicpetroleum.com','eovedje','','Emojevwe','Ovedje','male',NULL,'inactive',NULL,'2017-11-28 15:19:21','2018-01-19 10:42:32'),(57425,1529,NULL,'EEbi@salvicpetroleum.com','eebi','','Ernest','Ebi','male',NULL,'inactive',NULL,'2017-11-28 15:19:21','2018-01-19 10:42:32'),(57426,1529,NULL,'EObikwere@salvicpetroleum.com','eobikwere','','Ernest','Obikwere','male',NULL,'inactive',NULL,'2017-11-28 15:19:21','2018-01-19 10:42:32'),(57427,1529,NULL,'EAnenih@salvicpetroleum.com','eanenih','','Esosa','Anenih','male',NULL,'inactive',NULL,'2017-11-28 15:19:21','2018-01-19 10:42:32'),(57428,1530,NULL,'Ethics_Compliance@salvicpetroleum.com','ethics_compliance','','Ethics','Compliance','male',NULL,'inactive',NULL,'2017-11-28 15:19:21','2018-01-19 10:42:32'),(57429,1529,NULL,'EAgagwo@salvicpetroleum.com','eagagwo','','Eugene','Agagwo','male',NULL,'inactive',NULL,'2017-11-28 15:19:21','2018-01-19 10:42:32'),(57430,1529,NULL,'EOkoli@salvicpetroleum.com','eokoli','','Eugene','Okoli','male',NULL,'inactive',NULL,'2017-11-28 15:19:21','2018-01-19 10:42:32'),(57431,1529,NULL,'EOkiemute@salvicpetroleum.com','eokiemute','','Evovo','Okiemute','male',NULL,'inactive',NULL,'2017-11-28 15:19:21','2018-01-19 10:42:32'),(57432,1529,NULL,'EUzah@salvicpetroleum.com','euzah','','Ewere','Uzah','male',NULL,'inactive',NULL,'2017-11-28 15:19:21','2018-01-19 10:42:32'),(57433,1529,31,'FJabai@salvicpetroleum.com','fjabai','','Faith','Jabai','male',NULL,'inactive',NULL,'2017-11-28 15:19:21','2018-01-19 10:42:32'),(57434,1529,NULL,'FOtite@salvicpetroleum.com','fotite','','Favour','Otite','male',NULL,'inactive',NULL,'2017-11-28 15:19:21','2018-01-19 10:42:32'),(57435,1529,NULL,'FIdehen@salvicpetroleum.com','fidehen','','Festus','Idehen','male',NULL,'inactive',NULL,'2017-11-28 15:19:21','2018-01-19 10:42:32'),(57436,1529,NULL,'FOshodin@salvicpetroleum.com','foshodin','','Festus','Oshodin','male',NULL,'inactive',NULL,'2017-11-28 15:19:21','2018-01-19 10:42:32'),(57437,1529,NULL,'FOnichabor@salvicpetroleum.com','fonichabor','','Fidel','Onichabor','male',NULL,'inactive',NULL,'2017-11-28 15:19:22','2018-01-19 10:42:32'),(57438,1529,NULL,'FFolly@salvicpetroleum.com','ffolly','','Francis','Folly','male',NULL,'inactive',NULL,'2017-11-28 15:19:22','2018-01-19 10:42:32'),(57439,1529,NULL,'FObaremi@salvicpetroleum.com','fobaremi','','Francis','Obaremi','male',NULL,'inactive',NULL,'2017-11-28 15:19:22','2018-01-19 10:42:32'),(57440,1529,NULL,'FObinatu@salvicpetroleum.com','fobinatu','','Francisca','Obinatu','male',NULL,'inactive',NULL,'2017-11-28 15:19:22','2018-01-19 10:42:32'),(57441,1529,NULL,'FAzichoba@salvicpetroleum.com','fazichoba','','Frank','Azichoba','male',NULL,'inactive',NULL,'2017-11-28 15:19:22','2018-01-19 10:42:32'),(57442,1529,NULL,'FOsifo@salvicpetroleum.com','fosifo','','Fred','Osifo','male',NULL,'inactive',NULL,'2017-11-28 15:19:22','2018-01-19 10:42:32'),(57443,1529,NULL,'FEtim@salvicpetroleum.com','fetim','','Fredrick','Etim','male',NULL,'inactive',NULL,'2017-11-28 15:19:22','2018-01-19 10:42:32'),(57444,1529,NULL,'FDoukade@salvicpetroleum.com','fdoukade','','Fufeyin','Doukade','male',NULL,'inactive',NULL,'2017-11-28 15:19:22','2018-01-19 10:42:32'),(57445,1529,NULL,'FFufeyin@salvicpetroleum.com','ffufeyin','','Funkakpo','Fufeyin','male',NULL,'inactive',NULL,'2017-11-28 15:19:22','2018-01-19 10:42:32'),(57446,1529,NULL,'GNyam@salvicpetroleum.com','gnyam','','Garba','Nyam','male',NULL,'inactive',NULL,'2017-11-28 15:19:22','2018-01-19 10:42:32'),(57447,1529,NULL,'GEwhrudjakpo@salvicpetroleum.com','gewhrudjakpo','','Genetik','Ewhrudjakpo','male',NULL,'inactive',NULL,'2017-11-28 15:19:22','2018-01-19 10:42:32'),(57448,1529,NULL,'Glencore@salvicpetroleum.com','glencore','','Glencore','Gulfstream','male',NULL,'inactive',NULL,'2017-11-28 15:19:22','2018-01-19 10:42:32'),(57449,1529,NULL,'GNsofor@salvicpetroleum.com','gnsofor','','Gogo','Nsofor','male',NULL,'inactive',NULL,'2017-11-28 15:19:22','2018-01-19 10:42:32'),(57450,1529,NULL,'GAdio@salvicpetroleum.com','gadio','','Goriola','Adio','male',NULL,'inactive',NULL,'2017-11-28 15:19:22','2018-01-19 10:42:32'),(57451,1529,NULL,'GEnyinnaya@salvicpetroleum.com','genyinnaya','','Greg-Chido','Enyinnaya','male',NULL,'inactive',NULL,'2017-11-28 15:19:22','2018-01-19 10:42:32'),(57452,1529,NULL,'GAmanze@salvicpetroleum.com','gamanze','','Greg','Amanze','male',NULL,'inactive',NULL,'2017-11-28 15:19:22','2018-01-19 10:42:32'),(57453,1529,NULL,'HUsman@salvicpetroleum.com','husman','','Hashim','Usman','male',NULL,'inactive',NULL,'2017-11-28 15:19:22','2018-01-19 10:42:32'),(57454,1529,NULL,'HOrjiako@salvicpetroleum.com','horjiako','','Henrietta','Orjiako','male',NULL,'inactive',NULL,'2017-11-28 15:19:22','2018-01-19 10:42:32'),(57455,1529,NULL,'HMmeje@salvicpetroleum.com','hmmeje','','Henry','Mmeje','male',NULL,'inactive',NULL,'2017-11-28 15:19:22','2018-01-19 10:42:32'),(57456,1529,NULL,'HOkee@salvicpetroleum.com','hokee','','Henry','Okee','male',NULL,'inactive',NULL,'2017-11-28 15:19:22','2018-01-19 10:42:32'),(57457,1529,NULL,'HEOSL@salvicpetroleum.com','heosl','','HEOSL','','male',NULL,'inactive',NULL,'2017-11-28 15:19:22','2018-01-19 10:42:32'),(57458,1529,NULL,'HOil@salvicpetroleum.com','hoil','','Heritage','Oil','male',NULL,'inactive',NULL,'2017-11-28 15:19:22','2018-01-19 10:42:32'),(57459,1530,9,'HSSEQNotifications@salvicpetroleum.com','hsseqnotifications','','HSSEQ','Notification','male',NULL,'inactive',NULL,'2017-11-28 15:19:22','2018-01-19 10:42:32'),(57460,1529,NULL,'HAnozie@salvicpetroleum.com','hanozie','','Humphrey','Anozie','male',NULL,'inactive',NULL,'2017-11-28 15:19:22','2018-01-19 10:42:32'),(57461,1529,NULL,'IAjieh@salvicpetroleum.com','iajieh','','Ifeanyi','Ajieh','male',NULL,'inactive',NULL,'2017-11-28 15:19:22','2018-01-19 10:42:32'),(57462,1529,NULL,'IAkonu@salvicpetroleum.com','iakonu','','Ifeanyi','Akonu','male',NULL,'inactive',NULL,'2017-11-28 15:19:22','2018-01-19 10:42:32'),(57463,1529,NULL,'IAkpuru@salvicpetroleum.com','iakpuru','','Ifeanyi','Akpuru','male',NULL,'inactive',NULL,'2017-11-28 15:19:22','2018-01-19 10:42:32'),(57464,1529,NULL,'IIkueze@salvicpetroleum.com','iikueze','','Ifeanyi','Ikueze','male',NULL,'inactive',NULL,'2017-11-28 15:19:22','2018-01-19 10:42:32'),(57465,1529,NULL,'IOnwuneme@salvicpetroleum.com','ionwuneme','','Ifeanyi','Onwuneme','male',NULL,'inactive',NULL,'2017-11-28 15:19:22','2018-01-19 10:42:32'),(57466,1529,NULL,'IUzoeto@salvicpetroleum.com','iuzoeto','','Ifeanyi','Uzoeto','male',NULL,'inactive',NULL,'2017-11-28 15:19:22','2018-01-19 10:42:32'),(57467,1529,NULL,'IOdiokpu@salvicpetroleum.com','iodiokpu','','Ifeanyichukwu','Odiokpu','male',NULL,'inactive',NULL,'2017-11-28 15:19:22','2018-01-19 10:42:32'),(57468,1529,NULL,'IOnyedi@salvicpetroleum.com','ionyedi','','Ifeyinwa','Onyedi','male',NULL,'inactive',NULL,'2017-11-28 15:19:22','2018-01-19 10:42:32'),(57469,1529,NULL,'IEgbuna@salvicpetroleum.com','iegbuna','','Ifunanya','Egbuna','male',NULL,'inactive',NULL,'2017-11-28 15:19:22','2018-01-19 10:42:32'),(57470,1529,NULL,'IEkwueme@salvicpetroleum.com','iekwueme','','Ifunanya','Ekwueme','male',NULL,'inactive',NULL,'2017-11-28 15:19:22','2018-01-19 10:42:32'),(57471,1529,NULL,'IUkah@salvicpetroleum.com','iukah','','Iheanyichi','Ukah','male',NULL,'inactive',NULL,'2017-11-28 15:19:23','2018-01-19 10:42:32'),(57472,1529,NULL,'IOkonkwo-Eje@salvicpetroleum.com','iokonkwo-eje','','Ijeamaka','Okonkwo-Eje','male',NULL,'inactive',NULL,'2017-11-28 15:19:23','2018-01-19 10:42:32'),(57473,1529,NULL,'IOnyeador@salvicpetroleum.com','ionyeador','','Ijeoma','Onyeador','male',NULL,'inactive',NULL,'2017-11-28 15:19:23','2018-01-19 10:42:32'),(57474,1529,NULL,'IEgboh@salvicpetroleum.com','iegboh','','Ike','Egboh','male',NULL,'inactive',NULL,'2017-11-28 15:19:23','2018-01-19 10:42:32'),(57475,1529,NULL,'IOkafor@salvicpetroleum.com','iokafor','','Ikemefuna','Okafor','male',NULL,'inactive',NULL,'2017-11-28 15:19:23','2018-01-19 10:42:32'),(57476,1529,NULL,'INtomchukwu@salvicpetroleum.com','intomchukwu','','Ikenna','Ntomchukwu','male',NULL,'inactive',NULL,'2017-11-28 15:19:23','2018-01-19 10:42:32'),(57477,1529,NULL,'IMmuoh@salvicpetroleum.com','immuoh','','Innocent','Mmuoh','male',NULL,'inactive',NULL,'2017-11-28 15:19:23','2018-01-19 10:42:32'),(57478,1529,NULL,'IObi@salvicpetroleum.com','iobi','','Innocent','Obi','male',NULL,'inactive',NULL,'2017-11-28 15:19:23','2018-01-19 10:42:32'),(57479,1529,NULL,'BInubiwon@salvicpetroleum.com','binubiwon','','Inubiwon','Blessing','male',NULL,'inactive',NULL,'2017-11-28 15:19:23','2018-01-19 10:42:32'),(57480,1529,NULL,'PInyeke@salvicpetroleum.com','pinyeke','','Inyeke','Osborno Peter','male',NULL,'inactive',NULL,'2017-11-28 15:19:23','2018-01-19 10:42:32'),(57481,1529,NULL,'ILucky@salvicpetroleum.com','ilucky','','Irivike','Lucky','male',NULL,'inactive',NULL,'2017-11-28 15:19:23','2018-01-19 10:42:32'),(57482,1529,NULL,'IOlaleru@salvicpetroleum.com','iolaleru','','Israel','Olaleru','male',NULL,'inactive',NULL,'2017-11-28 15:19:23','2018-01-19 10:42:32'),(57483,1528,1,'ITrequest@salvicpetroleum.com','itrequest','','IT','Request','male',NULL,'inactive',NULL,'2017-11-28 15:19:23','2018-01-19 10:42:32'),(57484,1525,1,'itsupport@salvicpetroleum.com','itsupport','$2y$10$Anfrcsjk5pu4Ts1YwkhVq.lR2tG0RYcET.Vl8feex9Wh9HekaCBG2','IT','Support','male',NULL,'active','DmUfv8AYirb2YvFSfQCuRXSWAzQHTdcugE2HLIOewnlgndw6q4mUbCmWQBNY','2017-11-28 15:19:23','2018-01-19 10:41:33'),(57485,1529,NULL,'IWest@salvicpetroleum.com','iwest','','Ivan','West','male',NULL,'inactive',NULL,'2017-11-28 15:19:23','2018-01-19 10:42:32'),(57486,1529,NULL,'JParker@salvicpetroleum.com','jparker','','Jason','Parker','male',NULL,'inactive',NULL,'2017-11-28 15:19:23','2018-01-19 10:42:32'),(57487,1529,NULL,'JOharisi@salvicpetroleum.com','joharisi','','Jeremiah','Oharisi','male',NULL,'inactive',NULL,'2017-11-28 15:19:23','2018-01-19 10:42:32'),(57488,1529,NULL,'JDObaseki@salvicpetroleum.com','jdobaseki','','Jerry','Dawnson-Obaseki','male',NULL,'inactive',NULL,'2017-11-28 15:19:23','2018-01-19 10:42:32'),(57489,1529,NULL,'JAnyigbo@salvicpetroleum.com','janyigbo','','Joel','Anyigbo','male',NULL,'inactive',NULL,'2017-11-28 15:19:23','2018-01-19 10:42:32'),(57490,1529,NULL,'JOnu@salvicpetroleum.com','jonu','','John Fredrick','Onu','male',NULL,'inactive',NULL,'2017-11-28 15:19:23','2018-01-19 10:42:32'),(57491,1529,NULL,'JIkomi@salvicpetroleum.com','jikomi','','John','Ikomi','male',NULL,'inactive',NULL,'2017-11-28 15:19:23','2018-01-19 10:42:32'),(57492,1528,1,'JIkwuka@salvicpetroleum.com','jikwuka','$2y$10$DvooAwsnHGZ7Arw1UDFRT.FXeqd6ui8ge3/rhWT7vMaiIBDwe9vnm','John','Ikwuka','male',NULL,'active','u8XN2Zk8KzZlpDNaIvJBwJ2tsWPPcw1p2NZOKFxv5nwVJZXeC5mEVD7Kc4Ur','2017-11-28 15:19:23','2018-01-19 10:42:32'),(57493,1529,NULL,'JOkoisama@salvicpetroleum.com','jokoisama','','Joseph','Okoisama','male',NULL,'inactive',NULL,'2017-11-28 15:19:23','2018-01-19 10:42:32'),(57494,1529,NULL,'JIbeh@salvicpetroleum.com','jibeh','','Juliet','Ibeh','male',NULL,'inactive',NULL,'2017-11-28 15:19:23','2018-01-19 10:42:32'),(57495,1529,NULL,'JUtomhin@salvicpetroleum.com','jutomhin','','Julius','Utomhin','male',NULL,'inactive',NULL,'2017-11-28 15:19:23','2018-01-19 10:42:32'),(57496,1529,NULL,'JKanife@salvicpetroleum.com','jkanife','','Justin','Kanife','male',NULL,'inactive',NULL,'2017-11-28 15:19:23','2018-01-19 10:42:32'),(57497,1529,NULL,'KKamanu@salvicpetroleum.com','kkamanu','','Kelechi','Kamanu','male',NULL,'inactive',NULL,'2017-11-28 15:19:23','2018-01-19 10:42:32'),(57498,1529,NULL,'KIlobi@salvicpetroleum.com','kilobi','','Kelechi','Ilobi','male',NULL,'inactive',NULL,'2017-11-28 15:19:23','2018-01-19 10:42:32'),(57499,1529,NULL,'KOnuoha@salvicpetroleum.com','konuoha','','Kelechi','Onuoha','male',NULL,'inactive',NULL,'2017-11-28 15:19:23','2018-01-19 10:42:32'),(57500,1529,NULL,'KMadueke@salvicpetroleum.com','kmadueke','','Kennedy Obinna','Madueke','male',NULL,'inactive',NULL,'2017-11-28 15:19:23','2018-01-19 10:42:32'),(57501,1529,NULL,'KOsuzoka@salvicpetroleum.com','kosuzoka','','Kennedy','Osuzoka','male',NULL,'inactive',NULL,'2017-11-28 15:19:23','2018-01-19 10:42:32'),(57502,1529,NULL,'KOgwo@salvicpetroleum.com','kogwo','','Kenneth','Ogwo','male',NULL,'inactive',NULL,'2017-11-28 15:19:23','2018-01-19 10:42:32'),(57503,1529,NULL,'KAnegimo@salvicpetroleum.com','kanegimo','','Kenneth','Anegimo','male',NULL,'inactive',NULL,'2017-11-28 15:19:23','2018-01-19 10:42:32'),(57504,1529,NULL,'KEzeoke@salvicpetroleum.com','kezeoke','','Kenneth','Ezeoke','male',NULL,'inactive',NULL,'2017-11-28 15:19:23','2018-01-19 10:42:32'),(57505,1529,9,'KOkolie@salvicpetroleum.com','kokolie','','Kenneth','Okolie','male',NULL,'inactive',NULL,'2017-11-28 15:19:23','2018-01-19 10:42:32'),(57506,1529,NULL,'KOsuoha@salvicpetroleum.com','kosuoha','','Kenneth','Osuoha','male',NULL,'inactive',NULL,'2017-11-28 15:19:23','2018-01-19 10:42:32'),(57507,1529,NULL,'KEnegesi@salvicpetroleum.com','kenegesi','','Kingsley','Enegesi','male',NULL,'inactive',NULL,'2017-11-28 15:19:24','2018-01-19 10:42:32'),(57508,1529,NULL,'KNkue-Leyira@salvicpetroleum.com','knkue-leyira','','Kirika','Nkue-Leyira','male',NULL,'inactive',NULL,'2017-11-28 15:19:24','2018-01-19 10:42:32'),(57509,1529,NULL,'KAcholonu@salvicpetroleum.com','kacholonu','','Kodizie','Acholonu','male',NULL,'inactive',NULL,'2017-11-28 15:19:24','2018-01-19 10:42:32'),(57510,1529,NULL,'KPoku-Amanfo@salvicpetroleum.com','kpoku-amanfo','','Kwabena','Poku-Amanfo','male',NULL,'inactive',NULL,'2017-11-28 15:19:24','2018-01-19 10:42:32'),(57511,1529,NULL,'LFatayi-Williams@salvicpetroleum.com','lfatayi-williams','','Lauretta','Fatayi-Williams','male',NULL,'inactive',NULL,'2017-11-28 15:19:24','2018-01-19 10:42:32'),(57512,1529,NULL,'LOvrawah@salvicpetroleum.com','lovrawah','','Leonard','Ovrawah','male',NULL,'inactive',NULL,'2017-11-28 15:19:24','2018-01-19 10:42:32'),(57513,1529,NULL,'LEzidiegwu@salvicpetroleum.com','lezidiegwu','','Levi Chukwudi','Ezidiegwu','male',NULL,'inactive',NULL,'2017-11-28 15:19:24','2018-01-19 10:42:32'),(57514,1529,NULL,'LOkorobasi@salvicpetroleum.com','lokorobasi','','Levi','Okorobasi','male',NULL,'inactive',NULL,'2017-11-28 15:19:24','2018-01-19 10:42:32'),(57515,1529,NULL,'MEzeogu@salvicpetroleum.com','mezeogu','','Macaulay','Ezeogu','male',NULL,'inactive',NULL,'2017-11-28 15:19:24','2018-01-19 10:42:32'),(57516,1529,NULL,'MOkolie@salvicpetroleum.com','mokolie','','Marcel','Okolie','male',NULL,'inactive',NULL,'2017-11-28 15:19:24','2018-01-19 10:42:32'),(57517,1529,NULL,'MFatayiWilliams@salvicpetroleum.com','mfatayiwilliams','','Marie','FatayiWilliams','male',NULL,'inactive',NULL,'2017-11-28 15:19:24','2018-01-19 10:42:32'),(57518,1529,NULL,'MediaComm@salvicpetroleum.com','mediacomm','','Media','Comm','male',NULL,'inactive',NULL,'2017-11-28 15:19:24','2018-01-19 10:42:32'),(57519,1529,NULL,'MOkurude@salvicpetroleum.com','mokurude','','Michael','Okurude','male',NULL,'inactive',NULL,'2017-11-28 15:19:24','2018-01-19 10:42:32'),(57520,1529,NULL,'MOparah@salvicpetroleum.com','moparah','','Miracle','Oparah','male',NULL,'inactive',NULL,'2017-11-28 15:19:24','2018-01-19 10:42:32'),(57521,1529,NULL,'MHayatuden@salvicpetroleum.com','mhayatuden','','Mohamed','Hayatuden','male',NULL,'inactive',NULL,'2017-11-28 15:19:24','2018-01-19 10:42:32'),(57522,1529,NULL,'MOyenekan@salvicpetroleum.com','moyenekan','','Mopelola','Oyenekan','male',NULL,'inactive',NULL,'2017-11-28 15:19:24','2018-01-19 10:42:32'),(57523,1529,NULL,'MNwamba@salvicpetroleum.com','mnwamba','','Morgan','Nwamba','male',NULL,'inactive',NULL,'2017-11-28 15:19:24','2018-01-19 10:42:32'),(57524,1529,NULL,'MOlise@salvicpetroleum.com','molise','','Moses','Olise','male',NULL,'inactive',NULL,'2017-11-28 15:19:24','2018-01-19 10:42:32'),(57525,1529,NULL,'MSaadu@salvicpetroleum.com','msaadu','','Musa','Saadu','male',NULL,'inactive',NULL,'2017-11-28 15:19:24','2018-01-19 10:42:32'),(57526,1529,NULL,'NLazson@salvicpetroleum.com','nlazson','','Nchekwube','Lazson','male',NULL,'inactive',NULL,'2017-11-28 15:19:24','2018-01-19 10:42:32'),(57527,1529,NULL,'NUnanka@salvicpetroleum.com','nunanka','','Nduka','Unanka','male',NULL,'inactive',NULL,'2017-11-28 15:19:24','2018-01-19 10:42:32'),(57528,1529,NULL,'NOkolo@salvicpetroleum.com','nokolo','','Nnadozie','Okolo','male',NULL,'inactive',NULL,'2017-11-28 15:19:24','2018-01-19 10:42:32'),(57529,1529,NULL,'OEkweozor@salvicpetroleum.com','oekweozor','','Obi','Ekweozor','male',NULL,'inactive',NULL,'2017-11-28 15:19:24','2018-01-19 10:42:32'),(57530,1529,NULL,'OOnyemeh@salvicpetroleum.com','oonyemeh','','Obiajulu Nnaya','Onyemeh','male',NULL,'inactive',NULL,'2017-11-28 15:19:24','2018-01-19 10:42:32'),(57531,1529,NULL,'OObiajulu@salvicpetroleum.com','oobiajulu','','Obieze','Obiajulu','male',NULL,'inactive',NULL,'2017-11-28 15:19:24','2018-01-19 10:42:32'),(57532,1528,1,'OAkahara@salvicpetroleum.com','oakahara','','Obinna','Akahara','male',NULL,'inactive',NULL,'2017-11-28 15:19:24','2018-01-19 10:42:32'),(57533,1529,NULL,'OAmadi@salvicpetroleum.com','oamadi','','Obinna','Amadi','male',NULL,'inactive',NULL,'2017-11-28 15:19:24','2018-01-19 10:42:32'),(57534,1529,NULL,'OEzeagu@salvicpetroleum.com','oezeagu','','Obinna','Ezeagu','male',NULL,'inactive',NULL,'2017-11-28 15:19:24','2018-01-19 10:42:32'),(57535,1529,NULL,'OUyaemesi@salvicpetroleum.com','ouyaemesi','','Obumneme','Uyaemesi','male',NULL,'inactive',NULL,'2017-11-28 15:19:25','2018-01-19 10:42:32'),(57536,1529,NULL,'FOnovo@salvicpetroleum.com','fonovo','','Odinaka','Onovo','male',NULL,'inactive',NULL,'2017-11-28 15:19:25','2018-01-19 10:42:32'),(57537,1529,NULL,'OUmoren@salvicpetroleum.com','oumoren','','Odudu','Umoren','male',NULL,'inactive',NULL,'2017-11-28 15:19:25','2018-01-19 10:42:32'),(57538,1529,NULL,'OEke@salvicpetroleum.com','oeke','','Ogburu','Eke','male',NULL,'inactive',NULL,'2017-11-28 15:19:25','2018-01-19 10:42:32'),(57539,1529,NULL,'OOkolo@salvicpetroleum.com','ookolo','','Ogechukwu','Okolo','male',NULL,'inactive',NULL,'2017-11-28 15:19:25','2018-01-19 10:42:32'),(57540,1529,NULL,'ONgana@salvicpetroleum.com','ongana','','Okechukwu Collins','Ngana','male',NULL,'inactive',NULL,'2017-11-28 15:19:25','2018-01-19 10:42:32'),(57541,1529,NULL,'OHenry@salvicpetroleum.com','ohenry','','Okee','Henry','male',NULL,'inactive',NULL,'2017-11-28 15:19:25','2018-01-19 10:42:32'),(57542,1529,NULL,'OEkeocha@salvicpetroleum.com','oekeocha','','Okey','Ekeocha','male',NULL,'inactive',NULL,'2017-11-28 15:19:25','2018-01-19 10:42:32'),(57543,1529,NULL,'OOkpon@salvicpetroleum.com','ookpon','','Okpon','Okpon','male',NULL,'inactive',NULL,'2017-11-28 15:19:25','2018-01-19 10:42:32'),(57544,1529,NULL,'OOdedeyi@salvicpetroleum.com','oodedeyi','','Olalekan','Odedeyi','male',NULL,'inactive',NULL,'2017-11-28 15:19:25','2018-01-19 10:42:32'),(57545,1529,NULL,'OAdeoye@salvicpetroleum.com','oadeoye','','Olanike','Adeoye','male',NULL,'inactive',NULL,'2017-11-28 15:19:25','2018-01-19 10:42:32'),(57546,1529,NULL,'OlaniwunAjayi@salvicpetroleum.com','olaniwunajayi','','OlaniwunAjayi','Gulfstream','male',NULL,'inactive',NULL,'2017-11-28 15:19:25','2018-01-19 10:42:32'),(57547,1529,NULL,'OEmeka-Oboti@salvicpetroleum.com','oemeka-oboti','','Oluchi','Emeka-Oboti','male',NULL,'inactive',NULL,'2017-11-28 15:19:25','2018-01-19 10:42:32'),(57548,1529,NULL,'OOyebanji@salvicpetroleum.com','ooyebanji','','Olusegun','Oyebanji','male',NULL,'inactive',NULL,'2017-11-28 15:19:25','2018-01-19 10:42:32'),(57549,1529,NULL,'OOlorunyomi@salvicpetroleum.com','oolorunyomi','','Oluseyi','Olorunyomi','male',NULL,'inactive',NULL,'2017-11-28 15:19:25','2018-01-19 10:42:32'),(57550,1529,NULL,'OOlominu@salvicpetroleum.com','oolominu','','Oluwafemi','Olominu','male',NULL,'inactive',NULL,'2017-11-28 15:19:25','2018-01-19 10:42:32'),(57551,1529,NULL,'OAluko@salvicpetroleum.com','oaluko','','Oluwakemi','Aluko','male',NULL,'inactive',NULL,'2017-11-28 15:19:25','2018-01-19 10:42:32'),(57552,1529,NULL,'OAjiborisha@salvicpetroleum.com','oajiborisha','','Oluwatope','Ajiborisha','male',NULL,'inactive',NULL,'2017-11-28 15:19:25','2018-01-19 10:42:32'),(57553,1529,NULL,'oml30facilities@salvicpetroleum.com','oml30facilities','','OML30Facilities','','male',NULL,'inactive',NULL,'2017-11-28 15:19:25','2018-01-19 10:41:34'),(57554,1529,NULL,'OBeckles@salvicpetroleum.com','obeckles','','Onyinyechi','Beckles','male',NULL,'inactive',NULL,'2017-11-28 15:19:25','2018-01-19 10:42:32'),(57555,1529,NULL,'OIkoko@salvicpetroleum.com','oikoko','','Ovie','Ikoko','male',NULL,'inactive',NULL,'2017-11-28 15:19:25','2018-01-19 10:42:32'),(57556,1529,NULL,'OOdukale@salvicpetroleum.com','oodukale','','Oye','Odukale','male',NULL,'inactive',NULL,'2017-11-28 15:19:25','2018-01-19 10:42:32'),(57557,1531,6,'ParkViewConferenceRoom@salvicpetroleum.com','parkviewconferenceroom','','Park-View','Conference-Room','male',NULL,'inactive',NULL,'2017-11-28 15:19:25','2018-01-19 10:42:32'),(57558,1529,NULL,'PNdu@salvicpetroleum.com','pndu','','Paul','Ndu','male',NULL,'inactive',NULL,'2017-11-28 15:19:25','2018-01-19 10:42:32'),(57559,1529,NULL,'PAigba@salvicpetroleum.com','paigba','','Peter','Aigba','male',NULL,'inactive',NULL,'2017-11-28 15:19:25','2018-01-19 10:42:32'),(57560,1529,NULL,'PMogbolu@salvicpetroleum.com','pmogbolu','','Peter','Mogbolu','male',NULL,'inactive',NULL,'2017-11-28 15:19:25','2018-01-19 10:42:32'),(57561,1529,NULL,'PChukwu@salvicpetroleum.com','pchukwu','','Phil','Chukwu','male',NULL,'inactive',NULL,'2017-11-28 15:19:25','2018-01-19 10:42:32'),(57562,1529,NULL,'PAisueni@salvicpetroleum.com','paisueni','','Philip','Aisueni','male',NULL,'inactive',NULL,'2017-11-28 15:19:25','2018-01-19 10:42:32'),(57563,1529,NULL,'PIsah@salvicpetroleum.com','pisah','','Phoebe','Isah','male',NULL,'inactive',NULL,'2017-11-28 15:19:25','2018-01-19 10:42:32'),(57564,1530,11,'prcommercial@salvicpetroleum.com','prcommercial','','PR','Commercial','male',NULL,'inactive',NULL,'2017-11-28 15:19:25','2018-01-19 10:41:34'),(57565,1529,NULL,'PEnwere@salvicpetroleum.com','penwere','','Priscilla','Enwere','male',NULL,'inactive',NULL,'2017-11-28 15:19:25','2018-01-19 10:42:32'),(57566,1529,NULL,'POgbennia@salvicpetroleum.com','pogbennia','','Promise Amarachi','Ogbennia','male',NULL,'inactive',NULL,'2017-11-28 15:19:25','2018-01-19 10:42:32'),(57567,1529,NULL,'pwc@salvicpetroleum.com','pwc','','PWC','Gulfstream','male',NULL,'inactive',NULL,'2017-11-28 15:19:25','2018-01-19 10:41:34'),(57568,1529,NULL,'ORadharani@salvicpetroleum.com','oradharani','','Radharani','Okpu','male',NULL,'inactive',NULL,'2017-11-28 15:19:25','2018-01-19 10:42:32'),(57569,1529,NULL,'RAkaeze@salvicpetroleum.com','rakaeze','','Ralph','Akaeze','male',NULL,'inactive',NULL,'2017-11-28 15:19:25','2018-01-19 10:42:32'),(57570,1529,NULL,'RUruvwewhu@salvicpetroleum.com','ruruvwewhu','','Ramzey','Uruvwewhu','male',NULL,'inactive',NULL,'2017-11-28 15:19:26','2018-01-19 10:42:32'),(57571,1529,NULL,'ROlutola@salvicpetroleum.com','rolutola','','Raphael','Olutola','male',NULL,'inactive',NULL,'2017-11-28 15:19:26','2018-01-19 10:42:32'),(57572,1529,NULL,'RIbe@salvicpetroleum.com','ribe','','Remigius','Ibe','male',NULL,'inactive',NULL,'2017-11-28 15:19:26','2018-01-19 10:42:32'),(57573,1529,NULL,'RIzibili@salvicpetroleum.com','rizibili','','Ronald','Izibili','male',NULL,'inactive',NULL,'2017-11-28 15:19:26','2018-01-19 10:42:32'),(57574,1529,NULL,'RLawuyi@salvicpetroleum.com','rlawuyi','','Rotimi','Lawuyi','male',NULL,'inactive',NULL,'2017-11-28 15:19:26','2018-01-19 10:42:32'),(57575,1529,NULL,'RMejule@salvicpetroleum.com','rmejule','','Rotimi','Mejule','male',NULL,'inactive',NULL,'2017-11-28 15:19:26','2018-01-19 10:42:32'),(57576,1530,9,'SafetyAlertsandLFI@salvicpetroleum.com','safetyalertsandlfi','','SafetyAlerts','LFI','male',NULL,'inactive',NULL,'2017-11-28 15:19:26','2018-01-19 10:42:32'),(57577,1530,15,'salviccorporateaffairs@salvicpetroleum.com','salviccorporateaffairs','','Corporate','Affairs','male',NULL,'inactive',NULL,'2017-11-28 15:19:26','2018-01-19 10:41:34'),(57578,1529,NULL,'salvicdd@salvicpetroleum.com','salvicdd','','Salvic','DD','male',NULL,'inactive',NULL,'2017-11-28 15:19:26','2018-01-19 10:41:34'),(57579,1529,NULL,'SalvicDD-HR@salvicpetroleum.com','salvicdd-hr','','Salvic DD','HR','male',NULL,'inactive',NULL,'2017-11-28 15:19:26','2018-01-19 10:42:32'),(57580,1529,NULL,'SalvicDD-LegalOA@salvicpetroleum.com','salvicdd-legaloa','','Salvic DD','LegalOA','male',NULL,'inactive',NULL,'2017-11-28 15:19:26','2018-01-19 10:42:32'),(57581,1529,NULL,'SalvicDD-LegalWS@salvicpetroleum.com','salvicdd-legalws','','Salvic DD','LegalWS','male',NULL,'inactive',NULL,'2017-11-28 15:19:26','2018-01-19 10:42:32'),(57582,1529,NULL,'SalvicDD-PWC@salvicpetroleum.com','salvicdd-pwc','','Salvic','DD PWC','male',NULL,'inactive',NULL,'2017-11-28 15:19:26','2018-01-19 10:42:32'),(57583,1529,NULL,'SalvicDD-Technical@salvicpetroleum.com','salvicdd-technical','','Salvic DD','Technical','male',NULL,'inactive',NULL,'2017-11-28 15:19:26','2018-01-19 10:42:32'),(57584,1530,2,'hr@salvicpetroleum.com','hr','','Human','Resources','male',NULL,'inactive',NULL,'2017-11-28 15:19:26','2018-01-19 10:41:34'),(57585,1529,NULL,'support@salvicpetroleum.onmicrosoft.com','support','','Charles','Igweze','male',NULL,'inactive',NULL,'2017-11-28 15:19:26','2018-01-19 10:41:34'),(57586,1529,NULL,'SPrinter@salvicpetroleum.com','sprinter','','Salvic','Printer','male',NULL,'inactive',NULL,'2017-11-28 15:19:26','2018-01-19 10:42:32'),(57587,1529,NULL,'SPrinters@salvicpetroleum.com','sprinters','','Salvic','Printers','male',NULL,'inactive',NULL,'2017-11-28 15:19:26','2018-01-19 10:42:32'),(57588,1530,9,'security@salvicpetroleum.com','security','','Security','Hsseq','male',NULL,'inactive',NULL,'2017-11-28 15:19:26','2018-01-19 10:41:34'),(57589,1529,NULL,'SAnimashaun@salvicpetroleum.com','sanimashaun','','Samad','Animashaun','male',NULL,'inactive',NULL,'2017-11-28 15:19:26','2018-01-19 10:42:32'),(57590,1529,NULL,'SAgada@salvicpetroleum.com','sagada','','Sampson','Agada','male',NULL,'inactive',NULL,'2017-11-28 15:19:26','2018-01-19 10:42:32'),(57591,1529,NULL,'SAladekomo@salvicpetroleum.com','saladekomo','','Segun','Aladekomo','male',NULL,'inactive',NULL,'2017-11-28 15:19:26','2018-01-19 10:42:32'),(57592,1529,NULL,'SharePointAdmin@salvicpetroleum.com','sharepointadmin','','SharePoint','Admin','male',NULL,'inactive',NULL,'2017-11-28 15:19:26','2018-01-19 10:42:32'),(57593,1529,NULL,'Shell@salvicpetroleum.com','shell','','Shell','Gulfstream','male',NULL,'inactive',NULL,'2017-11-28 15:19:26','2018-01-19 10:42:32'),(57594,1529,NULL,'SMajithia@salvicpetroleum.com','smajithia','','Shree','Majithia','male',NULL,'inactive',NULL,'2017-11-28 15:19:26','2018-01-19 10:42:32'),(57595,1529,NULL,'SOkorieh@salvicpetroleum.com','sokorieh','','Silas','Okorieh','male',NULL,'inactive',NULL,'2017-11-28 15:19:27','2018-01-19 10:42:32'),(57596,1529,NULL,'SChilaka@salvicpetroleum.com','schilaka','','Simeon','Chilaka','male',NULL,'inactive',NULL,'2017-11-28 15:19:27','2018-01-19 10:42:32'),(57597,1529,NULL,'SUkpaka@salvicpetroleum.com','sukpaka','','Simon','Ukpaka','male',NULL,'inactive',NULL,'2017-11-28 15:19:27','2018-01-19 10:42:32'),(57598,1529,NULL,'SAdobor@salvicpetroleum.com','sadobor','','Solomon','Adobor','male',NULL,'inactive',NULL,'2017-11-28 15:19:27','2018-01-19 10:42:32'),(57599,1529,NULL,'SAliu@salvicpetroleum.com','saliu','','Solomon','Aliu','male',NULL,'inactive',NULL,'2017-11-28 15:19:27','2018-01-19 10:42:32'),(57600,1529,NULL,'SEjowhomu@salvicpetroleum.com','sejowhomu','','Solomon','Arharhire','male',NULL,'inactive',NULL,'2017-11-28 15:19:27','2018-01-19 10:42:32'),(57601,1529,NULL,'SMamza@salvicpetroleum.com','smamza','','Solomon','Mamza','male',NULL,'inactive',NULL,'2017-11-28 15:19:27','2018-01-19 10:42:32'),(57602,1529,NULL,'SBanye@salvicpetroleum.com','sbanye','','Sophie','Banye','male',NULL,'inactive',NULL,'2017-11-28 15:19:27','2018-01-19 10:42:32'),(57603,1528,1,'SPeter@salvicpetroleum.com','speter','','Stanley','Peter','male',NULL,'inactive',NULL,'2017-11-28 15:19:27','2018-01-19 10:42:32'),(57604,1529,NULL,'SIbrighademor@salvicpetroleum.com','sibrighademor','','Stephen','Ibrighademor','male',NULL,'inactive',NULL,'2017-11-28 15:19:27','2018-01-19 10:42:32'),(57605,1529,NULL,'SKoko@salvicpetroleum.com','skoko','','Stephen','Koko','male',NULL,'inactive',NULL,'2017-11-28 15:19:27','2018-01-19 10:42:32'),(57606,1529,NULL,'SHaliru@salvicpetroleum.com','shaliru','','Suleiman','Haliru','male',NULL,'inactive',NULL,'2017-11-28 15:19:27','2018-01-19 10:42:33'),(57607,1529,NULL,'SEghuvwakpor@salvicpetroleum.com','seghuvwakpor','','Sunday','Eghuvwakpor','male',NULL,'inactive',NULL,'2017-11-28 15:19:27','2018-01-19 10:42:33'),(57608,1529,NULL,'SAghanwa@salvicpetroleum.com','saghanwa','','Sunny','Aghanwa','male',NULL,'inactive',NULL,'2017-11-28 15:19:27','2018-01-19 10:42:33'),(57609,1529,NULL,'TEkiyor-Katimi@salvicpetroleum.com','tekiyor-katimi','','Theophilus','Ekiyor-Katimi','male',NULL,'inactive',NULL,'2017-11-28 15:19:27','2018-01-19 10:42:33'),(57610,1529,NULL,'TIgani@salvicpetroleum.com','tigani','','Theophilus','Igani','male',NULL,'inactive',NULL,'2017-11-28 15:19:27','2018-01-19 10:42:33'),(57611,1529,NULL,'TAbidde@salvicpetroleum.com','tabidde','','Timothy','Abbide','male',NULL,'inactive',NULL,'2017-11-28 15:19:27','2018-01-19 10:42:33'),(57612,1529,NULL,'TOmopo@salvicpetroleum.com','tomopo','','Titilope','Omopo','male',NULL,'inactive',NULL,'2017-11-28 15:19:27','2018-01-19 10:42:33'),(57613,1529,NULL,'TEchesi@salvicpetroleum.com','techesi','','Tochukwu','Echesi','male',NULL,'inactive',NULL,'2017-11-28 15:19:27','2018-01-19 10:42:33'),(57614,1529,NULL,'TIkpeama@salvicpetroleum.com','tikpeama','','Tochukwu','Ikpeama','male',NULL,'inactive',NULL,'2017-11-28 15:19:27','2018-01-19 10:42:33'),(57615,1529,NULL,'TOrakwue@salvicpetroleum.com','torakwue','','Tochukwu','Orakwue','male',NULL,'inactive',NULL,'2017-11-28 15:19:27','2018-01-19 10:42:33'),(57616,1529,NULL,'TJohnny@salvicpetroleum.com','tjohnny','','Tonbebe','Johnny','male',NULL,'inactive',NULL,'2017-11-28 15:19:27','2018-01-19 10:42:33'),(57617,1529,NULL,'UAfam-Anadu@salvicpetroleum.com','uafam-anadu','','Uche','Afam-Anadu','male',NULL,'inactive',NULL,'2017-11-28 15:19:27','2018-01-19 10:42:33'),(57618,1529,NULL,'UAttah@salvicpetroleum.com','uattah','','Uche','Attah','male',NULL,'inactive',NULL,'2017-11-28 15:19:27','2018-01-19 10:42:33'),(57619,1529,NULL,'UAnajemba@salvicpetroleum.com','uanajemba','','Uche','Lotanna-Anajemba','male',NULL,'inactive',NULL,'2017-11-28 15:19:27','2018-01-19 10:42:33'),(57620,1529,NULL,'UKalu@salvicpetroleum.com','ukalu','','Uchechi Grace','Kalu','male',NULL,'inactive',NULL,'2017-11-28 15:19:27','2018-01-19 10:42:33'),(57621,1529,NULL,'UNwankwo@salvicpetroleum.com','unwankwo','','Uchechi','Nwankwo','male',NULL,'inactive',NULL,'2017-11-28 15:19:27','2018-01-19 10:42:33'),(57622,1529,NULL,'UEkemezie@salvicpetroleum.com','uekemezie','','Uchechukwu','Ekemezie','male',NULL,'inactive',NULL,'2017-11-28 15:19:27','2018-01-19 10:42:33'),(57623,1529,NULL,'UOrekyeh@salvicpetroleum.com','uorekyeh','','Uchenna','Orekyeh','male',NULL,'inactive',NULL,'2017-11-28 15:19:27','2018-01-19 10:42:33'),(57624,1529,NULL,'UUmoh@salvicpetroleum.com','uumoh','','Uduak','Umoh','male',NULL,'inactive',NULL,'2017-11-28 15:19:27','2018-01-19 10:42:33'),(57625,1529,NULL,'UNwokolo@salvicpetroleum.com','unwokolo','','Ugochi Julia','Nwokolo','male',NULL,'inactive',NULL,'2017-11-28 15:19:27','2018-01-19 10:42:33'),(57626,1529,NULL,'UYahaya@salvicpetroleum.com','uyahaya','','Umar','Yahaya','male',NULL,'inactive',NULL,'2017-11-28 15:19:27','2018-01-19 10:42:33'),(57627,1529,NULL,'UHashim@salvicpetroleum.com','uhashim','','Usman','Hashim','male',NULL,'inactive',NULL,'2017-11-28 15:19:27','2018-01-19 10:42:33'),(57628,1529,NULL,'UOkoroafor@salvicpetroleum.com','uokoroafor','','Uzoma','Okoroafor','male',NULL,'inactive',NULL,'2017-11-28 15:19:27','2018-01-19 10:42:33'),(57629,1529,NULL,'VNsofor@salvicpetroleum.com','vnsofor','','Vanessa','Nsofor','male',NULL,'inactive',NULL,'2017-11-28 15:19:27','2018-01-19 10:42:33'),(57630,1529,NULL,'VOnwughalu@salvicpetroleum.com','vonwughalu','','Vanessa','Onwughalu','male',NULL,'inactive',NULL,'2017-11-28 15:19:27','2018-01-19 10:42:33'),(57631,1529,NULL,'VKii@salvicpetroleum.com','vkii','','Victor','Kii','male',NULL,'inactive',NULL,'2017-11-28 15:19:27','2018-01-19 10:42:33'),(57632,1529,NULL,'VOkonji@salvicpetroleum.com','vokonji','','Victor','Okonji','male',NULL,'inactive',NULL,'2017-11-28 15:19:28','2018-01-19 10:42:33'),(57633,1529,NULL,'Vitol@salvicpetroleum.com','vitol','','VITOL','Gulfstream','male',NULL,'inactive',NULL,'2017-11-28 15:19:28','2018-01-19 10:42:33'),(57634,1529,NULL,'WOnyeanya@salvicpetroleum.com','wonyeanya','','Wealth','Onyeanya','male',NULL,'inactive',NULL,'2017-11-28 15:19:28','2018-01-19 10:42:33'),(57635,1529,NULL,'Winston@salvicpetroleum.com','winston','','Winston','Gulfstream','male',NULL,'inactive',NULL,'2017-11-28 15:19:28','2018-01-19 10:42:33'),(57636,1529,NULL,'WWobisike@salvicpetroleum.com','wwobisike','','Wobo','Wobisike','male',NULL,'inactive',NULL,'2017-11-28 15:19:28','2018-01-19 10:42:33'),(57637,1529,NULL,'YOmorogbe@salvicpetroleum.com','yomorogbe','','Yinka','Omorogbe','male',NULL,'inactive',NULL,'2017-11-28 15:19:28','2018-01-19 10:42:33'),(57638,1529,NULL,'YAmaefule@salvicpetroleum.com','yamaefule','','Yolanda','Amaefule','male',NULL,'inactive',NULL,'2017-11-28 15:19:28','2018-01-19 10:42:33'),(57642,1531,7,'abbey@court.com','abbey',NULL,'Abbey','Court','male',NULL,'inactive',NULL,'2017-12-12 10:19:00','2018-01-19 10:41:34'),(57643,1530,1,'itunit@salvicpetroleum.com','itunit',NULL,'IT','Unit','male',NULL,'inactive',NULL,'2017-12-19 09:48:52','2018-01-19 10:41:34'),(57644,1529,32,'pmembu@salvicpetroleum.com','pmembu',NULL,'Paul','Membu','male','18010300','inactive',NULL,'2018-01-10 16:35:55','2018-01-19 10:41:34');
/*!40000 ALTER TABLE `users` ENABLE KEYS */;
UNLOCK TABLES;
/*!40103 SET TIME_ZONE=@OLD_TIME_ZONE */;

/*!40101 SET SQL_MODE=@OLD_SQL_MODE */;
/*!40014 SET FOREIGN_KEY_CHECKS=@OLD_FOREIGN_KEY_CHECKS */;
/*!40014 SET UNIQUE_CHECKS=@OLD_UNIQUE_CHECKS */;
/*!40101 SET CHARACTER_SET_CLIENT=@OLD_CHARACTER_SET_CLIENT */;
/*!40101 SET CHARACTER_SET_RESULTS=@OLD_CHARACTER_SET_RESULTS */;
/*!40101 SET COLLATION_CONNECTION=@OLD_COLLATION_CONNECTION */;
/*!40111 SET SQL_NOTES=@OLD_SQL_NOTES */;

-- Dump completed on 2018-01-25 12:20:59
